/Users/pavluhin/Documents/Projects/lrx-lab/.venv-official/lib/python3.12/site-packages/gepa/core/engine.py:742: UserWarning: cloudpickle is not installed; falling back to standard pickle. Install it with: pip install gepa[full]  or  pip install cloudpickle
  state.save(self.run_dir, use_cloudpickle=self.use_cloudpickle)
Iteration 0: Base program full valset score: 0.9044764957264957 over 30 / 30 examples
Iteration 1: Selected program 0 score: 0.9044764957264957
Iteration 1: Proposed new text for current_candidate: """Tree certifier with refined origins, flexible picks, and multi-axis staircase search."""

import itertools
import math
import time as _time

KEEP = 32
MAX_ORIGIN = 5
MAX_CUT = 12
MAX_STEPS = 9
LEAF_WORDS = 24
CPU_BUDGET = 2.65
EPS = 1e-9


def _reduce(word):
    out = []
    for ch in word:
        if out and out[-1] + ch in ('LR', 'RL', 'XX'):
            out.pop()
        else:
            out.append(ch)
    return ''.join(out)


def _lifts(v, t, perm, m, r):
    n = len(v)
    zeros = [p for p in range(n) if v[p] == 0]
    target = [0] * n
    for p in range(n):
        if v[p]:
            target[p] = (t + v[p] - 1) % n
    for i in range(r):
        target[zeros[i]] = (t + m + perm[i]) % n

    lift_bases = []
    base1 = [((target[p] - p + n // 2) % n) - n // 2 for p in range(n)]
    lift_bases.append(base1)
    if n % 2 == 0:
        base2 = [((target[p] - p + n // 2 - 1) % n) - (n // 2 - 1) for p in range(n)]
        if base2 != base1:
            lift_bases.append(base2)

    res = []
    for rem_base in lift_bases:
        q = sum(rem_base) // n
        if q == 0:
            if rem_base not in res:
                res.append(rem_base)
            continue
        for rev_tie in (False, True):
            rem = list(rem_base)
            order = sorted(range(n), key=lambda p: (rem[p], -p if rev_tie else p), reverse=q > 0)
            for p in order[:abs(q)]:
                rem[p] -= n if q > 0 else -n
            if rem not in res:
                res.append(rem)
    return res


def _sweep(v, rem, t, mode, c_start=0, limit=4000):
    n = len(v)
    a, rem = list(v), list(rem)
    out = []
    c = 0
    if c_start != 0:
        d = c_start % n
        out.append('L' * d if d <= n - d else 'R' * (n - d))
        c = c_start % n

    def must_cross(x):
        return rem[x] - rem[(x + 1) % n] >= 2

    def cross(x):
        y = (x + 1) % n
        rx, ry = rem[x], rem[y]
        if a[x] or a[y]:
            out.append('X')
            a[x], a[y] = a[y], a[x]
        rem[x], rem[y] = ry + 1, rx - 1

    bounce_dir = 1 if mode == 'bounce_L' else -1
    bounce_steps = 0
    while any(rem) and len(out) < limit:
        if mode.startswith('greedy'):
            dirs = (1, -1) if mode == 'greedy' else (-1, 1)
            for dist in range(n):
                found = False
                for sgn in dirs:
                    pos = (c + sgn * dist) % n
                    if must_cross(pos):
                        out.append(('L' if sgn == 1 else 'R') * dist)
                        c = pos
                        found = True
                        break
                if found:
                    break
            else:
                return None
            cross(c)
            continue
        elif mode.startswith('bounce'):
            if must_cross(c):
                cross(c)
                if not any(rem):
                    break
            step_ch = 'L' if bounce_dir == 1 else 'R'
            out.append(step_ch)
            c = (c + bounce_dir) % n
            bounce_steps += 1
            if bounce_steps >= n - 1:
                bounce_dir = -bounce_dir
                bounce_steps = 0
            continue
        if must_cross(c):
            cross(c)
            if not any(rem):
                break
        out.append(mode)
        c = (c + (1 if mode == 'L' else -1)) % n
    if any(rem):
        return None
    d = (t - c) % n
    out.append('L' * d if d <= n - d else 'R' * (n - d))
    return ''.join(out)


def price(v, word):
    n, k = len(v), sum(1 for x in v if x == 0)
    a, j = [], 0
    for x in v:
        if x:
            a.append(x)
        else:
            j += 1
            a.append(-j)
    segs, A, q, d, cz, c = [], [0] * k, 0, 0, [0] * k, 0
    for ch in word:
        if ch == 'L':
            d += 1
            if a[c] < 0:
                cz[-a[c] - 1] += 1
            c = (c + 1) % n
        elif ch == 'R':
            c = (c - 1) % n
            d -= 1
            if a[c] < 0:
                cz[-a[c] - 1] -= 1
        else:
            c2 = (c + 1) % n
            x, y = a[c], a[c2]
            if x < 0 and y < 0:
                return None
            q += 1
            nxt = [0] * k
            if x < 0:
                cz[-x - 1] += 1
                A[-x - 1] += 1
            elif y < 0:
                A[-y - 1] += 1
                nxt[-y - 1] = -1
            segs.append((d, cz))
            d, cz = 0, nxt
            a[c], a[c2] = y, x
    segs.append((d, cz))
    fin = a[c:] + a[:c]
    m = n - k
    if fin[:m] != list(range(1, m + 1)):
        return None
    B = q + sum(abs(s) for s, _ in segs)
    beta = [2 * A[i] + sum(abs(z[i]) for _, z in segs) for i in range(k)]
    return B, beta


def _budget(m, r):
    return m * (m + 1) // 2 + (r - 1) * (m - 2)


def _refine(v, origins):
    out, j = [], 0
    for x in v:
        if x:
            out.append(x)
        else:
            out.extend([0] * origins[j])
            j += 1
    return out


def _price_picks(v, word, picks):
    n = len(v)
    k = len(picks)
    blk = {p: j for j, p in enumerate(picks)}
    a, g = [], 0
    for x in v:
        if x:
            a.append(x)
        else:
            a.append(-1 - g)
            g += 1
    m = n - g
    A, q, d, cz, c = [0] * k, 0, 0, [0] * k, 0
    segs = []
    for ch in word:
        if ch == 'L':
            d += 1
            if a[c] < 0 and (-1 - a[c]) in blk:
                cz[blk[-1 - a[c]]] += 1
            c = (c + 1) % n
        elif ch == 'R':
            c = (c - 1) % n
            d -= 1
            if a[c] < 0 and (-1 - a[c]) in blk:
                cz[blk[-1 - a[c]]] -= 1
        else:
            c2 = (c + 1) % n
            x, y = a[c], a[c2]
            if x < 0 and y < 0:
                return None
            q += 1
            nxt = [0] * k
            if x < 0 and (-1 - x) in blk:
                cz[blk[-1 - x]] += 1
                A[blk[-1 - x]] += 1
            elif y < 0 and (-1 - y) in blk:
                A[blk[-1 - y]] += 1
                nxt[blk[-1 - y]] = -1
            segs.append((d, cz))
            d, cz = 0, nxt
            a[c], a[c2] = y, x
    segs.append((d, cz))
    fin = a[c:] + a[:c]
    if fin[:m] != list(range(1, m + 1)):
        return None
    B = q + sum(abs(s) for s, _ in segs)
    beta = [2 * A[i] + sum(abs(z[i]) for _, z in segs) for i in range(k)]
    return B, beta


def _sweep_words(v, deadline):
    n, m = len(v), max(v)
    r = n - m
    if r <= 4:
        perms = list(itertools.permutations(range(r)))
    else:
        perms = [[(s + i) % r for i in range(r)] for s in range(r)] + [
            [(s + r - 1 - i) % r for i in range(r)] for s in range(r)
        ]
    words = set()
    for t in range(n):
        if _time.process_time() > deadline:
            break
        for perm in perms:
            for rem in _lifts(v, t, perm, m, r):
                for c_start in (0, t) if t != 0 else (0,):
                    for mode in ('L', 'R', 'greedy', 'greedy_R', 'bounce_L', 'bounce_R'):
                        w = _sweep(v, rem, t, mode, c_start=c_start)
                        if w is not None:
                            w = _reduce(w)
                            if len(w) <= 4000:
                                words.add(w)
    return sorted(words, key=lambda w: (len(w), w))


def _pareto(priced):
    best = {}
    for w, B, beta in priced:
        key = (B,) + tuple(beta)
        if key not in best or (len(w), w) < (len(best[key]), best[key]):
            best[key] = w
    keys = sorted(best)
    keep = []
    for x in keys:
        if not any(all(p <= q for p, q in zip(y, x)) for y in keep):
            keep.append(x)
    return [(best[x], x[0], list(x[1:])) for x in keep]


def _simplex(A, b, c):
    rows, cols = len(A), len(c)
    T = []
    for i in range(rows):
        s = -1.0 if b[i] < 0 else 1.0
        T.append([s * x for x in A[i]] + [1.0 if r == i else 0.0 for r in range(rows)] + [s * b[i]])
    basis = list(range(cols, cols + rows))

    def pivot(r, j):
        p = T[r][j]
        T[r] = [x / p for x in T[r]]
        for i in range(rows):
            if i != r and abs(T[i][j]) > 1e-15:
                f = T[i][j]
                T[i] = [x - f * y for x, y in zip(T[i], T[r])]
        basis[r] = j

    def run(cost, allowed):
        for _ in range(2500):
            enter = None
            for j in allowed:
                if j in basis:
                    continue
                if cost[j] - sum(cost[basis[i]] * T[i][j] for i in range(rows)) < -EPS:
                    enter = j
                    break
            if enter is None:
                return True
            cand = [i for i in range(rows) if T[i][enter] > EPS]
            if not cand:
                return False
            r = min(cand, key=lambda i: (T[i][-1] / T[i][enter], basis[i]))
            pivot(r, enter)
        return False

    if not run([0.0] * cols + [1.0] * rows, range(cols + rows)):
        return None
    if sum(T[i][-1] for i in range(rows) if basis[i] >= cols) > 1e-7:
        return None
    for r in range(rows):
        if basis[r] >= cols:
            j = next((j for j in range(cols) if abs(T[r][j]) > EPS and j not in basis), None)
            if j is not None:
                pivot(r, j)
    if not run(list(c) + [0.0] * rows, range(cols)):
        return None
    x = [0.0] * cols
    for i, j in enumerate(basis):
        if j < cols:
            x[j] = T[i][-1]
    return x, sum(ci * xi for ci, xi in zip(c, x))


def _leaf_lp(cols, origins, lo, hi, s, m):
    k = len(lo)
    n = len(cols)
    bnd = [j for j in range(k) if hi[j] is not None]
    T = _budget(m, sum(lo))
    cost = [B + sum(b * (l - o) for b, l, o in zip(beta, lo, origins)) for _, B, beta in cols]
    A = []
    for j in range(k):
        A.append([beta[j] for _, _, beta in cols] + [-1.0 if bj == j else 0.0 for bj in bnd]
                 + [1.0 if i == j else 0.0 for i in range(k)])
    A.append([1.0] * n + [0.0] * (len(bnd) + k))
    c = cost + [hi[j] - lo[j] for j in bnd] + [0.0] * k
    out = _simplex(A, [float(s)] * k + [1.0], c)
    if out is None:
        return False, None
    x, val = out
    return val < T + 1 - 1e-6, x[:n]


def _leaf(cols, origins, weights, picks_rel=None):
    order = sorted(range(len(cols)), key=lambda i: (-weights[i], cols[i][1], i))
    words = [cols[i][0] for i in order if weights[i] > 1e-12]
    for i in order:
        if len(words) >= LEAF_WORDS:
            break
        if cols[i][0] not in words:
            words.append(cols[i][0])
    res = {'words': words[:LEAF_WORDS], 'origins': list(origins)}
    if picks_rel is not None:
        res['picks'] = list(picks_rel)
    return res


def _columns_candidates(v, origins, deadline, raw_words_cache):
    key = tuple(origins)
    if key not in raw_words_cache:
        ref = _refine(v, origins)
        raw_words_cache[key] = (ref, _sweep_words(ref, deadline))
    ref, w_list = raw_words_cache[key]

    k = len(origins)
    cands = []
    pick_combos = [[0] * k]
    for j in range(k):
        if origins[j] > 1:
            for p in range(origins[j]):
                combo = [0] * k
                combo[j] = p
                if combo not in pick_combos:
                    pick_combos.append(combo)

    for p_rel in pick_combos:
        picks = [sum(origins[:j]) + p_rel[j] for j in range(k)]
        priced = []
        for w in w_list:
            p = _price_picks(ref, w, picks)
            if p is not None:
                priced.append((w, p[0], p[1]))
        pareto_priced = _pareto(priced)
        if pareto_priced:
            cands.append((p_rel, pareto_priced))
    return cands


def _staircase(v, m, k, axis, deadline, raw_words_cache):
    s = m - 2
    leaves, l = [], 1
    while len(leaves) < MAX_STEPS and l <= MAX_CUT + 1 and _time.process_time() < deadline:
        origins = [1] * k
        origins[axis] = min(l, MAX_ORIGIN)
        cands = _columns_candidates(v, origins, deadline, raw_words_cache)
        if not cands:
            return None
        lo = [1] * k
        lo[axis] = l

        closed = False
        for p_rel, cols in cands:
            ok, w = _leaf_lp(cols, origins, lo, [None] * k, s, m)
            if ok:
                leaves.append((_leaf(cols, origins, w, p_rel), None))
                closed = True
                break
        if closed:
            tree = leaves[-1][0]
            for node, h in reversed(leaves[:-1]):
                tree = {'j': axis, 't': h, 'le': node, 'ge': tree}
            return tree

        if len(leaves) + 1 >= MAX_STEPS or l > MAX_CUT:
            return None

        best_cand = None
        for p_rel, cols in cands:
            lo_h, hi_h, best_w = l, MAX_CUT, None
            while lo_h <= hi_h:
                mid = (lo_h + hi_h) // 2
                hi = [None] * k
                hi[axis] = mid
                ok, w = _leaf_lp(cols, origins, lo, hi, s, m)
                if ok:
                    best_w, lo_h = (mid, w), mid + 1
                else:
                    hi_h = mid - 1
            if best_w is not None:
                if best_cand is None or best_w[0] > best_cand[1]:
                    best_cand = (p_rel, best_w[0], best_w[1], cols)

        if best_cand is None:
            return None
        p_rel, best_h, best_w, cols = best_cand
        leaves.append((_leaf(cols, origins, best_w, p_rel), best_h))
        l = best_h + 1
    return None


def certify(family):
    start = _time.process_time()
    deadline = start + CPU_BUDGET
    v = family['unit_base']
    m = max(v)
    k = sum(1 for x in v if x == 0)

    raw_words_cache = {}
    unit_cands = _columns_candidates(v, [1] * k, deadline, raw_words_cache)
    unit = unit_cands[0][1] if unit_cands else []

    if unit:
        ok, w = _leaf_lp(unit, [1] * k, [1] * k, [None] * k, m - 2, m)
        if ok:
            root = _leaf(unit, [1] * k, w)
            return {'tree': root, 'note': 'unit root certified'}

    load = [min(beta[j] for _, _, beta in unit) if unit else 0 for j in range(k)]
    sorted_axes = sorted(range(k), key=lambda j: (-load[j], j))

    for axis in sorted_axes:
        if _time.process_time() > deadline:
            break
        tree = _staircase(v, m, k, axis, deadline, raw_words_cache)
        if tree is not None:
            return {'tree': tree, 'note': 'refined-origin staircase on axis %d' % axis}

    words = [cols[0] for cols in unit[:KEEP]] if unit else []
    return {'tree': {'words': words, 'origins': [1] * k}, 'note': 'unbounded fallback'}
Iteration 1: New subsample score 3.0 is not better than old score 3.0, skipping
Iteration 2: Selected program 0 score: 0.9044764957264957
Iteration 2: Proposed new text for current_candidate: """Tree certifier with refined-origin staircases and selective picks.

Certifies LRX sorting bounds on permutation families via unit/refined bases,
using exact Lemma 1 pricing, linear programming, and staircase tree splitting.
"""

import time as _time
import itertools

KEEP = 32
MAX_ORIGIN = 5
MAX_CUT = 12
MAX_STEPS = 9
LEAF_WORDS = 24
CPU_BUDGET = 2.65
EPS = 1e-9


def _reduce(word):
    out = []
    for ch in word:
        if out and out[-1] + ch in ('LR', 'RL', 'XX'):
            out.pop()
        else:
            out.append(ch)
    return ''.join(out)


def _lifts(v, t, perm, m, r):
    n = len(v)
    zeros = [p for p in range(n) if v[p] == 0]
    target = [0] * n
    for p in range(n):
        if v[p]:
            target[p] = (t + v[p] - 1) % n
    for i in range(r):
        target[zeros[i]] = (t + m + perm[i]) % n

    lift_bases = []
    base1 = [((target[p] - p + n // 2) % n) - n // 2 for p in range(n)]
    lift_bases.append(base1)
    if n % 2 == 0:
        base2 = [((target[p] - p + n // 2 - 1) % n) - (n // 2 - 1) for p in range(n)]
        if base2 != base1:
            lift_bases.append(base2)

    res = []
    for rem_base in lift_bases:
        q = sum(rem_base) // n
        if q == 0:
            if rem_base not in res:
                res.append(rem_base)
            continue
        for rev_tie in (False, True):
            rem = list(rem_base)
            order = sorted(range(n), key=lambda p: (rem[p], -p if rev_tie else p), reverse=q > 0)
            for p in order[:abs(q)]:
                rem[p] -= n if q > 0 else -n
            if rem not in res:
                res.append(rem)
    return res


def _sweep(v, rem, t, mode, c_start=0, limit=4000):
    n = len(v)
    a, rem = list(v), list(rem)
    out = []
    c = 0
    if c_start != 0:
        d = c_start % n
        out.append('L' * d if d <= n - d else 'R' * (n - d))
        c = c_start % n

    def must_cross(x):
        return rem[x] - rem[(x + 1) % n] >= 2

    def cross(x):
        y = (x + 1) % n
        rx, ry = rem[x], rem[y]
        if a[x] or a[y]:
            out.append('X')
            a[x], a[y] = a[y], a[x]
        rem[x], rem[y] = ry + 1, rx - 1

    bounce_dir = 1 if mode == 'bounce_L' else -1
    bounce_steps = 0
    while any(rem) and len(out) < limit:
        if mode.startswith('greedy'):
            dirs = (1, -1) if mode == 'greedy' else (-1, 1)
            for dist in range(n):
                found = False
                for sgn in dirs:
                    pos = (c + sgn * dist) % n
                    if must_cross(pos):
                        out.append(('L' if sgn == 1 else 'R') * dist)
                        c = pos
                        found = True
                        break
                if found:
                    break
            else:
                return None
            cross(c)
            continue
        elif mode.startswith('bounce'):
            if must_cross(c):
                cross(c)
                if not any(rem):
                    break
            step_ch = 'L' if bounce_dir == 1 else 'R'
            out.append(step_ch)
            c = (c + bounce_dir) % n
            bounce_steps += 1
            if bounce_steps >= n - 1:
                bounce_dir = -bounce_dir
                bounce_steps = 0
            continue
        if must_cross(c):
            cross(c)
            if not any(rem):
                break
        out.append(mode)
        c = (c + (1 if mode == 'L' else -1)) % n
    if any(rem):
        return None
    d = (t - c) % n
    out.append('L' * d if d <= n - d else 'R' * (n - d))
    return ''.join(out)


def price(v, word):
    n, k = len(v), sum(1 for x in v if x == 0)
    a, j = [], 0
    for x in v:
        if x:
            a.append(x)
        else:
            j += 1
            a.append(-j)
    segs, A, q, d, cz, c = [], [0] * k, 0, 0, [0] * k, 0
    for ch in word:
        if ch == 'L':
            d += 1
            if a[c] < 0:
                cz[-a[c] - 1] += 1
            c = (c + 1) % n
        elif ch == 'R':
            c = (c - 1) % n
            d -= 1
            if a[c] < 0:
                cz[-a[c] - 1] -= 1
        else:
            c2 = (c + 1) % n
            x, y = a[c], a[c2]
            if x < 0 and y < 0:
                return None
            q += 1
            nxt = [0] * k
            if x < 0:
                cz[-x - 1] += 1
                A[-x - 1] += 1
            elif y < 0:
                A[-y - 1] += 1
                nxt[-y - 1] = -1
            segs.append((d, cz))
            d, cz = 0, nxt
            a[c], a[c2] = y, x
    segs.append((d, cz))
    fin = a[c:] + a[:c]
    m = n - k
    if fin[:m] != list(range(1, m + 1)):
        return None
    B = q + sum(abs(s) for s, _ in segs)
    beta = [2 * A[i] + sum(abs(z[i]) for _, z in segs) for i in range(k)]
    return B, beta


def _budget(m, r):
    return m * (m + 1) // 2 + (r - 1) * (m - 2)


def _refine(v, origins):
    out, j = [], 0
    for x in v:
        if x:
            out.append(x)
        else:
            out.extend([0] * origins[j])
            j += 1
    return out


def _price_picks(v, word, picks):
    n = len(v)
    k = len(picks)
    blk = {p: j for j, p in enumerate(picks)}
    a, g = [], 0
    for x in v:
        if x:
            a.append(x)
        else:
            a.append(-1 - g)
            g += 1
    m = n - g
    A, q, d, cz, c = [0] * k, 0, 0, [0] * k, 0
    segs = []
    for ch in word:
        if ch == 'L':
            d += 1
            if a[c] < 0 and (-1 - a[c]) in blk:
                cz[blk[-1 - a[c]]] += 1
            c = (c + 1) % n
        elif ch == 'R':
            c = (c - 1) % n
            d -= 1
            if a[c] < 0 and (-1 - a[c]) in blk:
                cz[blk[-1 - a[c]]] -= 1
        else:
            c2 = (c + 1) % n
            x, y = a[c], a[c2]
            if x < 0 and y < 0:
                return None
            q += 1
            nxt = [0] * k
            if x < 0 and (-1 - x) in blk:
                cz[blk[-1 - x]] += 1
                A[blk[-1 - x]] += 1
            elif y < 0 and (-1 - y) in blk:
                A[blk[-1 - y]] += 1
                nxt[blk[-1 - y]] = -1
            segs.append((d, cz))
            d, cz = 0, nxt
            a[c], a[c2] = y, x
    segs.append((d, cz))
    fin = a[c:] + a[:c]
    if fin[:m] != list(range(1, m + 1)):
        return None
    B = q + sum(abs(s) for s, _ in segs)
    beta = [2 * A[i] + sum(abs(z[i]) for _, z in segs) for i in range(k)]
    return B, beta


def _sweep_words(v, deadline):
    n, m = len(v), max(v)
    r = n - m
    if r <= 4:
        perms = list(itertools.permutations(range(r)))
    else:
        perms = [[(s + i) % r for i in range(r)] for s in range(r)] + [
            [(s + r - 1 - i) % r for i in range(r)] for s in range(r)
        ]
        rev = list(reversed(range(r)))
        if rev not in perms:
            perms.append(rev)

    words = set()
    for t in range(n):
        if _time.process_time() > deadline:
            break
        for perm in perms:
            for rem in _lifts(v, t, perm, m, r):
                for c_start in (0, t) if t != 0 else (0,):
                    for mode in ('L', 'R', 'greedy', 'greedy_R', 'bounce_L', 'bounce_R'):
                        w = _sweep(v, rem, t, mode, c_start=c_start)
                        if w is not None:
                            w = _reduce(w)
                            if len(w) <= 4000:
                                words.add(w)
    return sorted(words, key=lambda w: (len(w), w))


def _pareto(priced):
    best = {}
    for w, B, beta in priced:
        key = (B,) + tuple(beta)
        if key not in best or (len(w), w) < (len(best[key]), best[key]):
            best[key] = w
    keys = sorted(best)
    keep = []
    for x in keys:
        if not any(all(p <= q for p, q in zip(y, x)) for y in keep):
            keep.append(x)
    return [(best[x], x[0], list(x[1:])) for x in keep]


def _simplex(A, b, c):
    rows, cols = len(A), len(c)
    T = []
    for i in range(rows):
        s = -1.0 if b[i] < 0 else 1.0
        T.append([s * x for x in A[i]] + [1.0 if r == i else 0.0 for r in range(rows)] + [s * b[i]])
    basis = list(range(cols, cols + rows))

    def pivot(r, j):
        p = T[r][j]
        inv_p = 1.0 / p
        T[r] = [x * inv_p for x in T[r]]
        for i in range(rows):
            if i != r:
                f = T[i][j]
                if abs(f) > 1e-15:
                    T[i] = [x - f * y for x, y in zip(T[i], T[r])]
        basis[r] = j

    def run(cost, allowed):
        for _ in range(2500):
            enter = None
            for j in allowed:
                if j in basis:
                    continue
                red = cost[j] - sum(cost[basis[i]] * T[i][j] for i in range(rows))
                if red < -EPS:
                    enter = j
                    break
            if enter is None:
                return True
            cand = [i for i in range(rows) if T[i][enter] > EPS]
            if not cand:
                return False
            r = min(cand, key=lambda i: (T[i][-1] / T[i][enter], basis[i]))
            pivot(r, enter)
        return False

    if not run([0.0] * cols + [1.0] * rows, range(cols + rows)):
        return None
    if sum(T[i][-1] for i in range(rows) if basis[i] >= cols) > 1e-7:
        return None
    for r in range(rows):
        if basis[r] >= cols:
            j = next((j for j in range(cols) if abs(T[r][j]) > EPS and j not in basis), None)
            if j is not None:
                pivot(r, j)
    if not run(list(c) + [0.0] * rows, range(cols)):
        return None
    x = [0.0] * cols
    for i, j in enumerate(basis):
        if j < cols:
            x[j] = T[i][-1]
    return x, sum(ci * xi for ci, xi in zip(c, x))


def _leaf_lp(cols, origins, lo, hi, s, m):
    k = len(lo)
    n = len(cols)
    bnd = [j for j in range(k) if hi[j] is not None]
    T = _budget(m, sum(lo))
    cost = [B + sum(b * (l - o) for b, l, o in zip(beta, lo, origins)) for _, B, beta in cols]
    A = []
    for j in range(k):
        A.append([beta[j] for _, _, beta in cols] + [-1.0 if bj == j else 0.0 for bj in bnd]
                 + [1.0 if i == j else 0.0 for i in range(k)])
    A.append([1.0] * n + [0.0] * (len(bnd) + k))
    c = cost + [hi[j] - lo[j] for j in bnd] + [0.0] * k
    out = _simplex(A, [float(s)] * k + [1.0], c)
    if out is None:
        return False, None
    x, val = out
    return val < T + 1 - 1e-6, x[:n]


def _leaf(cols, origins, weights, picks=None):
    order = sorted(range(len(cols)), key=lambda i: (-weights[i], cols[i][1], i))
    words = [cols[i][0] for i in order if weights[i] > 1e-12]
    for i in order:
        if len(words) >= LEAF_WORDS:
            break
        if cols[i][0] not in words:
            words.append(cols[i][0])
    res = {'words': words[:LEAF_WORDS], 'origins': list(origins)}
    if picks is not None and any(p != 0 for p in picks):
        res['picks'] = list(picks)
    return res


def _get_leaf_candidate(v, origins, lo, hi, s, m, deadline, raw_words_cache):
    key_orig = tuple(origins)
    if key_orig not in raw_words_cache:
        ref = _refine(v, origins)
        raw_words_cache[key_orig] = (ref, _sweep_words(ref, deadline))
    ref, raw_words = raw_words_cache[key_orig]

    k = len(origins)
    best_res = None
    # For origins[axis] > 1, evaluate stretching first, middle, or last zero atom
    cand_picks_list = []
    split_axes = [j for j in range(k) if origins[j] > 1]
    if not split_axes:
        cand_picks_list.append([0] * k)
    else:
        sax = split_axes[0]
        o_val = origins[sax]
        offset = sum(origins[:sax])
        for p_atom in sorted(set([0, o_val // 2, o_val - 1])):
            p_vec = [0] * k
            p_vec[sax] = p_atom
            cand_picks_list.append(p_vec)

    for p_vec in cand_picks_list:
        if _time.process_time() > deadline:
            break
        abs_picks = [sum(origins[:j]) + p_vec[j] for j in range(k)]
        priced = []
        for w in raw_words:
            p = _price_picks(ref, w, abs_picks)
            if p is not None:
                priced.append((w, p[0], p[1]))
        cols = _pareto(priced)
        if not cols:
            continue
        ok, w = _leaf_lp(cols, origins, lo, hi, s, m)
        if ok:
            return True, cols, origins, w, p_vec
        best_res = (False, cols, origins, None, p_vec)

    if best_res is not None:
        return best_res
    return False, [], origins, None, [0] * k


def _staircase(v, m, k, axis, deadline, raw_words_cache):
    s = m - 2
    leaves, l = [], 1
    while len(leaves) < MAX_STEPS and l <= MAX_CUT + 1 and _time.process_time() < deadline:
        origins = [1] * k
        origins[axis] = min(l, MAX_ORIGIN)
        lo = [1] * k
        lo[axis] = l

        ok, cols, origs, w, p_vec = _get_leaf_candidate(
            v, origins, lo, [None] * k, s, m, deadline, raw_words_cache
        )
        if ok:
            leaf_node = _leaf(cols, origs, w, p_vec)
            leaves.append((leaf_node, None))
            tree = leaves[-1][0]
            for node, h in reversed(leaves[:-1]):
                tree = {'j': axis, 't': h, 'le': node, 'ge': tree}
            return tree

        if len(leaves) + 1 >= MAX_STEPS or l > MAX_CUT:
            return None

        lo_h, hi_h, best = l, MAX_CUT, None
        while lo_h <= hi_h and _time.process_time() < deadline:
            mid = (lo_h + hi_h) // 2
            hi = [None] * k
            hi[axis] = mid
            pass_mid, c_mid, o_mid, w_mid, p_mid = _get_leaf_candidate(
                v, origins, lo, hi, s, m, deadline, raw_words_cache
            )
            if pass_mid:
                best = (mid, c_mid, o_mid, w_mid, p_mid)
                lo_h = mid + 1
            else:
                hi_h = mid - 1

        if best is None:
            return None
        mid, c_best, o_best, w_best, p_best = best
        leaves.append((_leaf(c_best, o_best, w_best, p_best), mid))
        l = mid + 1
    return None


def pool(v):
    n, m = len(v), max(v)
    r = n - m
    words = {}
    if r <= 4:
        perms = list(itertools.permutations(range(r)))
    else:
        perms = [[(s + i) % r for i in range(r)] for s in range(r)] + [
            [(s + r - 1 - i) % r for i in range(r)] for s in range(r)
        ]
        rev = list(reversed(range(r)))
        if rev not in perms:
            perms.append(rev)

    for t in range(n):
        for perm in perms:
            for rem in _lifts(v, t, perm, m, r):
                for c_start in (0, t) if t != 0 else (0,):
                    for mode in ('L', 'R', 'greedy', 'greedy_R', 'bounce_L', 'bounce_R'):
                        w = _sweep(v, rem, t, mode, c_start=c_start)
                        if w is None:
                            continue
                        w = _reduce(w)
                        if w not in words and len(w) <= 4000:
                            cost = price(v, w)
                            if cost is not None:
                                words[w] = cost
    return words


def certify(family):
    start = _time.process_time()
    deadline = start + CPU_BUDGET
    v = family['unit_base']
    m = max(v)
    k = sum(1 for x in v if x == 0)

    unit_words = pool(v)
    word_list = list(unit_words.keys())
    if not word_list:
        return {'words': []}

    T = _budget(m, k)
    costs = []
    for w in word_list:
        B, beta = unit_words[w]
        costs.append([B - T] + [b - (m - 2) for b in beta])

    n_words = len(word_list)
    dim = k + 1
    selected = set()

    for d in range(dim):
        best_idx = min(range(n_words), key=lambda i: (costs[i][d], max(costs[i])))
        selected.add(best_idx)

    for j in range(1, dim):
        pts = sorted(range(n_words), key=lambda i: (costs[i][0], costs[i][j]))
        lower = []
        for p in pts:
            while len(lower) >= 2:
                p1, p2 = lower[-2], lower[-1]
                dx1, dy1 = costs[p2][0] - costs[p1][0], costs[p2][j] - costs[p1][j]
                dx2, dy2 = costs[p][0] - costs[p1][0], costs[p][j] - costs[p1][j]
                if dx1 * dy2 - dy1 * dx2 <= 0:
                    lower.pop()
                else:
                    break
            lower.append(p)
        for idx in lower:
            selected.add(idx)

    for j in range(1, dim):
        for ratio in (0.1, 0.25, 0.5, 1.0, 2.0, 4.0, 10.0):
            best_idx = min(range(n_words), key=lambda i: costs[i][0] + ratio * costs[i][j])
            selected.add(best_idx)

    for alpha in (1.5, 3.0):
        for start_mode in ('min_max', 'min_b'):
            if start_mode == 'min_max':
                cur_idx = min(range(n_words), key=lambda i: (max(costs[i]), costs[i][0]))
            else:
                cur_idx = min(range(n_words), key=lambda i: (costs[i][0], max(costs[i])))
            cur_vec = list(costs[cur_idx])
            selected.add(cur_idx)
            for it in range(1, 35):
                mx = max(cur_vec)
                exps = [min(1e15, 2.718281828459045 ** min(40.0, alpha * (val - mx))) for val in cur_vec]
                tot = sum(exps)
                weights = [e / tot for e in exps]
                best_i = min(range(n_words), key=lambda i: sum(weights[d] * costs[i][d] for d in range(dim)))
                selected.add(best_i)
                gamma = 2.0 / (it + 2)
                for d in range(dim):
                    cur_vec[d] = (1.0 - gamma) * cur_vec[d] + gamma * costs[best_i][d]

    ordered = sorted(selected, key=lambda i: (max(costs[i]), costs[i][0], sum(costs[i])))
    selected_indices = list(ordered[:KEEP])
    if len(selected_indices) < KEEP:
        by_max = sorted(range(n_words), key=lambda i: (max(costs[i]), costs[i][0]))
        for idx in by_max:
            if idx not in selected_indices:
                selected_indices.append(idx)
                if len(selected_indices) >= KEEP:
                    break

    res_words = [word_list[i] for i in selected_indices[:KEEP]]
    root = {'words': res_words, 'origins': [1] * k}

    root_cols = [(w, unit_words[w][0], unit_words[w][1]) for w in res_words]
    ok_root, _ = _leaf_lp(root_cols, [1] * k, [1] * k, [None] * k, m - 2, m)
    if ok_root:
        return {'tree': root}

    raw_words_cache = {tuple([1] * k): (v, [w for w, _ in root_cols])}
    unit_pareto = _pareto([(w, cost[0], cost[1]) for w, cost in unit_words.items()])
    raw_words_cache[tuple([1] * k)] = (v, [w for w, _, _ in unit_pareto])

    load = [min(beta[j] for _, _, beta in unit_pareto) if unit_pareto else 0 for j in range(k)]
    sorted_axes = sorted(range(k), key=lambda j: (-load[j], j))

    for axis in sorted_axes:
        if _time.process_time() > deadline:
            break
        tree = _staircase(v, m, k, axis, deadline, raw_words_cache)
        if tree is not None:
            return {'tree': tree}

    return {'tree': root}
Iteration 2: New subsample score 3.0 is not better than old score 3.0, skipping
Iteration 3: Selected program 0 score: 0.9044764957264957
Iteration 3: Proposed new text for current_candidate: """Tree certifier with multi-origin refined staircase, pick search, and 2-axis splitting."""

import itertools
import math
import time as _time

KEEP = 32
MAX_ORIGIN = 5
MAX_CUT = 12
MAX_STEPS = 9
LEAF_WORDS = 24
CPU_BUDGET = 2.65
EPS = 1e-9


def _reduce(word):
    out = []
    for ch in word:
        if out and out[-1] + ch in ('LR', 'RL', 'XX'):
            out.pop()
        else:
            out.append(ch)
    return ''.join(out)


def _lifts(v, t, perm, m, r):
    n = len(v)
    zeros = [p for p in range(n) if v[p] == 0]
    target = [0] * n
    for p in range(n):
        if v[p]:
            target[p] = (t + v[p] - 1) % n
    for i in range(r):
        target[zeros[i]] = (t + m + perm[i]) % n

    lift_bases = []
    base1 = [((target[p] - p + n // 2) % n) - n // 2 for p in range(n)]
    lift_bases.append(base1)
    if n % 2 == 0:
        base2 = [((target[p] - p + n // 2 - 1) % n) - (n // 2 - 1) for p in range(n)]
        if base2 != base1:
            lift_bases.append(base2)

    res = []
    for rem_base in lift_bases:
        q = sum(rem_base) // n
        if q == 0:
            if rem_base not in res:
                res.append(rem_base)
            continue
        for rev_tie in (False, True):
            rem = list(rem_base)
            order = sorted(range(n), key=lambda p: (rem[p], -p if rev_tie else p), reverse=q > 0)
            for p in order[:abs(q)]:
                rem[p] -= n if q > 0 else -n
            if rem not in res:
                res.append(rem)
    return res


def _sweep(v, rem, t, mode, c_start=0, limit=4000):
    n = len(v)
    a, rem = list(v), list(rem)
    out = []
    c = 0
    if c_start != 0:
        d = c_start % n
        out.append('L' * d if d <= n - d else 'R' * (n - d))
        c = c_start % n

    def must_cross(x):
        return rem[x] - rem[(x + 1) % n] >= 2

    def cross(x):
        y = (x + 1) % n
        rx, ry = rem[x], rem[y]
        if a[x] or a[y]:
            out.append('X')
            a[x], a[y] = a[y], a[x]
        rem[x], rem[y] = ry + 1, rx - 1

    bounce_dir = 1 if mode == 'bounce_L' else -1
    bounce_steps = 0
    while any(rem) and len(out) < limit:
        if mode.startswith('greedy'):
            dirs = (1, -1) if mode == 'greedy' else (-1, 1)
            for dist in range(n):
                found = False
                for sgn in dirs:
                    pos = (c + sgn * dist) % n
                    if must_cross(pos):
                        out.append(('L' if sgn == 1 else 'R') * dist)
                        c = pos
                        found = True
                        break
                if found:
                    break
            else:
                return None
            cross(c)
            continue
        elif mode.startswith('bounce'):
            if must_cross(c):
                cross(c)
                if not any(rem):
                    break
            step_ch = 'L' if bounce_dir == 1 else 'R'
            out.append(step_ch)
            c = (c + bounce_dir) % n
            bounce_steps += 1
            if bounce_steps >= n - 1:
                bounce_dir = -bounce_dir
                bounce_steps = 0
            continue
        if must_cross(c):
            cross(c)
            if not any(rem):
                break
        out.append(mode)
        c = (c + (1 if mode == 'L' else -1)) % n
    if any(rem):
        return None
    d = (t - c) % n
    out.append('L' * d if d <= n - d else 'R' * (n - d))
    return ''.join(out)


def price(v, word):
    n, k = len(v), sum(1 for x in v if x == 0)
    a, j = [], 0
    for x in v:
        if x:
            a.append(x)
        else:
            j += 1
            a.append(-j)
    segs, A, q, d, cz, c = [], [0] * k, 0, 0, [0] * k, 0
    for ch in word:
        if ch == 'L':
            d += 1
            if a[c] < 0:
                cz[-a[c] - 1] += 1
            c = (c + 1) % n
        elif ch == 'R':
            c = (c - 1) % n
            d -= 1
            if a[c] < 0:
                cz[-a[c] - 1] -= 1
        else:
            c2 = (c + 1) % n
            x, y = a[c], a[c2]
            if x < 0 and y < 0:
                return None
            q += 1
            nxt = [0] * k
            if x < 0:
                cz[-x - 1] += 1
                A[-x - 1] += 1
            elif y < 0:
                A[-y - 1] += 1
                nxt[-y - 1] = -1
            segs.append((d, cz))
            d, cz = 0, nxt
            a[c], a[c2] = y, x
    segs.append((d, cz))
    fin = a[c:] + a[:c]
    m = n - k
    if fin[:m] != list(range(1, m + 1)):
        return None
    B = q + sum(abs(s) for s, _ in segs)
    beta = [2 * A[i] + sum(abs(z[i]) for _, z in segs) for i in range(k)]
    return B, beta


def _price_picks(v, word, picks):
    n = len(v)
    k = len(picks)
    blk = {p: j for j, p in enumerate(picks)}
    a, g = [], 0
    for x in v:
        if x:
            a.append(x)
        else:
            a.append(-1 - g)
            g += 1
    m = n - g
    A, q, d, cz, c = [0] * k, 0, 0, [0] * k, 0
    segs = []
    for ch in word:
        if ch == 'L':
            d += 1
            if a[c] < 0 and (-1 - a[c]) in blk:
                cz[blk[-1 - a[c]]] += 1
            c = (c + 1) % n
        elif ch == 'R':
            c = (c - 1) % n
            d -= 1
            if a[c] < 0 and (-1 - a[c]) in blk:
                cz[blk[-1 - a[c]]] -= 1
        else:
            c2 = (c + 1) % n
            x, y = a[c], a[c2]
            if x < 0 and y < 0:
                return None
            q += 1
            nxt = [0] * k
            if x < 0 and (-1 - x) in blk:
                cz[blk[-1 - x]] += 1
                A[blk[-1 - x]] += 1
            elif y < 0 and (-1 - y) in blk:
                A[blk[-1 - y]] += 1
                nxt[blk[-1 - y]] = -1
            segs.append((d, cz))
            d, cz = 0, nxt
            a[c], a[c2] = y, x
    segs.append((d, cz))
    fin = a[c:] + a[:c]
    if fin[:m] != list(range(1, m + 1)):
        return None
    B = q + sum(abs(s) for s, _ in segs)
    beta = [2 * A[i] + sum(abs(z[i]) for _, z in segs) for i in range(k)]
    return B, beta


def _budget(m, r):
    return m * (m + 1) // 2 + (r - 1) * (m - 2)


def _refine(v, origins):
    out, j = [], 0
    for x in v:
        if x:
            out.append(x)
        else:
            out.extend([0] * origins[j])
            j += 1
    return out


def _sweep_words(v, deadline):
    n, m = len(v), max(v)
    r = n - m
    if r <= 4:
        perms = list(itertools.permutations(range(r)))
    else:
        perms = [[(s + i) % r for i in range(r)] for s in range(r)] + [
            [(s + r - 1 - i) % r for i in range(r)] for s in range(r)]
    words = set()
    for t in range(n):
        if _time.process_time() > deadline:
            break
        for perm in perms:
            for rem in _lifts(v, t, perm, m, r):
                for c_start in (0, t) if t != 0 else (0,):
                    for mode in ('L', 'R', 'greedy', 'greedy_R', 'bounce_L', 'bounce_R'):
                        w = _sweep(v, rem, t, mode, c_start=c_start)
                        if w is not None:
                            w = _reduce(w)
                            if len(w) <= 4000:
                                words.add(w)
    return sorted(words, key=lambda w: (len(w), w))


def _pareto(priced):
    best = {}
    for w, B, beta in priced:
        key = (B,) + tuple(beta)
        if key not in best or (len(w), w) < (len(best[key]), best[key]):
            best[key] = w
    keys = sorted(best)
    keep = []
    for x in keys:
        if not any(all(p <= q for p, q in zip(y, x)) for y in keep):
            keep.append(x)
    return [(best[x], x[0], list(x[1:])) for x in keep]


def _simplex(A, b, c):
    rows, cols = len(A), len(c)
    T = []
    for i in range(rows):
        s = -1.0 if b[i] < 0 else 1.0
        T.append([s * x for x in A[i]] + [1.0 if r == i else 0.0 for r in range(rows)] + [s * b[i]])
    basis = list(range(cols, cols + rows))

    def pivot(r, j):
        p = T[r][j]
        T[r] = [x / p for x in T[r]]
        for i in range(rows):
            if i != r and abs(T[i][j]) > 1e-15:
                f = T[i][j]
                T[i] = [x - f * y for x, y in zip(T[i], T[r])]
        basis[r] = j

    def run(cost, allowed):
        for _ in range(2500):
            enter = None
            for j in allowed:
                if j in basis:
                    continue
                if cost[j] - sum(cost[basis[i]] * T[i][j] for i in range(rows)) < -EPS:
                    enter = j
                    break
            if enter is None:
                return True
            cand = [i for i in range(rows) if T[i][enter] > EPS]
            if not cand:
                return False
            r = min(cand, key=lambda i: (T[i][-1] / T[i][enter], basis[i]))
            pivot(r, enter)
        return False

    if not run([0.0] * cols + [1.0] * rows, range(cols + rows)):
        return None
    if sum(T[i][-1] for i in range(rows) if basis[i] >= cols) > 1e-7:
        return None
    for r in range(rows):
        if basis[r] >= cols:
            j = next((j for j in range(cols) if abs(T[r][j]) > EPS and j not in basis), None)
            if j is not None:
                pivot(r, j)
    if not run(list(c) + [0.0] * rows, range(cols)):
        return None
    x = [0.0] * cols
    for i, j in enumerate(basis):
        if j < cols:
            x[j] = T[i][-1]
    return x, sum(ci * xi for ci, xi in zip(c, x))


def _leaf_lp(cols, origins, lo, hi, s, m):
    k = len(lo)
    n = len(cols)
    bnd = [j for j in range(k) if hi[j] is not None]
    T = _budget(m, sum(lo))
    cost = [B + sum(b * (l - o) for b, l, o in zip(beta, lo, origins)) for _, B, beta in cols]
    A = []
    for j in range(k):
        A.append([beta[j] for _, _, beta in cols] + [-1.0 if bj == j else 0.0 for bj in bnd]
                 + [1.0 if i == j else 0.0 for i in range(k)])
    A.append([1.0] * n + [0.0] * (len(bnd) + k))
    c = cost + [hi[j] - lo[j] for j in bnd] + [0.0] * k
    out = _simplex(A, [float(s)] * k + [1.0], c)
    if out is None:
        return False, None
    x, val = out
    return val < T + 1 - 1e-6, x[:n]


def _make_leaf(cols, origins, picks, weights):
    order = sorted(range(len(cols)), key=lambda i: (-weights[i], cols[i][1], i))
    words = [cols[i][0] for i in order if weights[i] > 1e-12]
    for i in order:
        if len(words) >= LEAF_WORDS:
            break
        if cols[i][0] not in words:
            words.append(cols[i][0])
    res = {'words': words[:LEAF_WORDS], 'origins': list(origins)}
    if picks and any(p != 0 for p in picks):
        # convert local pick index to global zero atom index
        base_offsets = [sum(origins[:j]) for j in range(len(origins))]
        res['picks'] = [base_offsets[j] + picks[j] for j in range(len(origins))]
    return res


def _get_sweep_words_cached(v, origins, deadline, raw_cache):
    key = tuple(origins)
    if key not in raw_cache:
        ref = _refine(v, origins)
        raw_cache[key] = (ref, _sweep_words(ref, deadline))
    return raw_cache[key]


def _get_columns_with_picks(v, origins, picks_local, deadline, raw_cache, col_cache):
    key = (tuple(origins), tuple(picks_local))
    if key not in col_cache:
        ref, sw = _get_sweep_words_cached(v, origins, deadline, raw_cache)
        base_offsets = [sum(origins[:j]) for j in range(len(origins))]
        global_picks = [base_offsets[j] + picks_local[j] for j in range(len(origins))]
        priced = []
        for w in sw:
            p = _price_picks(ref, w, global_picks)
            if p is not None:
                priced.append((w, p[0], p[1]))
        col_cache[key] = _pareto(priced)
    return col_cache[key]


def _select_c2_words(v, words):
    word_list = list(words.keys())
    m = max(v)
    k = sum(1 for x in v if x == 0)
    T = m * (m + 1) // 2 + (k - 1) * (m - 2)

    costs = []
    for w in word_list:
        B, beta = words[w]
        costs.append([B - T] + [b - (m - 2) for b in beta])

    n_words = len(word_list)
    dim = k + 1
    hull_indices = set()

    for d in range(dim):
        hull_indices.add(min(range(n_words), key=lambda i: (costs[i][d], max(costs[i]))))

    for j in range(1, dim):
        pts = sorted(range(n_words), key=lambda i: (costs[i][0], costs[i][j]))
        lower = []
        for p in pts:
            while len(lower) >= 2:
                p1, p2 = lower[-2], lower[-1]
                dx1, dy1 = costs[p2][0] - costs[p1][0], costs[p2][j] - costs[p1][j]
                dx2, dy2 = costs[p][0] - costs[p1][0], costs[p][j] - costs[p1][j]
                if dx1 * dy2 - dy1 * dx2 <= 0:
                    lower.pop()
                else:
                    break
            lower.append(p)
        for idx in lower:
            hull_indices.add(idx)

    for j in range(1, dim):
        for ratio in (0.1, 0.25, 0.5, 1.0, 2.0, 4.0, 10.0):
            hull_indices.add(min(range(n_words), key=lambda i: costs[i][0] + ratio * costs[i][j]))

    for alpha in (1.5, 3.0):
        for start_mode in ('min_max', 'min_b'):
            cur_idx = min(range(n_words), key=lambda i: (max(costs[i]), costs[i][0]) if start_mode == 'min_max'
                          else (costs[i][0], max(costs[i])))
            cur_vec = list(costs[cur_idx])
            hull_indices.add(cur_idx)
            for it in range(1, 40):
                mx = max(cur_vec)
                exps = [math.exp(min(50.0, alpha * (val - mx))) for val in cur_vec]
                tot = sum(exps)
                weights = [e / tot for e in exps]
                best_i = min(range(n_words), key=lambda i: sum(weights[d] * costs[i][d] for d in range(dim)))
                hull_indices.add(best_i)
                gamma = 2.0 / (it + 2)
                for d in range(dim):
                    cur_vec[d] = (1.0 - gamma) * cur_vec[d] + gamma * costs[best_i][d]

    ordered = sorted(hull_indices, key=lambda i: (max(costs[i]), costs[i][0], sum(costs[i])))
    selected_indices = list(ordered[:KEEP])
    if len(selected_indices) < KEEP:
        by_max = sorted(range(n_words), key=lambda i: (max(costs[i]), costs[i][0]))
        for idx in by_max:
            if idx not in selected_indices:
                selected_indices.append(idx)
                if len(selected_indices) >= KEEP:
                    break

    return [word_list[i] for i in selected_indices[:KEEP]]


def _try_solve_leaf(v, k, lo, hi, axis, s, m, deadline, raw_cache, col_cache):
    """Attempt to solve box [lo, hi] trying varying origins and picks on the active axis."""
    l = lo[axis]
    target_origins = [min(l, 1)]
    for o_cand in (min(l, 2), min(l, 3), min(l, 4), min(l, MAX_ORIGIN)):
        if o_cand not in target_origins:
            target_origins.append(o_cand)
    target_origins.reverse()

    for o_val in target_origins:
        origins = [1] * k
        origins[axis] = o_val
        # Try pick at 0, middle, and end of the block
        picks_cand = [0]
        if o_val > 1:
            if o_val - 1 not in picks_cand:
                picks_cand.append(o_val - 1)
            mid = o_val // 2
            if mid not in picks_cand:
                picks_cand.append(mid)

        for p_val in picks_cand:
            if _time.process_time() > deadline:
                return None
            picks_local = [0] * k
            picks_local[axis] = p_val
            cols = _get_columns_with_picks(v, origins, picks_local, deadline, raw_cache, col_cache)
            if not cols:
                continue
            ok, w = _leaf_lp(cols, origins, lo, hi, s, m)
            if ok:
                return cols, origins, picks_local, w
    return None


def _staircase(v, m, k, axis, deadline, raw_cache, col_cache):
    s = m - 2
    leaves, l = [], 1
    while len(leaves) < MAX_STEPS and l <= MAX_CUT + 1 and _time.process_time() < deadline:
        lo = [1] * k
        lo[axis] = l
        hi_inf = [None] * k
        res = _try_solve_leaf(v, k, lo, hi_inf, axis, s, m, deadline, raw_cache, col_cache)
        if res is not None:
            cols, origins, picks_local, w = res
            leaves.append((_make_leaf(cols, origins, picks_local, w), None))
            tree = leaves[-1][0]
            for node, h in reversed(leaves[:-1]):
                tree = {'j': axis, 't': h, 'le': node, 'ge': tree}
            return tree

        if len(leaves) + 1 >= MAX_STEPS or l > MAX_CUT:
            return None

        lo_h, hi_h, best = l, MAX_CUT, None
        while lo_h <= hi_h and _time.process_time() < deadline:
            mid = (lo_h + hi_h) // 2
            hi = [None] * k
            hi[axis] = mid
            res = _try_solve_leaf(v, k, lo, hi, axis, s, m, deadline, raw_cache, col_cache)
            if res is not None:
                best = (mid, res)
                lo_h = mid + 1
            else:
                hi_h = mid - 1
        if best is None:
            return None
        h_cut, (cols, origins, picks_local, w) = best
        leaves.append((_make_leaf(cols, origins, picks_local, w), h_cut))
        l = h_cut + 1
    return None


def _tree_2axes(v, m, k, ax1, ax2, deadline, raw_cache, col_cache):
    """Splits ax1 <= 2 vs ax1 >= 3, then attempts staircase on ax2 for each branch."""
    s = m - 2
    for t_cut in (2, 3, 1):
        if _time.process_time() > deadline:
            break
        # Left branch: u[ax1] in [1, t_cut]
        # Check if unbounded leaf on ax2 passes for this branch
        lo_l = [1] * k
        hi_l = [None] * k
        hi_l[ax1] = t_cut
        res_l = _try_solve_leaf(v, k, lo_l, hi_l, ax2, s, m, deadline, raw_cache, col_cache)
        if res_l is None:
            continue
        # Right branch: u[ax1] in [t_cut+1, inf)
        lo_r = [1] * k
        lo_r[ax1] = t_cut + 1
        hi_r = [None] * k
        res_r = _try_solve_leaf(v, k, lo_r, hi_r, ax2, s, m, deadline, raw_cache, col_cache)
        if res_r is None:
            continue

        leaf_l = _make_leaf(res_l[0], res_l[1], res_l[2], res_l[3])
        leaf_r = _make_leaf(res_r[0], res_r[1], res_r[2], res_r[3])
        return {'j': ax1, 't': t_cut, 'le': leaf_l, 'ge': leaf_r}
    return None


def certify(family):
    start = _time.process_time()
    deadline = start + CPU_BUDGET
    v = family['unit_base']
    m, k = max(v), sum(1 for x in v if x == 0)

    raw_cache = {}
    col_cache = {}

    # Pool on unit base
    ref1, sw1 = _get_sweep_words_cached(v, [1] * k, deadline, raw_cache)
    unit_words = {}
    for w in sw1:
        p = price(v, w)
        if p is not None:
            unit_words[w] = p

    root_words = _select_c2_words(v, unit_words) if unit_words else []
    root = {'words': root_words, 'origins': [1] * k}

    base = [(w, unit_words[w][0], unit_words[w][1]) for w in root_words if w in unit_words]
    if base and _leaf_lp(base, [1] * k, [1] * k, [None] * k, m - 2, m)[0]:
        return {'tree': root, 'note': 'root certified'}

    unit_pareto = _pareto([(w, p[0], p[1]) for w, p in unit_words.items()])
    col_cache[((1,) * k, (0,) * k)] = unit_pareto

    # Rank axes by difficulty
    load = [min(beta[j] for _, _, beta in unit_pareto) if unit_pareto else 0 for j in range(k)]
    sorted_axes = sorted(range(k), key=lambda j: (-load[j], j))

    # Single-axis staircases
    for axis in sorted_axes:
        if _time.process_time() > deadline:
            break
        tree = _staircase(v, m, k, axis, deadline, raw_cache, col_cache)
        if tree is not None:
            return {'tree': tree, 'note': 'refined-origin staircase on axis %d' % axis}

    # Two-axis split fallback
    if k >= 2 and _time.process_time() < deadline:
        ax1, ax2 = sorted_axes[0], sorted_axes[1]
        tree2 = _tree_2axes(v, m, k, ax1, ax2, deadline, raw_cache, col_cache)
        if tree2 is not None:
            return {'tree': tree2, 'note': '2-axis split on axes %d, %d' % (ax1, ax2)}
        tree2_rev = _tree_2axes(v, m, k, ax2, ax1, deadline, raw_cache, col_cache)
        if tree2_rev is not None:
            return {'tree': tree2_rev, 'note': '2-axis split on axes %d, %d' % (ax2, ax1)}

    return {'tree': root, 'note': 'no staircase within budget'}
Iteration 3: New subsample score 3.0 is not better than old score 3.0, skipping
Iteration 4: Selected program 0 score: 0.9044764957264957
Iteration 4: Proposed new text for current_candidate: """Tree certificate builder with refined-origin staircase search and pick selection."""

import itertools
import math
import time as _time

KEEP = 32
MAX_ORIGIN = 5
MAX_CUT = 12
MAX_STEPS = 12
LEAF_WORDS = 16
CPU_BUDGET = 2.45
EPS = 1e-9


def _reduce(word):
    out = []
    for ch in word:
        if out and out[-1] + ch in ('LR', 'RL', 'XX'):
            out.pop()
        else:
            out.append(ch)
    return ''.join(out)


def _lifts(v, t, perm, m, r):
    n = len(v)
    zeros = [p for p in range(n) if v[p] == 0]
    target = [0] * n
    for p in range(n):
        if v[p]:
            target[p] = (t + v[p] - 1) % n
    for i in range(r):
        target[zeros[i]] = (t + m + perm[i]) % n

    lift_bases = [
        [((target[p] - p + n // 2) % n) - n // 2 for p in range(n)]
    ]
    if n % 2 == 0:
        base2 = [((target[p] - p + n // 2 - 1) % n) - (n // 2 - 1) for p in range(n)]
        if base2 != lift_bases[0]:
            lift_bases.append(base2)

    res = []
    for rem_base in lift_bases:
        q = sum(rem_base) // n
        if q == 0:
            if rem_base not in res:
                res.append(rem_base)
            continue
        for rev_tie in (False, True):
            rem = list(rem_base)
            order = sorted(range(n), key=lambda p: (rem[p], -p if rev_tie else p), reverse=q > 0)
            for p in order[:abs(q)]:
                rem[p] -= n if q > 0 else -n
            if rem not in res:
                res.append(rem)
    return res


def _sweep(v, rem, t, mode, c_start=0, limit=4000):
    n = len(v)
    a, rem = list(v), list(rem)
    out = []
    c = 0
    if c_start != 0:
        d = c_start % n
        out.append('L' * d if d <= n - d else 'R' * (n - d))
        c = c_start % n

    def must_cross(x):
        return rem[x] - rem[(x + 1) % n] >= 2

    def cross(x):
        y = (x + 1) % n
        rx, ry = rem[x], rem[y]
        if a[x] or a[y]:
            out.append('X')
            a[x], a[y] = a[y], a[x]
        rem[x], rem[y] = ry + 1, rx - 1

    bounce_dir = 1 if mode == 'bounce_L' else -1
    bounce_steps = 0
    while any(rem) and len(out) < limit:
        if mode.startswith('greedy'):
            dirs = (1, -1) if mode == 'greedy' else (-1, 1)
            for dist in range(n):
                found = False
                for sgn in dirs:
                    pos = (c + sgn * dist) % n
                    if must_cross(pos):
                        out.append(('L' if sgn == 1 else 'R') * dist)
                        c = pos
                        found = True
                        break
                if found:
                    break
            else:
                return None
            cross(c)
            continue
        elif mode.startswith('bounce'):
            if must_cross(c):
                cross(c)
                if not any(rem):
                    break
            step_ch = 'L' if bounce_dir == 1 else 'R'
            out.append(step_ch)
            c = (c + bounce_dir) % n
            bounce_steps += 1
            if bounce_steps >= n - 1:
                bounce_dir = -bounce_dir
                bounce_steps = 0
            continue
        if must_cross(c):
            cross(c)
            if not any(rem):
                break
        out.append(mode)
        c = (c + (1 if mode == 'L' else -1)) % n
    if any(rem):
        return None
    d = (t - c) % n
    out.append('L' * d if d <= n - d else 'R' * (n - d))
    return ''.join(out)


def price(v, word):
    n, k = len(v), sum(1 for x in v if x == 0)
    a, j = [], 0
    for x in v:
        if x:
            a.append(x)
        else:
            j += 1
            a.append(-j)
    segs, A, q, d, cz, c = [], [0] * k, 0, 0, [0] * k, 0
    for ch in word:
        if ch == 'L':
            d += 1
            if a[c] < 0:
                cz[-a[c] - 1] += 1
            c = (c + 1) % n
        elif ch == 'R':
            c = (c - 1) % n
            d -= 1
            if a[c] < 0:
                cz[-a[c] - 1] -= 1
        else:
            c2 = (c + 1) % n
            x, y = a[c], a[c2]
            if x < 0 and y < 0:
                return None
            q += 1
            nxt = [0] * k
            if x < 0:
                cz[-x - 1] += 1
                A[-x - 1] += 1
            elif y < 0:
                A[-y - 1] += 1
                nxt[-y - 1] = -1
            segs.append((d, cz))
            d, cz = 0, nxt
            a[c], a[c2] = y, x
    segs.append((d, cz))
    fin = a[c:] + a[:c]
    m = n - k
    if fin[:m] != list(range(1, m + 1)):
        return None
    B = q + sum(abs(s) for s, _ in segs)
    beta = [2 * A[i] + sum(abs(z[i]) for _, z in segs) for i in range(k)]
    return B, beta


def _budget(m, r):
    return m * (m + 1) // 2 + (r - 1) * (m - 2)


def _refine(v, origins):
    out, j = [], 0
    for x in v:
        if x:
            out.append(x)
        else:
            out.extend([0] * origins[j])
            j += 1
    return out


def _price_all_picks(v, word, origins):
    """Computes (B, {pick_tuple: beta_tuple}) for all stretched zero atom choices."""
    n = len(v)
    k = len(origins)
    tot_zeros = sum(origins)
    m = n - tot_zeros
    a, g = [], 0
    for x in v:
        if x:
            a.append(x)
        else:
            a.append(-1 - g)
            g += 1

    A = [0] * tot_zeros
    cz = [0] * tot_zeros
    segs, q, d, c = [], 0, 0, 0

    for ch in word:
        if ch == 'L':
            d += 1
            if a[c] < 0:
                cz[-1 - a[c]] += 1
            c = (c + 1) % n
        elif ch == 'R':
            c = (c - 1) % n
            d -= 1
            if a[c] < 0:
                cz[-1 - a[c]] -= 1
        else:
            c2 = (c + 1) % n
            x, y = a[c], a[c2]
            if x < 0 and y < 0:
                return None
            q += 1
            nxt = [0] * tot_zeros
            if x < 0:
                cz[-1 - x] += 1
                A[-1 - x] += 1
            elif y < 0:
                A[-1 - y] += 1
                nxt[-1 - y] = -1
            segs.append((d, cz))
            d, cz = 0, nxt
            a[c], a[c2] = y, x

    segs.append((d, cz))
    fin = a[c:] + a[:c]
    if fin[:m] != list(range(1, m + 1)):
        return None

    B = q + sum(abs(s) for s, _ in segs)
    all_betas = [2 * A[i] + sum(abs(z[i]) for _, z in segs) for i in range(tot_zeros)]
    return B, all_betas


def _sweep_words(v, deadline):
    n, m = len(v), max(v)
    r = n - m
    if r <= 4:
        perms = list(itertools.permutations(range(r)))
    else:
        perms = [[(s + i) % r for i in range(r)] for s in range(r)] + [
            [(s + r - 1 - i) % r for i in range(r)] for s in range(r)
        ]
    words = set()
    for t in range(n):
        if _time.process_time() > deadline:
            break
        for perm in perms:
            for rem in _lifts(v, t, perm, m, r):
                for c_start in (0, t) if t != 0 else (0,):
                    for mode in ('L', 'R', 'greedy', 'greedy_R', 'bounce_L', 'bounce_R'):
                        w = _sweep(v, rem, t, mode, c_start=c_start)
                        if w is not None:
                            w = _reduce(w)
                            if len(w) <= 4000:
                                words.add(w)
    return sorted(words, key=lambda w: (len(w), w))


def _pareto(priced):
    best = {}
    for w, B, beta in priced:
        key = (B,) + tuple(beta)
        if key not in best or (len(w), w) < (len(best[key]), best[key]):
            best[key] = w
    keys = sorted(best)
    keep = []
    for x in keys:
        if not any(all(p <= q for p, q in zip(y, x)) for y in keep):
            keep.append(x)
    return [(best[x], x[0], list(x[1:])) for x in keep]


def _simplex(A, b, c):
    rows, cols = len(A), len(c)
    T = []
    for i in range(rows):
        s = -1.0 if b[i] < 0 else 1.0
        T.append([s * x for x in A[i]] + [1.0 if r == i else 0.0 for r in range(rows)] + [s * b[i]])
    basis = list(range(cols, cols + rows))

    def pivot(r, j):
        p = T[r][j]
        inv = 1.0 / p
        T[r] = [x * inv for x in T[r]]
        for i in range(rows):
            if i != r:
                f = T[i][j]
                if abs(f) > 1e-15:
                    T[i] = [x - f * y for x, y in zip(T[i], T[r])]
        basis[r] = j

    def run(cost, allowed):
        for _ in range(2000):
            enter = None
            for j in allowed:
                if j in basis:
                    continue
                red = cost[j] - sum(cost[basis[i]] * T[i][j] for i in range(rows))
                if red < -EPS:
                    enter = j
                    break
            if enter is None:
                return True
            cand = [i for i in range(rows) if T[i][enter] > EPS]
            if not cand:
                return False
            r = min(cand, key=lambda i: (T[i][-1] / T[i][enter], basis[i]))
            pivot(r, enter)
        return False

    if not run([0.0] * cols + [1.0] * rows, range(cols + rows)):
        return None
    if sum(T[i][-1] for i in range(rows) if basis[i] >= cols) > 1e-7:
        return None
    for r in range(rows):
        if basis[r] >= cols:
            j = next((j for j in range(cols) if abs(T[r][j]) > EPS and j not in basis), None)
            if j is not None:
                pivot(r, j)
    if not run(list(c) + [0.0] * rows, range(cols)):
        return None
    x = [0.0] * cols
    for i, j in enumerate(basis):
        if j < cols:
            x[j] = T[i][-1]
    return x, sum(ci * xi for ci, xi in zip(c, x))


def _leaf_lp(cols, origins, lo, hi, s, m):
    k = len(lo)
    n = len(cols)
    bnd = [j for j in range(k) if hi[j] is not None]
    T = _budget(m, sum(lo))
    cost = [B + sum(b * (l - o) for b, l, o in zip(beta, lo, origins)) for _, B, beta in cols]
    A = []
    for j in range(k):
        A.append([beta[j] for _, _, beta in cols] + [-1.0 if bj == j else 0.0 for bj in bnd]
                 + [1.0 if i == j else 0.0 for i in range(k)])
    A.append([1.0] * n + [0.0] * (len(bnd) + k))
    c = cost + [hi[j] - lo[j] for j in bnd] + [0.0] * k
    out = _simplex(A, [float(s)] * k + [1.0], c)
    if out is None:
        return False, None
    x, val = out
    return val < T + 1 - 1e-6, x[:n]


def _leaf(cols, origins, weights, pick_indices=None):
    order = sorted(range(len(cols)), key=lambda i: (-weights[i], cols[i][1], i))
    words = [cols[i][0] for i in order if weights[i] > 1e-12]
    for i in order:
        if len(words) >= LEAF_WORDS:
            break
        if cols[i][0] not in words:
            words.append(cols[i][0])
    res = {'words': words[:LEAF_WORDS], 'origins': list(origins)}
    if pick_indices is not None and any(p != 0 for p in pick_indices):
        res['picks'] = list(pick_indices)
    return res


def _extract_picked_cols(parsed_words, origins, pick_indices):
    block_starts = []
    cur = 0
    for o in origins:
        block_starts.append(cur)
        cur += o
    global_picks = [block_starts[j] + pick_indices[j] for j in range(len(origins))]
    priced = []
    for w, B, all_betas in parsed_words:
        beta = [all_betas[gp] for gp in global_picks]
        priced.append((w, B, beta))
    return _pareto(priced)


def _get_parsed_words(v, origins, deadline, parsed_cache):
    key = tuple(origins)
    if key not in parsed_cache:
        ref = _refine(v, origins)
        pwords = []
        for w in _sweep_words(ref, deadline):
            res = _price_all_picks(ref, w, origins)
            if res is not None:
                pwords.append((w, res[0], res[1]))
        parsed_cache[key] = pwords
    return parsed_cache[key]


def _try_solve_leaf(parsed_words, origins, lo, hi, s, m):
    """Searches picks for the best passing LP mixture."""
    k = len(origins)
    best_picks = None
    best_cols = None
    best_w = None

    cands = []
    for j in range(k):
        cands.append(list(range(origins[j])))

    # Test default picks first
    default_picks = [0] * k
    dcols = _extract_picked_cols(parsed_words, origins, default_picks)
    if dcols:
        ok, w = _leaf_lp(dcols, origins, lo, hi, s, m)
        if ok:
            return True, dcols, default_picks, w

    # Try variations for blocks with origin > 1
    active_blocks = [j for j in range(k) if origins[j] > 1]
    for comb in itertools.product(*(cands[j] for j in active_blocks)):
        cur_picks = [0] * k
        for idx, j in enumerate(active_blocks):
            cur_picks[j] = comb[idx]
        if cur_picks == default_picks:
            continue
        cols = _extract_picked_cols(parsed_words, origins, cur_picks)
        if not cols:
            continue
        ok, w = _leaf_lp(cols, origins, lo, hi, s, m)
        if ok:
            return True, cols, cur_picks, w

    return False, None, None, None


def _staircase(v, m, k, axis, deadline, parsed_cache):
    s = m - 2
    leaves, l = [], 1
    while len(leaves) < MAX_STEPS and l <= MAX_CUT + 1 and _time.process_time() < deadline:
        origins = [1] * k
        origins[axis] = min(l, MAX_ORIGIN)
        pwords = _get_parsed_words(v, origins, deadline, parsed_cache)
        if not pwords:
            return None
        lo = [1] * k
        lo[axis] = l

        ok, cols, picks, w = _try_solve_leaf(pwords, origins, lo, [None] * k, s, m)
        if ok:
            leaves.append((_leaf(cols, origins, w, picks), None))
            tree = leaves[-1][0]
            for node, h in reversed(leaves[:-1]):
                tree = {'j': axis, 't': h, 'le': node, 'ge': tree}
            return tree

        if len(leaves) + 1 >= MAX_STEPS or l > MAX_CUT:
            return None

        lo_h, hi_h, best = l, MAX_CUT, None
        while lo_h <= hi_h:
            mid = (lo_h + hi_h) // 2
            hi = [None] * k
            hi[axis] = mid
            pass_mid, c_mid, p_mid, w_mid = _try_solve_leaf(pwords, origins, lo, hi, s, m)
            if pass_mid:
                best = (mid, c_mid, p_mid, w_mid)
                lo_h = mid + 1
            else:
                hi_h = mid - 1
        if best is None:
            return None
        h_val, best_cols, best_picks, best_w = best
        leaves.append((_leaf(best_cols, origins, best_w, best_picks), h_val))
        l = h_val + 1
    return None


def pool(v):
    r = len(v) - max(v)
    deadline = _time.process_time() + 1.5
    raw_words = _sweep_words(v, deadline)
    words = {}
    for w in raw_words:
        p = price(v, w)
        if p is not None:
            words[w] = p
    return words


def _root_certify(v):
    words = pool(v)
    if not words:
        return {'words': []}
    word_list = list(words.keys())
    m = max(v)
    k = sum(1 for x in v if x == 0)
    T = _budget(m, k)
    costs = [[words[w][0] - T] + [b - (m - 2) for b in words[w][1]] for w in word_list]
    n_words, dim = len(word_list), k + 1
    hull_indices = set()

    for d in range(dim):
        hull_indices.add(min(range(n_words), key=lambda i: (costs[i][d], max(costs[i]))))

    for j in range(1, dim):
        pts = sorted(range(n_words), key=lambda i: (costs[i][0], costs[i][j]))
        lower = []
        for p in pts:
            while len(lower) >= 2:
                p1, p2 = lower[-2], lower[-1]
                dx1, dy1 = costs[p2][0] - costs[p1][0], costs[p2][j] - costs[p1][j]
                dx2, dy2 = costs[p][0] - costs[p1][0], costs[p][j] - costs[p1][j]
                if dx1 * dy2 - dy1 * dx2 <= 0:
                    lower.pop()
                else:
                    break
            lower.append(p)
        for idx in lower:
            hull_indices.add(idx)

    for j in range(1, dim):
        for ratio in (0.1, 0.25, 0.5, 1.0, 2.0, 4.0, 10.0):
            hull_indices.add(min(range(n_words), key=lambda i: costs[i][0] + ratio * costs[i][j]))

    for alpha in (1.5, 3.0):
        for start_mode in ('min_max', 'min_b'):
            cur_idx = min(range(n_words), key=lambda i: (max(costs[i]), costs[i][0]) if start_mode == 'min_max' else (costs[i][0], max(costs[i])))
            cur_vec = list(costs[cur_idx])
            hull_indices.add(cur_idx)
            for it in range(1, 35):
                mx = max(cur_vec)
                exps = [math.exp(min(50.0, alpha * (val - mx))) for val in cur_vec]
                tot = sum(exps)
                weights = [e / tot for e in exps]
                best_i = min(range(n_words), key=lambda i: sum(weights[d] * costs[i][d] for d in range(dim)))
                hull_indices.add(best_i)
                gamma = 2.0 / (it + 2)
                for d in range(dim):
                    cur_vec[d] = (1.0 - gamma) * cur_vec[d] + gamma * costs[best_i][d]

    ordered = sorted(hull_indices, key=lambda i: (max(costs[i]), costs[i][0], sum(costs[i])))
    selected = list(ordered[:KEEP])
    if len(selected) < KEEP:
        for idx in sorted(range(n_words), key=lambda i: (max(costs[i]), costs[i][0])):
            if idx not in selected:
                selected.append(idx)
                if len(selected) >= KEEP:
                    break
    res = [word_list[i] for i in selected[:KEEP]]
    return {'words': res}


def certify(family):
    start = _time.process_time()
    deadline = start + CPU_BUDGET
    v = family['unit_base']
    m, k = max(v), sum(1 for x in v if x == 0)

    out = _root_certify(v)
    root = {'words': out['words'], 'origins': [1] * k}
    base = []
    for w in out['words']:
        p = price(v, w)
        if p is not None:
            base.append((w, p[0], p[1]))
    if base and _leaf_lp(base, [1] * k, [1] * k, [None] * k, m - 2, m)[0]:
        return {'tree': root}

    parsed_cache = {}
    unit_pwords = []
    for w, B, beta in base:
        unit_pwords.append((w, B, beta))
    # Also add remaining root pool words to unit_pwords for better resolution
    root_pool = pool(v)
    for w, (B, beta) in root_pool.items():
        unit_pwords.append((w, B, beta))
    parsed_cache[tuple([1] * k)] = unit_pwords

    unit_pareto = _pareto(unit_pwords)
    load = [min((beta[j] for _, _, beta in unit_pareto), default=0) for j in range(k)]
    axes = sorted(range(k), key=lambda j: (-load[j], j))

    for axis in axes:
        if _time.process_time() > deadline:
            break
        tree = _staircase(v, m, k, axis, deadline, parsed_cache)
        if tree is not None:
            return {'tree': tree}

    return {'tree': root}
Iteration 4: New subsample score 3.0 is not better than old score 3.0, skipping
Iteration 5: Selected program 0 score: 0.9044764957264957
Iteration 5: Proposed new text for current_candidate: """Tree certifier with refined bases, multiple picks, and adaptive staircases."""

import itertools
import math
import time as _time

KEEP = 32
MAX_ORIGIN = 5
MAX_CUT = 12
MAX_STEPS = 9
LEAF_WORDS = 24
CPU_BUDGET = 2.65
EPS = 1e-9


def _reduce(word):
    out = []
    for ch in word:
        if out and out[-1] + ch in ('LR', 'RL', 'XX'):
            out.pop()
        else:
            out.append(ch)
    return ''.join(out)


def _lifts(v, t, perm, m, r):
    n = len(v)
    zeros = [p for p in range(n) if v[p] == 0]
    target = [0] * n
    for p in range(n):
        if v[p]:
            target[p] = (t + v[p] - 1) % n
    for i in range(r):
        target[zeros[i]] = (t + m + perm[i]) % n

    lift_bases = []
    base1 = [((target[p] - p + n // 2) % n) - n // 2 for p in range(n)]
    lift_bases.append(base1)
    if n % 2 == 0:
        base2 = [((target[p] - p + n // 2 - 1) % n) - (n // 2 - 1) for p in range(n)]
        if base2 != base1:
            lift_bases.append(base2)

    res = []
    for rem_base in lift_bases:
        q = sum(rem_base) // n
        if q == 0:
            if rem_base not in res:
                res.append(rem_base)
            continue
        for rev_tie in (False, True):
            rem = list(rem_base)
            order = sorted(range(n), key=lambda p: (rem[p], -p if rev_tie else p), reverse=q > 0)
            for p in order[:abs(q)]:
                rem[p] -= n if q > 0 else -n
            if rem not in res:
                res.append(rem)
    return res


def _sweep(v, rem, t, mode, c_start=0, limit=4000):
    n = len(v)
    a, rem = list(v), list(rem)
    out = []
    c = 0
    if c_start != 0:
        d = c_start % n
        out.append('L' * d if d <= n - d else 'R' * (n - d))
        c = c_start % n

    def must_cross(x):
        return rem[x] - rem[(x + 1) % n] >= 2

    def cross(x):
        y = (x + 1) % n
        rx, ry = rem[x], rem[y]
        if a[x] or a[y]:
            out.append('X')
            a[x], a[y] = a[y], a[x]
        rem[x], rem[y] = ry + 1, rx - 1

    bounce_dir = 1 if mode == 'bounce_L' else -1
    bounce_steps = 0
    while any(rem) and len(out) < limit:
        if mode.startswith('greedy'):
            dirs = (1, -1) if mode == 'greedy' else (-1, 1)
            for dist in range(n):
                found = False
                for sgn in dirs:
                    pos = (c + sgn * dist) % n
                    if must_cross(pos):
                        out.append(('L' if sgn == 1 else 'R') * dist)
                        c = pos
                        found = True
                        break
                if found:
                    break
            else:
                return None
            cross(c)
            continue
        elif mode.startswith('bounce'):
            if must_cross(c):
                cross(c)
                if not any(rem):
                    break
            step_ch = 'L' if bounce_dir == 1 else 'R'
            out.append(step_ch)
            c = (c + bounce_dir) % n
            bounce_steps += 1
            if bounce_steps >= n - 1:
                bounce_dir = -bounce_dir
                bounce_steps = 0
            continue
        if must_cross(c):
            cross(c)
            if not any(rem):
                break
        out.append(mode)
        c = (c + (1 if mode == 'L' else -1)) % n
    if any(rem):
        return None
    d = (t - c) % n
    out.append('L' * d if d <= n - d else 'R' * (n - d))
    return ''.join(out)


def _price_picks(v, word, picks):
    n = len(v)
    k = len(picks)
    blk = {p: j for j, p in enumerate(picks)}
    a, g = [], 0
    for x in v:
        if x:
            a.append(x)
        else:
            a.append(-1 - g)
            g += 1
    m = n - g
    A, q, d, cz, c = [0] * k, 0, 0, [0] * k, 0
    segs = []
    for ch in word:
        if ch == 'L':
            d += 1
            if a[c] < 0 and (-1 - a[c]) in blk:
                cz[blk[-1 - a[c]]] += 1
            c = (c + 1) % n
        elif ch == 'R':
            c = (c - 1) % n
            d -= 1
            if a[c] < 0 and (-1 - a[c]) in blk:
                cz[blk[-1 - a[c]]] -= 1
        else:
            c2 = (c + 1) % n
            x, y = a[c], a[c2]
            if x < 0 and y < 0:
                return None
            q += 1
            nxt = [0] * k
            if x < 0 and (-1 - x) in blk:
                cz[blk[-1 - x]] += 1
                A[blk[-1 - x]] += 1
            elif y < 0 and (-1 - y) in blk:
                A[blk[-1 - y]] += 1
                nxt[blk[-1 - y]] = -1
            segs.append((d, cz))
            d, cz = 0, nxt
            a[c], a[c2] = y, x
    segs.append((d, cz))
    fin = a[c:] + a[:c]
    if fin[:m] != list(range(1, m + 1)):
        return None
    B = q + sum(abs(s) for s, _ in segs)
    beta = [2 * A[i] + sum(abs(z[i]) for _, z in segs) for i in range(k)]
    return B, beta


def price(v, word):
    k = sum(1 for x in v if x == 0)
    return _price_picks(v, word, list(range(k)))


def _sweep_words(v, deadline):
    n, m = len(v), max(v)
    r = n - m
    if r <= 4:
        perms = list(itertools.permutations(range(r)))
    else:
        perms = [[(s + i) % r for i in range(r)] for s in range(r)] + [
            [(s + r - 1 - i) % r for i in range(r)] for s in range(r)
        ]
    words = set()
    for t in range(n):
        if _time.process_time() > deadline:
            break
        for perm in perms:
            for rem in _lifts(v, t, perm, m, r):
                for c_start in (0, t) if t != 0 else (0,):
                    for mode in ('L', 'R', 'greedy', 'greedy_R', 'bounce_L', 'bounce_R'):
                        w = _sweep(v, rem, t, mode, c_start=c_start)
                        if w is not None:
                            w = _reduce(w)
                            if len(w) <= 4000:
                                words.add(w)
    return sorted(words, key=lambda w: (len(w), w))


def _simplex(A, b, c):
    rows, cols = len(A), len(c)
    T = []
    for i in range(rows):
        s = -1.0 if b[i] < 0 else 1.0
        T.append([s * x for x in A[i]] + [1.0 if r == i else 0.0 for r in range(rows)] + [s * b[i]])
    basis = list(range(cols, cols + rows))

    def pivot(r, j):
        p = T[r][j]
        T[r] = [x / p for x in T[r]]
        for i in range(rows):
            if i != r and abs(T[i][j]) > 1e-15:
                f = T[i][j]
                T[i] = [x - f * y for x, y in zip(T[i], T[r])]
        basis[r] = j

    def run(cost, allowed):
        for _ in range(2500):
            enter = None
            for j in allowed:
                if j in basis:
                    continue
                if cost[j] - sum(cost[basis[i]] * T[i][j] for i in range(rows)) < -EPS:
                    enter = j
                    break
            if enter is None:
                return True
            cand = [i for i in range(rows) if T[i][enter] > EPS]
            if not cand:
                return False
            r = min(cand, key=lambda i: (T[i][-1] / T[i][enter], basis[i]))
            pivot(r, enter)
        return False

    if not run([0.0] * cols + [1.0] * rows, range(cols + rows)):
        return None
    if sum(T[i][-1] for i in range(rows) if basis[i] >= cols) > 1e-7:
        return None
    for r in range(rows):
        if basis[r] >= cols:
            j = next((j for j in range(cols) if abs(T[r][j]) > EPS and j not in basis), None)
            if j is not None:
                pivot(r, j)
    if not run(list(c) + [0.0] * rows, range(cols)):
        return None
    x = [0.0] * cols
    for i, j in enumerate(basis):
        if j < cols:
            x[j] = T[i][-1]
    return x, sum(ci * xi for ci, xi in zip(c, x))


def _leaf_lp(cols, origins, lo, hi, s, m):
    k = len(lo)
    n = len(cols)
    bnd = [j for j in range(k) if hi[j] is not None]
    T = m * (m + 1) // 2 + (sum(lo) - 1) * s
    cost = [B + sum(b * (l - o) for b, l, o in zip(beta, lo, origins)) for _, B, beta in cols]
    A = []
    for j in range(k):
        A.append([beta[j] for _, _, beta in cols] + [-1.0 if bj == j else 0.0 for bj in bnd]
                 + [1.0 if i == j else 0.0 for i in range(k)])
    A.append([1.0] * n + [0.0] * (len(bnd) + k))
    c = cost + [hi[j] - lo[j] for j in bnd] + [0.0] * k
    out = _simplex(A, [float(s)] * k + [1.0], c)
    if out is None:
        return False, None
    x, val = out
    return val < T + 1 - 1e-6, x[:n]


def _pareto(priced):
    best = {}
    for w, B, beta in priced:
        key = (B,) + tuple(beta)
        if key not in best or (len(w), w) < (len(best[key]), best[key]):
            best[key] = w
    keys = sorted(best)
    keep = []
    for x in keys:
        if not any(all(p <= q for p, q in zip(y, x)) for y in keep):
            keep.append(x)
    return [(best[x], x[0], list(x[1:])) for x in keep]


def _refine(v, origins):
    out, j = [], 0
    for x in v:
        if x:
            out.append(x)
        else:
            out.extend([0] * origins[j])
            j += 1
    return out


def _columns_with_picks(v, origins, p_choice, deadline, cache):
    key = (tuple(origins), tuple(p_choice))
    if key not in cache:
        ref = _refine(v, origins)
        k = len(origins)
        offsets = [0] * k
        cum = 0
        for i in range(k):
            offsets[i] = cum
            cum += origins[i]
        picks = [offsets[j] + p_choice[j] for j in range(k)]

        words_ref = cache.get(tuple(origins))
        if words_ref is None:
            words_ref = _sweep_words(ref, deadline)
            cache[tuple(origins)] = words_ref

        priced = []
        for w in words_ref:
            p = _price_picks(ref, w, picks)
            if p is not None:
                priced.append((w, p[0], p[1]))
        cache[key] = _pareto(priced)
    return cache[key]


def _leaf(cols, origins, p_choice, weights):
    order = sorted(range(len(cols)), key=lambda i: (-weights[i], cols[i][1], i))
    words = [cols[i][0] for i in order if weights[i] > 1e-12]
    for i in order:
        if len(words) >= LEAF_WORDS:
            break
        if cols[i][0] not in words:
            words.append(cols[i][0])
    res = {'words': words[:LEAF_WORDS], 'origins': list(origins)}
    if any(p != 0 for p in p_choice):
        res['picks'] = list(p_choice)
    return res


def _best_cols_for_box(v, origins, lo, hi, s, m, axis, deadline, cache):
    best_res = (False, None, None, None)
    best_p = 0
    cand_picks = list(range(origins[axis])) if origins[axis] > 1 else [0]
    for p in cand_picks:
        p_choice = [0] * len(origins)
        p_choice[axis] = p
        cols = _columns_with_picks(v, origins, p_choice, deadline, cache)
        if not cols:
            continue
        ok, w = _leaf_lp(cols, origins, lo, hi, s, m)
        if ok:
            return True, w, cols, p_choice
        best_res = (False, w, cols, p_choice)
    return best_res


def _staircase(v, m, k, axis, deadline, cache):
    s = m - 2
    leaves, l = [], 1
    while len(leaves) < MAX_STEPS and l <= MAX_CUT + 1 and _time.process_time() < deadline:
        o_val = min(l, MAX_ORIGIN)
        origins = [1] * k
        origins[axis] = o_val
        lo = [1] * k
        lo[axis] = l

        ok, w, cols, p_choice = _best_cols_for_box(v, origins, lo, [None] * k, s, m, axis, deadline, cache)
        if ok:
            leaves.append((_leaf(cols, origins, p_choice, w), None))
            tree = leaves[-1][0]
            for node, h in reversed(leaves[:-1]):
                tree = {'j': axis, 't': h, 'le': node, 'ge': tree}
            return tree

        if len(leaves) + 1 >= MAX_STEPS or l > MAX_CUT:
            return None

        lo_h, hi_h, best = l, MAX_CUT, None
        while lo_h <= hi_h:
            mid = (lo_h + hi_h) // 2
            hi = [None] * k
            hi[axis] = mid
            ok, w, c, pc = _best_cols_for_box(v, origins, lo, hi, s, m, axis, deadline, cache)
            if ok:
                best, lo_h = (mid, w, c, pc), mid + 1
            else:
                hi_h = mid - 1

        if best is None:
            if o_val < l:
                o_val2 = min(l, MAX_ORIGIN - 1)
                if o_val2 != o_val:
                    origins[axis] = o_val2
                    lo_h, hi_h = l, MAX_CUT
                    while lo_h <= hi_h:
                        mid = (lo_h + hi_h) // 2
                        hi = [None] * k
                        hi[axis] = mid
                        ok, w, c, pc = _best_cols_for_box(v, origins, lo, hi, s, m, axis, deadline, cache)
                        if ok:
                            best, lo_h = (mid, w, c, pc), mid + 1
                        else:
                            hi_h = mid - 1
            if best is None:
                return None

        leaves.append((_leaf(best[2], origins, best[3], best[1]), best[0]))
        l = best[0] + 1
    return None


def certify(family):
    start = _time.process_time()
    deadline = start + CPU_BUDGET
    v = family['unit_base']
    m, k = max(v), sum(1 for x in v if x == 0)
    s = m - 2

    cache = {}
    p0 = [0] * k
    orig1 = [1] * k
    cols_root = _columns_with_picks(v, orig1, p0, deadline, cache)

    if cols_root:
        ok, w = _leaf_lp(cols_root, orig1, orig1, [None] * k, s, m)
        if ok:
            return {'tree': _leaf(cols_root, orig1, p0, w)}

    if not cols_root:
        return {'words': []}

    load = [min(beta[j] for _, _, beta in cols_root) for j in range(k)]
    max_load = [max(beta[j] for _, _, beta in cols_root) for j in range(k)]
    avg_load = [sum(beta[j] for _, _, beta in cols_root) / len(cols_root) for j in range(k)]

    axes = sorted(range(k), key=lambda j: (-load[j], -avg_load[j], -max_load[j], j))

    for axis in axes:
        if _time.process_time() > deadline:
            break
        tree = _staircase(v, m, k, axis, deadline, cache)
        if tree is not None:
            return {'tree': tree}

    for a1, a2 in itertools.combinations(axes[:min(k, 3)], 2):
        if _time.process_time() > deadline:
            break
        for ax in (a1, a2):
            orig_trial = [1] * k
            orig_trial[ax] = 2
            _columns_with_picks(v, orig_trial, [0] * k, deadline, cache)
            tree = _staircase(v, m, k, ax, deadline, cache)
            if tree is not None:
                return {'tree': tree}

    _, w_any = _leaf_lp(cols_root, orig1, orig1, [1] * k, s, m)
    if w_any is None:
        w_any = [1.0 / len(cols_root)] * len(cols_root)
    return {'tree': _leaf(cols_root, orig1, p0, w_any)}
Iteration 5: New subsample score 2.269230769230769 is not better than old score 2.269230769230769, skipping
Iteration 6: Selected program 0 score: 0.9044764957264957
Iteration 6: Proposed new text for current_candidate: """Tree certifier with origin refinement, pick selection, and flexible splits."""

import itertools
import math
import time as _time

KEEP = 32
MAX_ORIGIN = 5
MAX_CUT = 12
MAX_STEPS = 8
LEAF_WORDS = 24
CPU_BUDGET = 2.65
EPS = 1e-9


def _reduce(word):
    out = []
    for ch in word:
        if out and out[-1] + ch in ('LR', 'RL', 'XX'):
            out.pop()
        else:
            out.append(ch)
    return ''.join(out)


def _lifts(v, t, perm, m, r):
    n = len(v)
    zeros = [p for p in range(n) if v[p] == 0]
    target = [0] * n
    for p in range(n):
        if v[p]:
            target[p] = (t + v[p] - 1) % n
    for i in range(r):
        target[zeros[i]] = (t + m + perm[i]) % n

    lift_bases = [
        [((target[p] - p + n // 2) % n) - n // 2 for p in range(n)]
    ]
    if n % 2 == 0:
        base2 = [((target[p] - p + n // 2 - 1) % n) - (n // 2 - 1) for p in range(n)]
        if base2 != lift_bases[0]:
            lift_bases.append(base2)

    res = []
    for rem_base in lift_bases:
        q = sum(rem_base) // n
        if q == 0:
            if rem_base not in res:
                res.append(rem_base)
            continue
        for rev_tie in (False, True):
            rem = list(rem_base)
            order = sorted(range(n), key=lambda p: (rem[p], -p if rev_tie else p), reverse=q > 0)
            for p in order[:abs(q)]:
                rem[p] -= n if q > 0 else -n
            if rem not in res:
                res.append(rem)
    return res


def _sweep(v, rem, t, mode, c_start=0, limit=4000):
    n = len(v)
    a, rem = list(v), list(rem)
    out = []
    c = 0
    if c_start != 0:
        d = c_start % n
        out.append('L' * d if d <= n - d else 'R' * (n - d))
        c = c_start % n

    def must_cross(x):
        return rem[x] - rem[(x + 1) % n] >= 2

    def cross(x):
        y = (x + 1) % n
        rx, ry = rem[x], rem[y]
        if a[x] or a[y]:
            out.append('X')
            a[x], a[y] = a[y], a[x]
        rem[x], rem[y] = ry + 1, rx - 1

    bounce_dir = 1 if mode == 'bounce_L' else -1
    bounce_steps = 0
    while any(rem) and len(out) < limit:
        if mode.startswith('greedy'):
            dirs = (1, -1) if mode == 'greedy' else (-1, 1)
            for dist in range(n):
                found = False
                for sgn in dirs:
                    pos = (c + sgn * dist) % n
                    if must_cross(pos):
                        out.append(('L' if sgn == 1 else 'R') * dist)
                        c = pos
                        found = True
                        break
                if found:
                    break
            else:
                return None
            cross(c)
            continue
        elif mode.startswith('bounce'):
            if must_cross(c):
                cross(c)
                if not any(rem):
                    break
            step_ch = 'L' if bounce_dir == 1 else 'R'
            out.append(step_ch)
            c = (c + bounce_dir) % n
            bounce_steps += 1
            if bounce_steps >= n - 1:
                bounce_dir = -bounce_dir
                bounce_steps = 0
            continue
        if must_cross(c):
            cross(c)
            if not any(rem):
                break
        out.append(mode)
        c = (c + (1 if mode == 'L' else -1)) % n
    if any(rem):
        return None
    d = (t - c) % n
    out.append('L' * d if d <= n - d else 'R' * (n - d))
    return ''.join(out)


def _price_picks(v, word, picks):
    n = len(v)
    k = len(picks)
    blk = {p: j for j, p in enumerate(picks)}
    a, g = [], 0
    for x in v:
        if x:
            a.append(x)
        else:
            a.append(-1 - g)
            g += 1
    m = n - g
    A, q, d, cz, c = [0] * k, 0, 0, [0] * k, 0
    segs = []
    for ch in word:
        if ch == 'L':
            d += 1
            if a[c] < 0 and (-1 - a[c]) in blk:
                cz[blk[-1 - a[c]]] += 1
            c = (c + 1) % n
        elif ch == 'R':
            c = (c - 1) % n
            d -= 1
            if a[c] < 0 and (-1 - a[c]) in blk:
                cz[blk[-1 - a[c]]] -= 1
        else:
            c2 = (c + 1) % n
            x, y = a[c], a[c2]
            if x < 0 and y < 0:
                return None
            q += 1
            nxt = [0] * k
            if x < 0 and (-1 - x) in blk:
                cz[blk[-1 - x]] += 1
                A[blk[-1 - x]] += 1
            elif y < 0 and (-1 - y) in blk:
                A[blk[-1 - y]] += 1
                nxt[blk[-1 - y]] = -1
            segs.append((d, cz))
            d, cz = 0, nxt
            a[c], a[c2] = y, x
    segs.append((d, cz))
    fin = a[c:] + a[:c]
    if fin[:m] != list(range(1, m + 1)):
        return None
    B = q + sum(abs(s) for s, _ in segs)
    beta = [2 * A[i] + sum(abs(z[i]) for _, z in segs) for i in range(k)]
    return B, beta


def _budget(m, r):
    return m * (m + 1) // 2 + (r - 1) * (m - 2)


def _refine(v, origins):
    out, j = [], 0
    for x in v:
        if x:
            out.append(x)
        else:
            out.extend([0] * origins[j])
            j += 1
    return out


def _sweep_words(v, deadline):
    n, m = len(v), max(v)
    r = n - m
    if r <= 4:
        perms = list(itertools.permutations(range(r)))
    else:
        perms = [[(s + i) % r for i in range(r)] for s in range(r)] + [
            [(s + r - 1 - i) % r for i in range(r)] for s in range(r)
        ]
    words = set()
    for t in range(n):
        if _time.process_time() > deadline:
            break
        for perm in perms:
            for rem in _lifts(v, t, perm, m, r):
                for c_start in (0, t) if t != 0 else (0,):
                    for mode in ('L', 'R', 'greedy', 'greedy_R', 'bounce_L', 'bounce_R'):
                        w = _sweep(v, rem, t, mode, c_start=c_start)
                        if w is not None:
                            w = _reduce(w)
                            if len(w) <= 4000:
                                words.add(w)
    return sorted(words, key=lambda w: (len(w), w))


def _pareto(priced):
    best = {}
    for w, B, beta in priced:
        key = (B,) + tuple(beta)
        if key not in best or len(w) < len(best[key]):
            best[key] = w
    keys = sorted(best)
    keep = []
    for x in keys:
        if not any(all(p <= q for p, q in zip(y, x)) for y in keep):
            keep.append(x)
    return [(best[x], x[0], list(x[1:])) for x in keep]


def _simplex(A, b, c):
    rows, cols = len(A), len(c)
    T = []
    for i in range(rows):
        s = -1.0 if b[i] < 0 else 1.0
        T.append([s * x for x in A[i]] + [1.0 if r == i else 0.0 for r in range(rows)] + [s * b[i]])
    basis = list(range(cols, cols + rows))

    def pivot(r, j):
        p = T[r][j]
        T[r] = [x / p for x in T[r]]
        for i in range(rows):
            if i != r and abs(T[i][j]) > 1e-15:
                f = T[i][j]
                T[i] = [x - f * y for x, y in zip(T[i], T[r])]
        basis[r] = j

    def run(cost, allowed):
        for _ in range(2500):
            enter = None
            for j in allowed:
                if j in basis:
                    continue
                if cost[j] - sum(cost[basis[i]] * T[i][j] for i in range(rows)) < -EPS:
                    enter = j
                    break
            if enter is None:
                return True
            cand = [i for i in range(rows) if T[i][enter] > EPS]
            if not cand:
                return False
            r = min(cand, key=lambda i: (T[i][-1] / T[i][enter], basis[i]))
            pivot(r, enter)
        return False

    if not run([0.0] * cols + [1.0] * rows, range(cols + rows)):
        return None
    if sum(T[i][-1] for i in range(rows) if basis[i] >= cols) > 1e-7:
        return None
    for r in range(rows):
        if basis[r] >= cols:
            j = next((j for j in range(cols) if abs(T[r][j]) > EPS and j not in basis), None)
            if j is not None:
                pivot(r, j)
    if not run(list(c) + [0.0] * rows, range(cols)):
        return None
    x = [0.0] * cols
    for i, j in enumerate(basis):
        if j < cols:
            x[j] = T[i][-1]
    return x, sum(ci * xi for ci, xi in zip(c, x))


def _leaf_lp(cols, origins, lo, hi, s, m):
    k = len(lo)
    n = len(cols)
    bnd = [j for j in range(k) if hi[j] is not None]
    T = _budget(m, sum(lo))
    cost = [B + sum(b * (l - o) for b, l, o in zip(beta, lo, origins)) for _, B, beta in cols]
    A = []
    for j in range(k):
        A.append([beta[j] for _, _, beta in cols] + [-1.0 if bj == j else 0.0 for bj in bnd]
                 + [1.0 if i == j else 0.0 for i in range(k)])
    A.append([1.0] * n + [0.0] * (len(bnd) + k))
    c = cost + [hi[j] - lo[j] for j in bnd] + [0.0] * k
    out = _simplex(A, [float(s)] * k + [1.0], c)
    if out is None:
        return False, None
    x, val = out
    return val < T + 1 - 1e-6, x[:n]


def _leaf(cols, origins, picks, weights):
    order = sorted(range(len(cols)), key=lambda i: (-weights[i], cols[i][1], i))
    words = [cols[i][0] for i in order if weights[i] > 1e-12]
    for i in order:
        if len(words) >= LEAF_WORDS:
            break
        if cols[i][0] not in words:
            words.append(cols[i][0])
    res = {'words': words[:LEAF_WORDS], 'origins': list(origins)}
    if picks is not None and picks != list(range(len(origins))):
        res['picks'] = list(picks)
    return res


def _columns(v, origins, pick_offsets, deadline, cache):
    key = (tuple(origins), tuple(pick_offsets))
    if key not in cache:
        ref = _refine(v, origins)
        picks = []
        cur = 0
        for o, off in zip(origins, pick_offsets):
            picks.append(cur + min(off, o - 1))
            cur += o
        raw_words = _raw_words_cache(v, origins, deadline, cache)
        priced = []
        for w in raw_words:
            p = _price_picks(ref, w, picks)
            if p is not None:
                priced.append((w, p[0], p[1]))
        cache[key] = (_pareto(priced), picks)
    return cache[key]


def _raw_words_cache(v, origins, deadline, cache):
    k_ref = tuple(origins)
    if k_ref not in cache:
        ref = _refine(v, origins)
        cache[k_ref] = _sweep_words(ref, deadline)
    return cache[k_ref]


def _staircase(v, m, k, axis, deadline, cache):
    s = m - 2
    leaves, l = [], 1
    while len(leaves) < MAX_STEPS and l <= MAX_CUT + 1 and _time.process_time() < deadline:
        best_pick_data = None
        o_val = min(l, MAX_ORIGIN)
        origins = [1] * k
        origins[axis] = o_val
        lo = [1] * k
        lo[axis] = l

        tried_picks = [0]
        if o_val > 1:
            tried_picks.append(o_val - 1)
        if o_val > 2:
            tried_picks.append(o_val // 2)

        for p_off in set(tried_picks):
            pick_offsets = [0] * k
            pick_offsets[axis] = p_off
            cols, picks = _columns(v, origins, pick_offsets, deadline, cache)
            if not cols:
                continue
            ok, w = _leaf_lp(cols, origins, lo, [None] * k, s, m)
            if ok:
                best_pick_data = (cols, origins, picks, w, None)
                break
            lo_h, hi_h, best_bnd = l, MAX_CUT, None
            while lo_h <= hi_h:
                mid = (lo_h + hi_h) // 2
                hi = [None] * k
                hi[axis] = mid
                ok_m, wm = _leaf_lp(cols, origins, lo, hi, s, m)
                if ok_m:
                    best_bnd, lo_h = (mid, wm), mid + 1
                else:
                    hi_h = mid - 1
            if best_bnd is not None:
                if best_pick_data is None or (best_pick_data[4] is not None and best_bnd[0] > best_pick_data[4][0]):
                    best_pick_data = (cols, origins, picks, best_bnd[1], best_bnd)

        if best_pick_data is None:
            return None

        cols, o_used, p_used, w_used, bnd_data = best_pick_data
        if bnd_data is None:
            leaves.append((_leaf(cols, o_used, p_used, w_used), None))
            tree = leaves[-1][0]
            for node, h in reversed(leaves[:-1]):
                tree = {'j': axis, 't': h, 'le': node, 'ge': tree}
            return tree

        leaves.append((_leaf(cols, o_used, p_used, w_used), bnd_data[0]))
        l = bnd_data[0] + 1

    return None


def certify(family):
    start = _time.process_time()
    deadline = start + CPU_BUDGET
    v = family['unit_base']
    m, k = max(v), sum(1 for x in v if x == 0)
    s = m - 2
    cache = {}

    unit_origins = [1] * k
    unit_cols, _ = _columns(v, unit_origins, [0] * k, deadline, cache)
    if unit_cols:
        ok, w = _leaf_lp(unit_cols, unit_origins, [1] * k, [None] * k, s, m)
        if ok:
            return {'tree': _leaf(unit_cols, unit_origins, [0] * k, w)}

    if not unit_cols:
        return {'words': []}

    load = [min(beta[j] for _, _, beta in unit_cols) for j in range(k)]
    axes = sorted(range(k), key=lambda j: (-load[j], j))

    for axis in axes:
        if _time.process_time() > deadline:
            break
        tree = _staircase(v, m, k, axis, deadline, cache)
        if tree is not None:
            return {'tree': tree}

    for a1 in axes[:2]:
        for a2 in axes[:2]:
            if a1 == a2 or _time.process_time() > deadline - 0.4:
                continue
            origins1 = [1] * k
            origins1[a1] = 2
            cols1, picks1 = _columns(v, origins1, [0] * k, deadline, cache)
            if not cols1:
                continue
            ok1, w1 = _leaf_lp(cols1, origins1, [1] * k, [1 if i == a1 else None for i in range(k)], s, m)
            if not ok1:
                continue
            leaf1 = _leaf(cols1, origins1, picks1, w1)

            origins2 = [1] * k
            origins2[a1] = min(3, MAX_ORIGIN)
            cols2, picks2 = _columns(v, origins2, [0] * k, deadline, cache)
            if not cols2:
                continue
            lo2 = [1] * k
            lo2[a1] = 2
            ok2, w2 = _leaf_lp(cols2, origins2, lo2, [None] * k, s, m)
            if ok2:
                leaf2 = _leaf(cols2, origins2, picks2, w2)
                return {'tree': {'j': a1, 't': 1, 'le': leaf1, 'ge': leaf2}}

    root_weights = [1.0 / len(unit_cols)] * len(unit_cols)
    return {'tree': _leaf(unit_cols, unit_origins, [0] * k, root_weights)}
Iteration 6: New subsample score 3.0 is not better than old score 3.0, skipping
Iteration 7: Selected program 0 score: 0.9044764957264957
Iteration 7: Proposed new text for current_candidate: """Tree certifier with refined-origin staircases and optimal stretch picks."""

import itertools
import math
import time as _time

KEEP = 32
MAX_ORIGIN = 5
MAX_CUT = 12
MAX_STEPS = 9
LEAF_WORDS = 24
CPU_BUDGET = 2.65
EPS = 1e-9


def _reduce(word):
    out = []
    for ch in word:
        if out and out[-1] + ch in ('LR', 'RL', 'XX'):
            out.pop()
        else:
            out.append(ch)
    return ''.join(out)


def _lifts(v, t, perm, m, r):
    n = len(v)
    zeros = [p for p in range(n) if v[p] == 0]
    target = [0] * n
    for p in range(n):
        if v[p]:
            target[p] = (t + v[p] - 1) % n
    for i in range(r):
        target[zeros[i]] = (t + m + perm[i]) % n

    lift_bases = [
        [((target[p] - p + n // 2) % n) - n // 2 for p in range(n)]
    ]
    if n % 2 == 0:
        base2 = [((target[p] - p + n // 2 - 1) % n) - (n // 2 - 1) for p in range(n)]
        if base2 != lift_bases[0]:
            lift_bases.append(base2)

    res = []
    for rem_base in lift_bases:
        q = sum(rem_base) // n
        if q == 0:
            if rem_base not in res:
                res.append(rem_base)
            continue
        for rev_tie in (False, True):
            rem = list(rem_base)
            order = sorted(range(n), key=lambda p: (rem[p], -p if rev_tie else p), reverse=q > 0)
            for p in order[:abs(q)]:
                rem[p] -= n if q > 0 else -n
            if rem not in res:
                res.append(rem)
    return res


def _sweep(v, rem, t, mode, c_start=0, limit=4000):
    n = len(v)
    a, rem = list(v), list(rem)
    out = []
    c = 0
    if c_start != 0:
        d = c_start % n
        out.append('L' * d if d <= n - d else 'R' * (n - d))
        c = c_start % n

    def must_cross(x):
        return rem[x] - rem[(x + 1) % n] >= 2

    def cross(x):
        y = (x + 1) % n
        rx, ry = rem[x], rem[y]
        if a[x] or a[y]:
            out.append('X')
            a[x], a[y] = a[y], a[x]
        rem[x], rem[y] = ry + 1, rx - 1

    bounce_dir = 1 if mode == 'bounce_L' else -1
    bounce_steps = 0
    while any(rem) and len(out) < limit:
        if mode.startswith('greedy'):
            dirs = (1, -1) if mode == 'greedy' else (-1, 1)
            for dist in range(n):
                found = False
                for sgn in dirs:
                    pos = (c + sgn * dist) % n
                    if must_cross(pos):
                        out.append(('L' if sgn == 1 else 'R') * dist)
                        c = pos
                        found = True
                        break
                if found:
                    break
            else:
                return None
            cross(c)
            continue
        elif mode.startswith('bounce'):
            if must_cross(c):
                cross(c)
                if not any(rem):
                    break
            step_ch = 'L' if bounce_dir == 1 else 'R'
            out.append(step_ch)
            c = (c + bounce_dir) % n
            bounce_steps += 1
            if bounce_steps >= n - 1:
                bounce_dir = -bounce_dir
                bounce_steps = 0
            continue
        if must_cross(c):
            cross(c)
            if not any(rem):
                break
        out.append(mode)
        c = (c + (1 if mode == 'L' else -1)) % n
    if any(rem):
        return None
    d = (t - c) % n
    out.append('L' * d if d <= n - d else 'R' * (n - d))
    return ''.join(out)


def price(v, word):
    n = len(v)
    k = sum(1 for x in v if x == 0)
    a, j = [], 0
    for x in v:
        if x:
            a.append(x)
        else:
            j += 1
            a.append(-j)
    segs, A, q, d, cz, c = [], [0] * k, 0, 0, [0] * k, 0
    for ch in word:
        if ch == 'L':
            d += 1
            if a[c] < 0:
                cz[-a[c] - 1] += 1
            c = (c + 1) % n
        elif ch == 'R':
            c = (c - 1) % n
            d -= 1
            if a[c] < 0:
                cz[-a[c] - 1] -= 1
        else:
            c2 = (c + 1) % n
            x, y = a[c], a[c2]
            if x < 0 and y < 0:
                return None
            q += 1
            nxt = [0] * k
            if x < 0:
                cz[-x - 1] += 1
                A[-x - 1] += 1
            elif y < 0:
                A[-y - 1] += 1
                nxt[-y - 1] = -1
            segs.append((d, cz))
            d, cz = 0, nxt
            a[c], a[c2] = y, x
    segs.append((d, cz))
    fin = a[c:] + a[:c]
    m = n - k
    if fin[:m] != list(range(1, m + 1)):
        return None
    B = q + sum(abs(s) for s, _ in segs)
    beta = [2 * A[i] + sum(abs(z[i]) for _, z in segs) for i in range(k)]
    return B, beta


def _budget(m, r):
    return m * (m + 1) // 2 + (r - 1) * (m - 2)


def _refine(v, origins):
    out, j = [], 0
    for x in v:
        if x:
            out.append(x)
        else:
            out.extend([0] * origins[j])
            j += 1
    return out


def _price_all_picks(ref_v, word, origins):
    """Computes (B, beta_matrix) for all zero atoms.
    beta_matrix[j][pick] gives beta_j when pick is the stretched zero atom of block j."""
    n = len(ref_v)
    g = sum(1 for x in ref_v if x == 0)
    m = n - g
    k = len(origins)

    # Map atom index 0..g-1 to block index
    atom_to_block = []
    block_offset = []
    cur = 0
    for o in origins:
        block_offset.append(cur)
        for _ in range(o):
            atom_to_block.append(len(block_offset) - 1)
        cur += o

    a = []
    atom_cnt = 0
    for x in ref_v:
        if x:
            a.append(x)
        else:
            a.append(-1 - atom_cnt)
            atom_cnt += 1

    A = [0] * g
    q = 0
    d = 0
    cz = [0] * g
    c = 0
    segs = []

    for ch in word:
        if ch == 'L':
            d += 1
            if a[c] < 0:
                cz[-1 - a[c]] += 1
            c = (c + 1) % n
        elif ch == 'R':
            c = (c - 1) % n
            d -= 1
            if a[c] < 0:
                cz[-1 - a[c]] -= 1
        else:
            c2 = (c + 1) % n
            x, y = a[c], a[c2]
            if x < 0 and y < 0:
                return None
            q += 1
            nxt = [0] * g
            if x < 0:
                cz[-1 - x] += 1
                A[-1 - x] += 1
            elif y < 0:
                A[-1 - y] += 1
                nxt[-1 - y] = -1
            segs.append((d, cz))
            d, cz = 0, nxt
            a[c], a[c2] = y, x

    segs.append((d, cz))
    fin = a[c:] + a[:c]
    if fin[:m] != list(range(1, m + 1)):
        return None

    B = q + sum(abs(s) for s, _ in segs)
    atom_beta = [2 * A[i] + sum(abs(z[i]) for _, z in segs) for i in range(g)]

    # Per block j, list of betas for each internal zero atom
    beta_by_block = []
    for j in range(k):
        off = block_offset[j]
        beta_by_block.append([atom_beta[off + p] for p in range(origins[j])])

    return B, beta_by_block


def _sweep_words(v, deadline):
    n, m = len(v), max(v)
    r = n - m
    if r <= 4:
        perms = list(itertools.permutations(range(r)))
    else:
        perms = [[(s + i) % r for i in range(r)] for s in range(r)] + [
            [(s + r - 1 - i) % r for i in range(r)] for s in range(r)
        ]
    words = set()
    for t in range(n):
        if _time.process_time() > deadline:
            break
        for perm in perms:
            for rem in _lifts(v, t, perm, m, r):
                for c_start in (0, t) if t != 0 else (0,):
                    for mode in ('L', 'R', 'greedy', 'greedy_R', 'bounce_L', 'bounce_R'):
                        w = _sweep(v, rem, t, mode, c_start=c_start)
                        if w is not None:
                            w = _reduce(w)
                            if len(w) <= 4000:
                                words.add(w)
    return sorted(words, key=lambda w: (len(w), w))


def _simplex(A, b, c):
    rows, cols = len(A), len(c)
    T = []
    for i in range(rows):
        s = -1.0 if b[i] < 0 else 1.0
        T.append([s * x for x in A[i]] + [1.0 if r == i else 0.0 for r in range(rows)] + [s * b[i]])
    basis = list(range(cols, cols + rows))

    def pivot(r, j):
        p = T[r][j]
        T[r] = [x / p for x in T[r]]
        for i in range(rows):
            if i != r and abs(T[i][j]) > 1e-15:
                f = T[i][j]
                T[i] = [x - f * y for x, y in zip(T[i], T[r])]
        basis[r] = j

    def run(cost, allowed):
        for _ in range(2500):
            enter = None
            for j in allowed:
                if j in basis:
                    continue
                if cost[j] - sum(cost[basis[i]] * T[i][j] for i in range(rows)) < -EPS:
                    enter = j
                    break
            if enter is None:
                return True
            cand = [i for i in range(rows) if T[i][enter] > EPS]
            if not cand:
                return False
            r = min(cand, key=lambda i: (T[i][-1] / T[i][enter], basis[i]))
            pivot(r, enter)
        return False

    if not run([0.0] * cols + [1.0] * rows, range(cols + rows)):
        return None
    if sum(T[i][-1] for i in range(rows) if basis[i] >= cols) > 1e-7:
        return None
    for r in range(rows):
        if basis[r] >= cols:
            j = next((j for j in range(cols) if abs(T[r][j]) > EPS and j not in basis), None)
            if j is not None:
                pivot(r, j)
    if not run(list(c) + [0.0] * rows, range(cols)):
        return None
    x = [0.0] * cols
    for i, j in enumerate(basis):
        if j < cols:
            x[j] = T[i][-1]
    return x, sum(ci * xi for ci, xi in zip(c, x))


def _leaf_lp(cols, origins, lo, hi, s, m):
    k = len(lo)
    n = len(cols)
    bnd = [j for j in range(k) if hi[j] is not None]
    T = _budget(m, sum(lo))
    cost = [B + sum(b * (l - o) for b, l, o in zip(beta, lo, origins)) for _, B, beta in cols]
    A = []
    for j in range(k):
        A.append([beta[j] for _, _, beta in cols] + [-1.0 if bj == j else 0.0 for bj in bnd]
                 + [1.0 if i == j else 0.0 for i in range(k)])
    A.append([1.0] * n + [0.0] * (len(bnd) + k))
    c = cost + [hi[j] - lo[j] for j in bnd] + [0.0] * k
    out = _simplex(A, [float(s)] * k + [1.0], c)
    if out is None:
        return False, None
    x, val = out
    return val < T + 1 - 1e-6, x[:n]


def _leaf(cols, origins, picks, weights):
    order = sorted(range(len(cols)), key=lambda i: (-weights[i], cols[i][1], i))
    words = [cols[i][0] for i in order if weights[i] > 1e-12]
    for i in order:
        if len(words) >= LEAF_WORDS:
            break
        if cols[i][0] not in words:
            words.append(cols[i][0])
    res = {'words': words[:LEAF_WORDS], 'origins': list(origins)}
    if any(p != 0 for p in picks):
        res['picks'] = list(picks)
    return res


def _pareto_cols(priced):
    best = {}
    for w, B, beta in priced:
        key = (B,) + tuple(beta)
        if key not in best or (len(w), w) < (len(best[key]), best[key]):
            best[key] = w
    keys = sorted(best)
    keep = []
    for x in keys:
        if not any(all(p <= q for p, q in zip(y, x)) for y in keep):
            keep.append(x)
    return [(best[x], x[0], list(x[1:])) for x in keep]


def _evaluate_leaf(raw_cache, v, origins, lo, hi, s, m, deadline):
    key = tuple(origins)
    if key not in raw_cache:
        ref = _refine(v, origins)
        sw = _sweep_words(ref, deadline)
        parsed = []
        for w in sw:
            pr = _price_all_picks(ref, w, origins)
            if pr is not None:
                parsed.append((w, pr[0], pr[1]))
        raw_cache[key] = parsed

    raw = raw_cache[key]
    if not raw:
        return False, None, None, None

    k = len(origins)
    # Check pick combinations (for staircases, origins[j] > 1 only on the split axis)
    split_axes = [j for j in range(k) if origins[j] > 1]
    if split_axes:
        ax = split_axes[0]
        pick_options = [[0] * k for _ in range(origins[ax])]
        for p in range(origins[ax]):
            pick_options[p][ax] = p
    else:
        pick_options = [[0] * k]

    best_res = None
    for picks in pick_options:
        priced = []
        for w, B, b_matrix in raw:
            beta = [b_matrix[j][picks[j]] for j in range(k)]
            priced.append((w, B, beta))
        cols = _pareto_cols(priced)
        if not cols:
            continue
        ok, w_weights = _leaf_lp(cols, origins, lo, hi, s, m)
        if ok:
            return True, cols, picks, w_weights
        if best_res is None:
            best_res = (False, cols, picks, None)

    if best_res is not None:
        return best_res
    return False, None, None, None


def _staircase(v, m, k, axis, deadline, raw_cache):
    s = m - 2
    leaves, l = [], 1
    while len(leaves) < MAX_STEPS and l <= MAX_CUT + 1 and _time.process_time() < deadline:
        origins = [1] * k
        origins[axis] = min(l, MAX_ORIGIN)
        lo = [1] * k
        lo[axis] = l

        ok, cols, picks, w = _evaluate_leaf(raw_cache, v, origins, lo, [None] * k, s, m, deadline)
        if ok:
            leaves.append((_leaf(cols, origins, picks, w), None))
            tree = leaves[-1][0]
            for node, h in reversed(leaves[:-1]):
                tree = {'j': axis, 't': h, 'le': node, 'ge': tree}
            return tree

        if len(leaves) + 1 >= MAX_STEPS or l > MAX_CUT:
            return None

        lo_h, hi_h, best = l, MAX_CUT, None
        while lo_h <= hi_h and _time.process_time() < deadline:
            mid = (lo_h + hi_h) // 2
            hi = [None] * k
            hi[axis] = mid
            ok_mid, cols_mid, picks_mid, w_mid = _evaluate_leaf(raw_cache, v, origins, lo, hi, s, m, deadline)
            if ok_mid:
                best = (mid, cols_mid, picks_mid, w_mid)
                lo_h = mid + 1
            else:
                hi_h = mid - 1

        if best is None:
            return None

        leaves.append((_leaf(best[1], origins, best[2], best[3]), best[0]))
        l = best[0] + 1

    return None


def certify(family):
    start = _time.process_time()
    deadline = start + CPU_BUDGET
    v = family['unit_base']
    m = max(v)
    k = sum(1 for x in v if x == 0)

    raw_cache = {}
    origins1 = [1] * k
    ok_root, cols_root, picks_root, w_root = _evaluate_leaf(
        raw_cache, v, origins1, [1] * k, [None] * k, m - 2, m, deadline
    )

    if ok_root:
        leaf = _leaf(cols_root, origins1, picks_root, w_root)
        return {'tree': leaf, 'note': 'unit root certified'}

    unit_priced = [(w, B, beta[0]) for w, B, beta in raw_cache.get(tuple(origins1), [])]
    if unit_priced:
        load = [min(beta[j] for _, _, beta in unit_priced) for j in range(k)]
        axis_order = sorted(range(k), key=lambda j: (-load[j], j))
    else:
        axis_order = list(range(k))

    for axis in axis_order:
        if _time.process_time() > deadline:
            break
        tree = _staircase(v, m, k, axis, deadline, raw_cache)
        if tree is not None:
            return {'tree': tree, 'note': 'refined staircase on axis %d' % axis}

    fallback_cols = cols_root if cols_root else _pareto_cols(
        [(w, B, beta[0]) for w, B, beta in raw_cache.get(tuple(origins1), [])]
    )
    fallback_words = [c[0] for c in fallback_cols[:KEEP]] if fallback_cols else []
    return {'tree': {'words': fallback_words, 'origins': origins1}, 'note': 'fallback root'}
Iteration 7: New subsample score 3.0 is not better than old score 3.0, skipping
Iteration 8: Selected program 0 score: 0.9044764957264957
Iteration 8: Proposed new text for current_candidate: """Tree certifier with multi-origin staircase, pick selection, and fast sweep evaluation."""

import itertools
import math
import time as _time

KEEP = 32
MAX_ORIGIN = 5
MAX_CUT = 12
MAX_STEPS = 9
LEAF_WORDS = 24
CPU_BUDGET = 2.65
EPS = 1e-9


def _reduce(word):
    out = []
    for ch in word:
        if out and out[-1] + ch in ('LR', 'RL', 'XX'):
            out.pop()
        else:
            out.append(ch)
    return ''.join(out)


def _lifts(v, t, perm, m, r):
    n = len(v)
    zeros = [p for p in range(n) if v[p] == 0]
    target = [0] * n
    for p in range(n):
        if v[p]:
            target[p] = (t + v[p] - 1) % n
    for i in range(r):
        target[zeros[i]] = (t + m + perm[i]) % n

    lift_bases = []
    base1 = [((target[p] - p + n // 2) % n) - n // 2 for p in range(n)]
    lift_bases.append(base1)
    if n % 2 == 0:
        base2 = [((target[p] - p + n // 2 - 1) % n) - (n // 2 - 1) for p in range(n)]
        if base2 != base1:
            lift_bases.append(base2)

    res = []
    for rem_base in lift_bases:
        q = sum(rem_base) // n
        if q == 0:
            if rem_base not in res:
                res.append(rem_base)
            continue
        for rev_tie in (False, True):
            rem = list(rem_base)
            order = sorted(range(n), key=lambda p: (rem[p], -p if rev_tie else p), reverse=q > 0)
            for p in order[:abs(q)]:
                rem[p] -= n if q > 0 else -n
            if rem not in res:
                res.append(rem)
    return res


def _sweep(v, rem, t, mode, c_start=0, limit=4000):
    n = len(v)
    a, rem = list(v), list(rem)
    out = []
    c = 0
    if c_start != 0:
        d = c_start % n
        out.append('L' * d if d <= n - d else 'R' * (n - d))
        c = c_start % n

    def must_cross(x):
        return rem[x] - rem[(x + 1) % n] >= 2

    def cross(x):
        y = (x + 1) % n
        rx, ry = rem[x], rem[y]
        if a[x] or a[y]:
            out.append('X')
            a[x], a[y] = a[y], a[x]
        rem[x], rem[y] = ry + 1, rx - 1

    bounce_dir = 1 if mode == 'bounce_L' else -1
    bounce_steps = 0
    while any(rem) and len(out) < limit:
        if mode.startswith('greedy'):
            dirs = (1, -1) if mode == 'greedy' else (-1, 1)
            for dist in range(n):
                found = False
                for sgn in dirs:
                    pos = (c + sgn * dist) % n
                    if must_cross(pos):
                        out.append(('L' if sgn == 1 else 'R') * dist)
                        c = pos
                        found = True
                        break
                if found:
                    break
            else:
                return None
            cross(c)
            continue
        elif mode.startswith('bounce'):
            if must_cross(c):
                cross(c)
                if not any(rem):
                    break
            step_ch = 'L' if bounce_dir == 1 else 'R'
            out.append(step_ch)
            c = (c + bounce_dir) % n
            bounce_steps += 1
            if bounce_steps >= n - 1:
                bounce_dir = -bounce_dir
                bounce_steps = 0
            continue
        if must_cross(c):
            cross(c)
            if not any(rem):
                break
        out.append(mode)
        c = (c + (1 if mode == 'L' else -1)) % n
    if any(rem):
        return None
    d = (t - c) % n
    out.append('L' * d if d <= n - d else 'R' * (n - d))
    return ''.join(out)


def price(v, word):
    n = len(v)
    k = sum(1 for x in v if x == 0)
    a, j = [], 0
    for x in v:
        if x:
            a.append(x)
        else:
            j += 1
            a.append(-j)
    segs, A, q, d, cz, c = [], [0] * k, 0, 0, [0] * k, 0
    for ch in word:
        if ch == 'L':
            d += 1
            if a[c] < 0:
                cz[-a[c] - 1] += 1
            c = (c + 1) % n
        elif ch == 'R':
            c = (c - 1) % n
            d -= 1
            if a[c] < 0:
                cz[-a[c] - 1] -= 1
        else:
            c2 = (c + 1) % n
            x, y = a[c], a[c2]
            if x < 0 and y < 0:
                return None
            q += 1
            nxt = [0] * k
            if x < 0:
                cz[-x - 1] += 1
                A[-x - 1] += 1
            elif y < 0:
                A[-y - 1] += 1
                nxt[-y - 1] = -1
            segs.append((d, cz))
            d, cz = 0, nxt
            a[c], a[c2] = y, x
    segs.append((d, cz))
    fin = a[c:] + a[:c]
    m = n - k
    if fin[:m] != list(range(1, m + 1)):
        return None
    B = q + sum(abs(s) for s, _ in segs)
    beta = [2 * A[i] + sum(abs(z[i]) for _, z in segs) for i in range(k)]
    return B, beta


def _budget(m, r):
    return m * (m + 1) // 2 + (r - 1) * (m - 2)


def _refine(v, origins):
    out, j = [], 0
    for x in v:
        if x:
            out.append(x)
        else:
            out.extend([0] * origins[j])
            j += 1
    return out


def _price_picks(v, word, picks):
    n = len(v)
    k = len(picks)
    blk = {p: j for j, p in enumerate(picks)}
    a, g = [], 0
    for x in v:
        if x:
            a.append(x)
        else:
            a.append(-1 - g)
            g += 1
    m = n - g
    A, q, d, cz, c = [0] * k, 0, 0, [0] * k, 0
    segs = []
    for ch in word:
        if ch == 'L':
            d += 1
            if a[c] < 0 and (-1 - a[c]) in blk:
                cz[blk[-1 - a[c]]] += 1
            c = (c + 1) % n
        elif ch == 'R':
            c = (c - 1) % n
            d -= 1
            if a[c] < 0 and (-1 - a[c]) in blk:
                cz[blk[-1 - a[c]]] -= 1
        else:
            c2 = (c + 1) % n
            x, y = a[c], a[c2]
            if x < 0 and y < 0:
                return None
            q += 1
            nxt = [0] * k
            if x < 0 and (-1 - x) in blk:
                cz[blk[-1 - x]] += 1
                A[blk[-1 - x]] += 1
            elif y < 0 and (-1 - y) in blk:
                A[blk[-1 - y]] += 1
                nxt[blk[-1 - y]] = -1
            segs.append((d, cz))
            d, cz = 0, nxt
            a[c], a[c2] = y, x
    segs.append((d, cz))
    fin = a[c:] + a[:c]
    if fin[:m] != list(range(1, m + 1)):
        return None
    B = q + sum(abs(s) for s, _ in segs)
    beta = [2 * A[i] + sum(abs(z[i]) for _, z in segs) for i in range(k)]
    return B, beta


def _sweep_words(v, deadline):
    n, m = len(v), max(v)
    r = n - m
    if r <= 4:
        perms = list(itertools.permutations(range(r)))
    else:
        perms = [[(s + i) % r for i in range(r)] for s in range(r)] + [
            [(s + r - 1 - i) % r for i in range(r)] for s in range(r)]
    words = set()
    for t in range(n):
        if _time.process_time() > deadline:
            break
        for perm in perms:
            for rem in _lifts(v, t, perm, m, r):
                for c_start in (0, t) if t != 0 else (0,):
                    for mode in ('L', 'R', 'greedy', 'greedy_R', 'bounce_L', 'bounce_R'):
                        w = _sweep(v, rem, t, mode, c_start=c_start)
                        if w is not None:
                            w = _reduce(w)
                            if len(w) <= 4000:
                                words.add(w)
    return sorted(words, key=lambda w: (len(w), w))


def _pareto(priced):
    best = {}
    for w, B, beta in priced:
        key = (B,) + tuple(beta)
        if key not in best or len(w) < len(best[key]):
            best[key] = w
    keys = sorted(best)
    keep = []
    for x in keys:
        if not any(all(p <= q for p, q in zip(y, x)) for y in keep):
            keep.append(x)
    return [(best[x], x[0], list(x[1:])) for x in keep]


def _simplex(A, b, c):
    rows, cols = len(A), len(c)
    T = []
    for i in range(rows):
        s = -1.0 if b[i] < 0 else 1.0
        T.append([s * x for x in A[i]] + [1.0 if r == i else 0.0 for r in range(rows)] + [s * b[i]])
    basis = list(range(cols, cols + rows))

    def pivot(r, j):
        p = T[r][j]
        T[r] = [x / p for x in T[r]]
        for i in range(rows):
            if i != r and abs(T[i][j]) > 1e-15:
                f = T[i][j]
                T[i] = [x - f * y for x, y in zip(T[i], T[r])]
        basis[r] = j

    def run(cost, allowed):
        for _ in range(2500):
            enter = None
            for j in allowed:
                if j in basis:
                    continue
                if cost[j] - sum(cost[basis[i]] * T[i][j] for i in range(rows)) < -EPS:
                    enter = j
                    break
            if enter is None:
                return True
            cand = [i for i in range(rows) if T[i][enter] > EPS]
            if not cand:
                return False
            r = min(cand, key=lambda i: (T[i][-1] / T[i][enter], basis[i]))
            pivot(r, enter)
        return False

    if not run([0.0] * cols + [1.0] * rows, range(cols + rows)):
        return None
    if sum(T[i][-1] for i in range(rows) if basis[i] >= cols) > 1e-7:
        return None
    for r in range(rows):
        if basis[r] >= cols:
            j = next((j for j in range(cols) if abs(T[r][j]) > EPS and j not in basis), None)
            if j is not None:
                pivot(r, j)
    if not run(list(c) + [0.0] * rows, range(cols)):
        return None
    x = [0.0] * cols
    for i, j in enumerate(basis):
        if j < cols:
            x[j] = T[i][-1]
    return x, sum(ci * xi for ci, xi in zip(c, x))


def _leaf_lp(cols, origins, lo, hi, s, m):
    k = len(lo)
    n = len(cols)
    bnd = [j for j in range(k) if hi[j] is not None]
    T = _budget(m, sum(lo))
    cost = [B + sum(b * (l - o) for b, l, o in zip(beta, lo, origins)) for _, B, beta in cols]
    A = []
    for j in range(k):
        A.append([beta[j] for _, _, beta in cols] + [-1.0 if bj == j else 0.0 for bj in bnd]
                 + [1.0 if i == j else 0.0 for i in range(k)])
    A.append([1.0] * n + [0.0] * (len(bnd) + k))
    c = cost + [hi[j] - lo[j] for j in bnd] + [0.0] * k
    out = _simplex(A, [float(s)] * k + [1.0], c)
    if out is None:
        return False, None
    x, val = out
    return val < T + 1 - 1e-6, x[:n]


def _leaf(cols, origins, weights, picks=None):
    order = sorted(range(len(cols)), key=lambda i: (-weights[i], cols[i][1], i))
    words = [cols[i][0] for i in order if weights[i] > 1e-12]
    for i in order:
        if len(words) >= LEAF_WORDS:
            break
        if cols[i][0] not in words:
            words.append(cols[i][0])
    res = {'words': words[:LEAF_WORDS], 'origins': list(origins)}
    if picks is not None and any(p != 0 for p in picks):
        # picks is relative to block start
        res['picks'] = list(picks)
    return res


def _get_base_words(v, origins, deadline, raw_cache):
    key = tuple(origins)
    if key not in raw_cache:
        ref = _refine(v, origins)
        raw_cache[key] = (ref, _sweep_words(ref, deadline))
    return raw_cache[key]


def _eval_leaf(v, origins, lo, hi, s, m, deadline, raw_cache, pick_cache):
    """Try different picks for origins, return (True, leaf_dict) or (False, None)."""
    k = len(origins)
    split_axes = [j for j in range(k) if origins[j] > 1]
    ref, all_words = _get_base_words(v, origins, deadline, raw_cache)
    if not all_words:
        return False, None

    # Candidate pick configurations (relative within block)
    cand_picks = [[0] * k]
    for sa in split_axes:
        for p_idx in range(origins[sa]):
            cp = [0] * k
            cp[sa] = p_idx
            if cp not in cand_picks:
                cand_picks.append(cp)

    best_res = None
    for cp in cand_picks:
        ckey = (tuple(origins), tuple(cp))
        if ckey not in pick_cache:
            global_picks = [sum(origins[:j]) + cp[j] for j in range(k)]
            priced = []
            for w in all_words:
                p = _price_picks(ref, w, global_picks)
                if p is not None:
                    priced.append((w, p[0], p[1]))
            pick_cache[ckey] = _pareto(priced)
        cols = pick_cache[ckey]
        if not cols:
            continue
        ok, w = _leaf_lp(cols, origins, lo, hi, s, m)
        if ok:
            return True, _leaf(cols, origins, w, picks=cp)
    return False, None


def _staircase(v, m, k, axis, deadline, raw_cache, pick_cache):
    s = m - 2
    leaves, l = [], 1
    while len(leaves) < MAX_STEPS and l <= MAX_CUT + 1 and _time.process_time() < deadline:
        pass_leaf = None
        for orig in range(min(l, MAX_ORIGIN), 0, -1):
            origins = [1] * k
            origins[axis] = orig
            lo = [1] * k
            lo[axis] = l
            ok, leaf_data = _eval_leaf(v, origins, lo, [None] * k, s, m, deadline, raw_cache, pick_cache)
            if ok:
                pass_leaf = leaf_data
                break
        if pass_leaf is not None:
            leaves.append((pass_leaf, None))
            tree = leaves[-1][0]
            for node, h in reversed(leaves[:-1]):
                tree = {'j': axis, 't': h, 'le': node, 'ge': tree}
            return tree
        if len(leaves) + 1 >= MAX_STEPS or l > MAX_CUT:
            return None

        lo_h, hi_h, best = l, MAX_CUT, None
        while lo_h <= hi_h and _time.process_time() < deadline:
            mid = (lo_h + hi_h) // 2
            hi = [None] * k
            hi[axis] = mid
            ok_mid = False
            mid_leaf = None
            for orig in range(min(l, MAX_ORIGIN), 0, -1):
                origins = [1] * k
                origins[axis] = orig
                lo = [1] * k
                lo[axis] = l
                ok, leaf_data = _eval_leaf(v, origins, lo, hi, s, m, deadline, raw_cache, pick_cache)
                if ok:
                    ok_mid = True
                    mid_leaf = leaf_data
                    break
            if ok_mid:
                best, lo_h = (mid, mid_leaf), mid + 1
            else:
                hi_h = mid - 1
        if best is None:
            return None
        leaves.append((best[1], best[0]))
        l = best[0] + 1
    return None


def pool(v):
    import itertools
    n, m = len(v), max(v)
    r = n - m
    words = {}
    if r <= 4:
        perms = list(itertools.permutations(range(r)))
    else:
        perms = [[(s + i) % r for i in range(r)] for s in range(r)] + [
            [(s + r - 1 - i) % r for i in range(r)] for s in range(r)
        ]
    for t in range(n):
        for perm in perms:
            for rem in _lifts(v, t, perm, m, r):
                for c_start in (0, t) if t != 0 else (0,):
                    for mode in ('L', 'R', 'greedy', 'greedy_R', 'bounce_L', 'bounce_R'):
                        w = _sweep(v, rem, t, mode, c_start=c_start)
                        if w is None:
                            continue
                        w = _reduce(w)
                        if w not in words and len(w) <= 4000:
                            cost = price(v, w)
                            if cost is not None:
                                words[w] = cost
    return words


def _root_certify(family):
    v = family['unit_base']
    words = pool(v)
    if not words:
        return {'words': []}

    word_list = list(words.keys())
    m = max(v)
    k = sum(1 for x in v if x == 0)
    T = m * (m + 1) // 2 + (k - 1) * (m - 2)

    costs = []
    for w in word_list:
        B, beta = words[w]
        costs.append([B - T] + [b - (m - 2) for b in beta])

    n_words = len(word_list)
    dim = k + 1
    hull_indices = set()

    for d in range(dim):
        best_idx = min(range(n_words), key=lambda i: (costs[i][d], max(costs[i])))
        hull_indices.add(best_idx)

    for j in range(1, dim):
        pts = sorted(range(n_words), key=lambda i: (costs[i][0], costs[i][j]))
        lower = []
        for p in pts:
            while len(lower) >= 2:
                p1, p2 = lower[-2], lower[-1]
                dx1, dy1 = costs[p2][0] - costs[p1][0], costs[p2][j] - costs[p1][j]
                dx2, dy2 = costs[p][0] - costs[p1][0], costs[p][j] - costs[p1][j]
                if dx1 * dy2 - dy1 * dx2 <= 0:
                    lower.pop()
                else:
                    break
            lower.append(p)
        for idx in lower:
            hull_indices.add(idx)

    for j in range(1, dim):
        for ratio in (0.1, 0.25, 0.5, 1.0, 2.0, 4.0, 10.0):
            best_idx = min(range(n_words), key=lambda i: costs[i][0] + ratio * costs[i][j])
            hull_indices.add(best_idx)

    for alpha in (1.5, 3.0):
        for start_mode in ('min_max', 'min_b'):
            if start_mode == 'min_max':
                cur_idx = min(range(n_words), key=lambda i: (max(costs[i]), costs[i][0]))
            else:
                cur_idx = min(range(n_words), key=lambda i: (costs[i][0], max(costs[i])))
            cur_vec = list(costs[cur_idx])
            hull_indices.add(cur_idx)
            for it in range(1, 35):
                mx = max(cur_vec)
                exps = [math.exp(min(50.0, alpha * (val - mx))) for val in cur_vec]
                tot = sum(exps)
                weights = [e / tot for e in exps]
                best_i = min(range(n_words), key=lambda i: sum(weights[d] * costs[i][d] for d in range(dim)))
                hull_indices.add(best_i)
                gamma = 2.0 / (it + 2)
                for d in range(dim):
                    cur_vec[d] = (1.0 - gamma) * cur_vec[d] + gamma * costs[best_i][d]

    ordered = sorted(hull_indices, key=lambda i: (max(costs[i]), costs[i][0], sum(costs[i])))
    selected_indices = list(ordered[:KEEP])
    if len(selected_indices) < KEEP:
        by_max = sorted(range(n_words), key=lambda i: (max(costs[i]), costs[i][0]))
        for idx in by_max:
            if idx not in selected_indices:
                selected_indices.append(idx)
                if len(selected_indices) >= KEEP:
                    break

    res = [word_list[i] for i in selected_indices[:KEEP]]
    return {'words': res}


def certify(family):
    start = _time.process_time()
    deadline = start + CPU_BUDGET
    out = _root_certify(family)
    v = family['unit_base']
    m, k = max(v), sum(1 for x in v if x == 0)
    root = {'words': out['words'], 'origins': [1] * k}

    base = []
    for w in out['words']:
        p = price(v, w)
        if p is not None:
            base.append((w, p[0], p[1]))
    if base and _leaf_lp(base, [1] * k, [1] * k, [None] * k, m - 2, m)[0]:
        return {'tree': root}

    raw_cache = {}
    pick_cache = {}

    all_unit = [(w, B, beta) for w, (B, beta) in pool(v).items()]
    unit = _pareto(all_unit) if all_unit else []
    if unit:
        pick_cache[(tuple([1] * k), tuple([0] * k))] = unit
        ref = _refine(v, [1] * k)
        raw_cache[tuple([1] * k)] = (ref, [x[0] for x in unit])

    # Rank axes by worst slope violation and individual coordinate pressure
    load = []
    for j in range(k):
        min_b = min((beta[j] for _, _, beta in unit), default=m)
        avg_b = sum(beta[j] for _, _, beta in unit) / len(unit) if unit else m
        load.append((min_b, avg_b))

    axis_order = sorted(range(k), key=lambda j: (-load[j][0], -load[j][1], j))

    for axis in axis_order:
        if _time.process_time() > deadline:
            break
        tree = _staircase(v, m, k, axis, deadline, raw_cache, pick_cache)
        if tree is not None:
            return {'tree': tree}

    return {'tree': root}
Iteration 8: New subsample score 3.0 is not better than old score 3.0, skipping
Iteration 9: Selected program 0 score: 0.9044764957264957
Iteration 9: Proposed new text for current_candidate: """Tree certificate generator for LRX sorting bounds on permutation families.

Refined-origin tree certifier with multi-axis staircase branching, pick optimization,
and adaptive origin selection to certify difficult reversal and near-reversal orders.
"""

import itertools
import math
import time as _time

KEEP = 32
MAX_ORIGIN = 5
MAX_CUT = 12
MAX_STEPS = 9
LEAF_WORDS = 20
CPU_BUDGET = 2.65
EPS = 1e-9


def _reduce(word):
    out = []
    for ch in word:
        if out and out[-1] + ch in ('LR', 'RL', 'XX'):
            out.pop()
        else:
            out.append(ch)
    return ''.join(out)


def _lifts(v, t, perm, m, r):
    n = len(v)
    zeros = [p for p in range(n) if v[p] == 0]
    target = [0] * n
    for p in range(n):
        if v[p]:
            target[p] = (t + v[p] - 1) % n
    for i in range(r):
        target[zeros[i]] = (t + m + perm[i]) % n

    lift_bases = []
    base1 = [((target[p] - p + n // 2) % n) - n // 2 for p in range(n)]
    lift_bases.append(base1)
    if n % 2 == 0:
        base2 = [((target[p] - p + n // 2 - 1) % n) - (n // 2 - 1) for p in range(n)]
        if base2 != base1:
            lift_bases.append(base2)

    res = []
    for rem_base in lift_bases:
        q = sum(rem_base) // n
        if q == 0:
            if rem_base not in res:
                res.append(rem_base)
            continue
        for rev_tie in (False, True):
            rem = list(rem_base)
            order = sorted(range(n), key=lambda p: (rem[p], -p if rev_tie else p), reverse=q > 0)
            for p in order[:abs(q)]:
                rem[p] -= n if q > 0 else -n
            if rem not in res:
                res.append(rem)
    return res


def _sweep(v, rem, t, mode, c_start=0, limit=4000):
    n = len(v)
    a, rem = list(v), list(rem)
    out = []
    c = 0
    if c_start != 0:
        d = c_start % n
        out.append('L' * d if d <= n - d else 'R' * (n - d))
        c = c_start % n

    def must_cross(x):
        return rem[x] - rem[(x + 1) % n] >= 2

    def cross(x):
        y = (x + 1) % n
        rx, ry = rem[x], rem[y]
        if a[x] or a[y]:
            out.append('X')
            a[x], a[y] = a[y], a[x]
        rem[x], rem[y] = ry + 1, rx - 1

    bounce_dir = 1 if mode == 'bounce_L' else -1
    bounce_steps = 0
    while any(rem) and len(out) < limit:
        if mode.startswith('greedy'):
            dirs = (1, -1) if mode == 'greedy' else (-1, 1)
            for dist in range(n):
                found = False
                for sgn in dirs:
                    pos = (c + sgn * dist) % n
                    if must_cross(pos):
                        out.append(('L' if sgn == 1 else 'R') * dist)
                        c = pos
                        found = True
                        break
                if found:
                    break
            else:
                return None
            cross(c)
            continue
        elif mode.startswith('bounce'):
            if must_cross(c):
                cross(c)
                if not any(rem):
                    break
            step_ch = 'L' if bounce_dir == 1 else 'R'
            out.append(step_ch)
            c = (c + bounce_dir) % n
            bounce_steps += 1
            if bounce_steps >= n - 1:
                bounce_dir = -bounce_dir
                bounce_steps = 0
            continue
        if must_cross(c):
            cross(c)
            if not any(rem):
                break
        out.append(mode)
        c = (c + (1 if mode == 'L' else -1)) % n
    if any(rem):
        return None
    d = (t - c) % n
    out.append('L' * d if d <= n - d else 'R' * (n - d))
    return ''.join(out)


def price(v, word):
    n, k = len(v), sum(1 for x in v if x == 0)
    a, j = [], 0
    for x in v:
        if x:
            a.append(x)
        else:
            j += 1
            a.append(-j)
    segs, A, q, d, cz, c = [], [0] * k, 0, 0, [0] * k, 0
    for ch in word:
        if ch == 'L':
            d += 1
            if a[c] < 0:
                cz[-a[c] - 1] += 1
            c = (c + 1) % n
        elif ch == 'R':
            c = (c - 1) % n
            d -= 1
            if a[c] < 0:
                cz[-a[c] - 1] -= 1
        else:
            c2 = (c + 1) % n
            x, y = a[c], a[c2]
            if x < 0 and y < 0:
                return None
            q += 1
            nxt = [0] * k
            if x < 0:
                cz[-x - 1] += 1
                A[-x - 1] += 1
            elif y < 0:
                A[-y - 1] += 1
                nxt[-y - 1] = -1
            segs.append((d, cz))
            d, cz = 0, nxt
            a[c], a[c2] = y, x
    segs.append((d, cz))
    fin = a[c:] + a[:c]
    m = n - k
    if fin[:m] != list(range(1, m + 1)):
        return None
    B = q + sum(abs(s) for s, _ in segs)
    beta = [2 * A[i] + sum(abs(z[i]) for _, z in segs) for i in range(k)]
    return B, beta


def _budget(m, r):
    return m * (m + 1) // 2 + (r - 1) * (m - 2)


def _refine(v, origins):
    out, j = [], 0
    for x in v:
        if x:
            out.append(x)
        else:
            out.extend([0] * origins[j])
            j += 1
    return out


def _price_picks(v, word, picks):
    n = len(v)
    k = len(picks)
    blk = {p: j for j, p in enumerate(picks)}
    a, g = [], 0
    for x in v:
        if x:
            a.append(x)
        else:
            a.append(-1 - g)
            g += 1
    m = n - g
    A, q, d, cz, c = [0] * k, 0, 0, [0] * k, 0
    segs = []
    for ch in word:
        if ch == 'L':
            d += 1
            if a[c] < 0 and (-1 - a[c]) in blk:
                cz[blk[-1 - a[c]]] += 1
            c = (c + 1) % n
        elif ch == 'R':
            c = (c - 1) % n
            d -= 1
            if a[c] < 0 and (-1 - a[c]) in blk:
                cz[blk[-1 - a[c]]] -= 1
        else:
            c2 = (c + 1) % n
            x, y = a[c], a[c2]
            if x < 0 and y < 0:
                return None
            q += 1
            nxt = [0] * k
            if x < 0 and (-1 - x) in blk:
                cz[blk[-1 - x]] += 1
                A[blk[-1 - x]] += 1
            elif y < 0 and (-1 - y) in blk:
                A[blk[-1 - y]] += 1
                nxt[blk[-1 - y]] = -1
            segs.append((d, cz))
            d, cz = 0, nxt
            a[c], a[c2] = y, x
    segs.append((d, cz))
    fin = a[c:] + a[:c]
    if fin[:m] != list(range(1, m + 1)):
        return None
    B = q + sum(abs(s) for s, _ in segs)
    beta = [2 * A[i] + sum(abs(z[i]) for _, z in segs) for i in range(k)]
    return B, beta


def _sweep_words(v, deadline, quick=False):
    n, m = len(v), max(v)
    r = n - m
    if r <= 4:
        perms = list(itertools.permutations(range(r)))
    else:
        perms = [[(s + i) % r for i in range(r)] for s in range(r)] + [
            [(s + r - 1 - i) % r for i in range(r)] for s in range(r)]
    words = set()
    modes = ('L', 'R', 'greedy', 'greedy_R') if quick else ('L', 'R', 'greedy', 'greedy_R', 'bounce_L', 'bounce_R')
    for t in range(n):
        if _time.process_time() > deadline:
            break
        for perm in perms:
            for rem in _lifts(v, t, perm, m, r):
                for c_start in (0, t) if t != 0 else (0,):
                    for mode in modes:
                        w = _sweep(v, rem, t, mode, c_start=c_start)
                        if w is not None:
                            w = _reduce(w)
                            if len(w) <= 4000:
                                words.add(w)
    return sorted(words, key=lambda w: (len(w), w))


def _simplex(A, b, c):
    rows, cols = len(A), len(c)
    T = []
    for i in range(rows):
        s = -1.0 if b[i] < 0 else 1.0
        T.append([s * x for x in A[i]] + [1.0 if r == i else 0.0 for r in range(rows)] + [s * b[i]])
    basis = list(range(cols, cols + rows))

    def pivot(r, j):
        p = T[r][j]
        T[r] = [x / p for x in T[r]]
        for i in range(rows):
            if i != r and abs(T[i][j]) > 1e-15:
                f = T[i][j]
                T[i] = [x - f * y for x, y in zip(T[i], T[r])]
        basis[r] = j

    def run(cost, allowed):
        for _ in range(2500):
            enter = None
            for j in allowed:
                if j in basis:
                    continue
                if cost[j] - sum(cost[basis[i]] * T[i][j] for i in range(rows)) < -EPS:
                    enter = j
                    break
            if enter is None:
                return True
            cand = [i for i in range(rows) if T[i][enter] > EPS]
            if not cand:
                return False
            r = min(cand, key=lambda i: (T[i][-1] / T[i][enter], basis[i]))
            pivot(r, enter)
        return False

    if not run([0.0] * cols + [1.0] * rows, range(cols + rows)):
        return None
    if sum(T[i][-1] for i in range(rows) if basis[i] >= cols) > 1e-7:
        return None
    for r in range(rows):
        if basis[r] >= cols:
            j = next((j for j in range(cols) if abs(T[r][j]) > EPS and j not in basis), None)
            if j is not None:
                pivot(r, j)
    if not run(list(c) + [0.0] * rows, range(cols)):
        return None
    x = [0.0] * cols
    for i, j in enumerate(basis):
        if j < cols:
            x[j] = T[i][-1]
    return x, sum(ci * xi for ci, xi in zip(c, x))


def _leaf_lp(cols, origins, lo, hi, s, m):
    k = len(lo)
    n = len(cols)
    bnd = [j for j in range(k) if hi[j] is not None]
    T = _budget(m, sum(lo))
    cost = [B + sum(b * (l - o) for b, l, o in zip(beta, lo, origins)) for _, B, beta in cols]
    A = []
    for j in range(k):
        A.append([beta[j] for _, _, beta in cols] + [-1.0 if bj == j else 0.0 for bj in bnd]
                 + [1.0 if i == j else 0.0 for i in range(k)])
    A.append([1.0] * n + [0.0] * (len(bnd) + k))
    c = cost + [hi[j] - lo[j] for j in bnd] + [0.0] * k
    out = _simplex(A, [float(s)] * k + [1.0], c)
    if out is None:
        return False, None
    x, val = out
    return val < T + 1 - 1e-6, x[:n]


def _leaf(cols, origins, weights, picks=None):
    order = sorted(range(len(cols)), key=lambda i: (-weights[i], cols[i][1], i))
    words = [cols[i][0] for i in order if weights[i] > 1e-12]
    for i in order:
        if len(words) >= LEAF_WORDS:
            break
        if cols[i][0] not in words:
            words.append(cols[i][0])
    res = {'words': words[:LEAF_WORDS], 'origins': list(origins)}
    if picks is not None and any(p != 0 for p in picks):
        res['picks'] = list(picks)
    return res


def _best_picks_and_cols(ref, raw_words, origins):
    k = len(origins)
    best_cost = None
    best_p = 0
    best_priced = []
    offsets = [sum(origins[:j]) for j in range(k)]

    for p in range(origins[0] if k == 1 else 1):
        test_picks = list(offsets)
        priced = []
        for w in raw_words:
            res = _price_picks(ref, w, test_picks)
            if res is not None:
                priced.append((w, res[0], res[1]))
        if priced:
            avg_beta = sum(sum(b) for _, _, b in priced) / len(priced)
            if best_cost is None or avg_beta < best_cost:
                best_cost = avg_beta
                best_p = p
                best_priced = priced

    cand_picks = [0, origins[offsets.index(offsets[0])] - 1] if origins[0] > 1 else [0]
    best_cand_priced = {}
    for p in range(origins[0]):
        test_picks = list(offsets)
        test_picks[0] += p
        pr = []
        for w in raw_words:
            res = _price_picks(ref, w, test_picks)
            if res is not None:
                pr.append((w, res[0], res[1]))
        best_cand_priced[p] = pr

    p_opt = min(best_cand_priced.keys(), key=lambda p: (
        sum(b[0] for _, _, b in best_cand_priced[p]) if best_cand_priced[p] else 1e9
    ))
    picks = list(offsets)
    picks[0] += p_opt
    priced = best_cand_priced[p_opt]

    best_map = {}
    for w, B, beta in priced:
        key = (B,) + tuple(beta)
        if key not in best_map or (len(w), w) < (len(best_map[key]), best_map[key]):
            best_map[key] = w
    keys = sorted(best_map)
    keep = []
    for x in keys:
        if not any(all(p_ <= q_ for p_, q_ in zip(y, x)) for y in keep):
            keep.append(x)
    return [p_opt] + [0] * (k - 1), [(best_map[x], x[0], list(x[1:])) for x in keep]


def _columns_pick(v, origins, deadline, cache):
    key = tuple(origins)
    if key not in cache:
        ref = _refine(v, origins)
        k = len(origins)
        offsets = [sum(origins[:j]) for j in range(k)]
        raw = _sweep_words(ref, deadline, quick=(sum(origins) > k + 2))
        
        # Test candidate picks for axis where origin > 1
        active_axes = [j for j in range(k) if origins[j] > 1]
        best_picks = list(offsets)
        best_priced = []
        min_load = 1e9

        cand_picks_list = [list(offsets)]
        if active_axes:
            ax = active_axes[0]
            for p in range(origins[ax]):
                cp = list(offsets)
                cp[ax] += p
                cand_picks_list.append(cp)

        for cp in cand_picks_list:
            priced = []
            for w in raw:
                pr = _price_picks(ref, w, cp)
                if pr is not None:
                    priced.append((w, pr[0], pr[1]))
            if priced:
                load = sum(b[active_axes[0]] for _, _, b in priced) if active_axes else sum(pr[1][0] for pr in priced)
                if load < min_load:
                    min_load = load
                    best_picks = cp
                    best_priced = priced

        best_map = {}
        for w, B, beta in best_priced:
            mkey = (B,) + tuple(beta)
            if mkey not in best_map or (len(w), w) < (len(best_map[mkey]), best_map[mkey]):
                best_map[mkey] = w
        keys = sorted(best_map)
        keep = []
        for x in keys:
            if not any(all(p_ <= q_ for p_, q_ in zip(y, x)) for y in keep):
                keep.append(x)
        rel_picks = [best_picks[j] - offsets[j] for j in range(k)]
        cache[key] = (rel_picks, [(best_map[x], x[0], list(x[1:])) for x in keep])
    return cache[key]


def _build_staircase(v, m, k, axis, deadline, cache):
    s = m - 2
    leaves, l = [], 1
    while len(leaves) < MAX_STEPS and l <= MAX_CUT + 1 and _time.process_time() < deadline:
        origins = [1] * k
        origins[axis] = min(l, MAX_ORIGIN)
        picks, cols = _columns_pick(v, origins, deadline, cache)
        if not cols:
            return None
        lo = [1] * k
        lo[axis] = l
        ok, w = _leaf_lp(cols, origins, lo, [None] * k, s, m)
        if ok:
            leaves.append((_leaf(cols, origins, w, picks), None))
            tree = leaves[-1][0]
            for node, h in reversed(leaves[:-1]):
                tree = {'j': axis, 't': h, 'le': node, 'ge': tree}
            return tree
        if len(leaves) + 1 >= MAX_STEPS or l > MAX_CUT:
            return None
        lo_h, hi_h, best = l, MAX_CUT, None
        while lo_h <= hi_h:
            mid = (lo_h + hi_h) // 2
            hi = [None] * k
            hi[axis] = mid
            ok, w = _leaf_lp(cols, origins, lo, hi, s, m)
            if ok:
                best, lo_h = (mid, w), mid + 1
            else:
                hi_h = mid - 1
        if best is None:
            return None
        leaves.append((_leaf(cols, origins, best[1], picks), best[0]))
        l = best[0] + 1
    return None


def _certify_root(v):
    raw = _sweep_words(v, _time.process_time() + 1.2)
    priced = {}
    for w in raw:
        p = price(v, w)
        if p is not None:
            priced[w] = p
    if not priced:
        return {'words': []}

    word_list = list(priced.keys())
    m = max(v)
    k = sum(1 for x in v if x == 0)
    T = _budget(m, k)
    costs = [[priced[w][0] - T] + [b - (m - 2) for b in priced[w][1]] for w in word_list]
    n_words = len(word_list)
    dim = k + 1

    hull = set()
    for d in range(dim):
        hull.add(min(range(n_words), key=lambda i: (costs[i][d], max(costs[i]))))

    for j in range(1, dim):
        pts = sorted(range(n_words), key=lambda i: (costs[i][0], costs[i][j]))
        lower = []
        for p in pts:
            while len(lower) >= 2:
                p1, p2 = lower[-2], lower[-1]
                dx1, dy1 = costs[p2][0] - costs[p1][0], costs[p2][j] - costs[p1][j]
                dx2, dy2 = costs[p][0] - costs[p1][0], costs[p][j] - costs[p1][j]
                if dx1 * dy2 - dy1 * dx2 <= 0:
                    lower.pop()
                else:
                    break
            lower.append(p)
        for idx in lower:
            hull.add(idx)

    for j in range(1, dim):
        for ratio in (0.2, 0.5, 1.0, 2.0, 5.0):
            hull.add(min(range(n_words), key=lambda i: costs[i][0] + ratio * costs[i][j]))

    for alpha in (1.5, 3.0):
        for start_mode in ('min_max', 'min_b'):
            cur_idx = min(range(n_words), key=lambda i: (max(costs[i]), costs[i][0]) if start_mode == 'min_max' else (costs[i][0], max(costs[i])))
            cur_vec = list(costs[cur_idx])
            hull.add(cur_idx)
            for it in range(1, 35):
                mx = max(cur_vec)
                exps = [math.exp(min(50.0, alpha * (val - mx))) for val in cur_vec]
                tot = sum(exps)
                weights = [e / tot for e in exps]
                best_i = min(range(n_words), key=lambda i: sum(weights[d] * costs[i][d] for d in range(dim)))
                hull.add(best_i)
                gamma = 2.0 / (it + 2)
                for d in range(dim):
                    cur_vec[d] = (1.0 - gamma) * cur_vec[d] + gamma * costs[best_i][d]

    ordered = sorted(hull, key=lambda i: (max(costs[i]), costs[i][0], sum(costs[i])))
    selected = list(ordered[:KEEP])
    if len(selected) < KEEP:
        for idx in sorted(range(n_words), key=lambda i: (max(costs[i]), costs[i][0])):
            if idx not in selected:
                selected.append(idx)
                if len(selected) >= KEEP:
                    break
    return {'words': [word_list[i] for i in selected[:KEEP]], 'all_priced': priced}


def certify(family):
    start = _time.process_time()
    deadline = start + CPU_BUDGET
    v = family['unit_base']
    m, k = max(v), sum(1 for x in v if x == 0)

    root_res = _certify_root(v)
    root_words = root_res.get('words', [])
    root = {'words': root_words, 'origins': [1] * k}
    all_priced = root_res.get('all_priced', {})

    base = []
    for w in root_words:
        if w in all_priced:
            base.append((w, all_priced[w][0], all_priced[w][1]))
        else:
            p = price(v, w)
            if p is not None:
                base.append((w, p[0], p[1]))

    if base and _leaf_lp(base, [1] * k, [1] * k, [None] * k, m - 2, m)[0]:
        return {'tree': root}

    cache = {}
    unit_priced = [(w, cost[0], cost[1]) for w, cost in all_priced.items()]
    best_map = {}
    for w, B, beta in unit_priced:
        key = (B,) + tuple(beta)
        if key not in best_map or (len(w), w) < (len(best_map[key]), best_map[key]):
            best_map[key] = w
    keys = sorted(best_map)
    keep = []
    for x in keys:
        if not any(all(p_ <= q_ for p_, q_ in zip(y, x)) for y in keep):
            keep.append(x)
    unit_cols = [(best_map[x], x[0], list(x[1:])) for x in keep]
    cache[tuple([1] * k)] = ([0] * k, unit_cols)

    # Prioritize split axis by worst slope excess
    loads = [min((beta[j] for _, _, beta in unit_cols), default=0) for j in range(k)]
    axes = sorted(range(k), key=lambda j: (-loads[j], j))

    for axis in axes:
        if _time.process_time() > deadline:
            break
        tree = _build_staircase(v, m, k, axis, deadline, cache)
        if tree is not None:
            return {'tree': tree}

    return {'tree': root}
Iteration 9: New subsample score 3.0 is not better than old score 3.0, skipping
Iteration 10: Selected program 0 score: 0.9044764957264957
Iteration 10: Proposed new text for current_candidate: """Tree certificate builder with refined-origin staircase search and pick selection.

Evaluates lift-and-sweep candidate words on refined bases across split axes.
Optimizes origin atom placement, pick position, and multi-axis staircase branching.
"""

import itertools
import math
import time as _time

KEEP = 32
MAX_ORIGIN = 5
MAX_CUT = 12
MAX_STEPS = 8
LEAF_WORDS = 24
CPU_BUDGET = 2.65
EPS = 1e-9


def _reduce(word):
    out = []
    for ch in word:
        if out and out[-1] + ch in ('LR', 'RL', 'XX'):
            out.pop()
        else:
            out.append(ch)
    return ''.join(out)


def _lifts(v, t, perm, m, r):
    n = len(v)
    zeros = [p for p in range(n) if v[p] == 0]
    target = [0] * n
    for p in range(n):
        if v[p]:
            target[p] = (t + v[p] - 1) % n
    for i in range(r):
        target[zeros[i]] = (t + m + perm[i]) % n

    lift_bases = [
        [((target[p] - p + n // 2) % n) - n // 2 for p in range(n)]
    ]
    if n % 2 == 0:
        base2 = [((target[p] - p + n // 2 - 1) % n) - (n // 2 - 1) for p in range(n)]
        if base2 != lift_bases[0]:
            lift_bases.append(base2)

    res = []
    for rem_base in lift_bases:
        q = sum(rem_base) // n
        if q == 0:
            if rem_base not in res:
                res.append(rem_base)
            continue
        for rev_tie in (False, True):
            rem = list(rem_base)
            order = sorted(range(n), key=lambda p: (rem[p], -p if rev_tie else p), reverse=q > 0)
            for p in order[:abs(q)]:
                rem[p] -= n if q > 0 else -n
            if rem not in res:
                res.append(rem)
    return res


def _sweep(v, rem, t, mode, c_start=0, limit=4000):
    n = len(v)
    a, rem = list(v), list(rem)
    out = []
    c = 0
    if c_start != 0:
        d = c_start % n
        out.append('L' * d if d <= n - d else 'R' * (n - d))
        c = c_start % n

    def must_cross(x):
        return rem[x] - rem[(x + 1) % n] >= 2

    def cross(x):
        y = (x + 1) % n
        rx, ry = rem[x], rem[y]
        if a[x] or a[y]:
            out.append('X')
            a[x], a[y] = a[y], a[x]
        rem[x], rem[y] = ry + 1, rx - 1

    bounce_dir = 1 if mode == 'bounce_L' else -1
    bounce_steps = 0
    while any(rem) and len(out) < limit:
        if mode.startswith('greedy'):
            dirs = (1, -1) if mode == 'greedy' else (-1, 1)
            for dist in range(n):
                found = False
                for sgn in dirs:
                    pos = (c + sgn * dist) % n
                    if must_cross(pos):
                        out.append(('L' if sgn == 1 else 'R') * dist)
                        c = pos
                        found = True
                        break
                if found:
                    break
            else:
                return None
            cross(c)
            continue
        elif mode.startswith('bounce'):
            if must_cross(c):
                cross(c)
                if not any(rem):
                    break
            step_ch = 'L' if bounce_dir == 1 else 'R'
            out.append(step_ch)
            c = (c + bounce_dir) % n
            bounce_steps += 1
            if bounce_steps >= n - 1:
                bounce_dir = -bounce_dir
                bounce_steps = 0
            continue
        if must_cross(c):
            cross(c)
            if not any(rem):
                break
        out.append(mode)
        c = (c + (1 if mode == 'L' else -1)) % n
    if any(rem):
        return None
    d = (t - c) % n
    out.append('L' * d if d <= n - d else 'R' * (n - d))
    return ''.join(out)


def _price_picks(v, word, picks):
    n = len(v)
    k = len(picks)
    blk = {p: j for j, p in enumerate(picks)}
    a, g = [], 0
    for x in v:
        if x:
            a.append(x)
        else:
            a.append(-1 - g)
            g += 1
    m = n - g
    A, q, d, cz, c = [0] * k, 0, 0, [0] * k, 0
    segs = []
    for ch in word:
        if ch == 'L':
            d += 1
            if a[c] < 0 and (-1 - a[c]) in blk:
                cz[blk[-1 - a[c]]] += 1
            c = (c + 1) % n
        elif ch == 'R':
            c = (c - 1) % n
            d -= 1
            if a[c] < 0 and (-1 - a[c]) in blk:
                cz[blk[-1 - a[c]]] -= 1
        else:
            c2 = (c + 1) % n
            x, y = a[c], a[c2]
            if x < 0 and y < 0:
                return None
            q += 1
            nxt = [0] * k
            if x < 0 and (-1 - x) in blk:
                cz[blk[-1 - x]] += 1
                A[blk[-1 - x]] += 1
            elif y < 0 and (-1 - y) in blk:
                A[blk[-1 - y]] += 1
                nxt[blk[-1 - y]] = -1
            segs.append((d, cz))
            d, cz = 0, nxt
            a[c], a[c2] = y, x
    segs.append((d, cz))
    fin = a[c:] + a[:c]
    if fin[:m] != list(range(1, m + 1)):
        return None
    B = q + sum(abs(s) for s, _ in segs)
    beta = [2 * A[i] + sum(abs(z[i]) for _, z in segs) for i in range(k)]
    return B, beta


def price(v, word):
    k = sum(1 for x in v if x == 0)
    return _price_picks(v, word, list(range(k)))


def _sweep_words(v, deadline):
    n, m = len(v), max(v)
    r = n - m
    if r <= 4:
        perms = list(itertools.permutations(range(r)))
    else:
        perms = [[(s + i) % r for i in range(r)] for s in range(r)] + [
            [(s + r - 1 - i) % r for i in range(r)] for s in range(r)
        ]
    words = set()
    for t in range(n):
        if _time.process_time() > deadline:
            break
        for perm in perms:
            for rem in _lifts(v, t, perm, m, r):
                for c_start in (0, t) if t != 0 else (0,):
                    for mode in ('L', 'R', 'greedy', 'greedy_R', 'bounce_L', 'bounce_R'):
                        w = _sweep(v, rem, t, mode, c_start=c_start)
                        if w is not None:
                            w = _reduce(w)
                            if len(w) <= 4000:
                                words.add(w)
    return sorted(words, key=lambda w: (len(w), w))


_POOLS = {}


def pool(v):
    key = tuple(v)
    if key not in _POOLS:
        words = {}
        for w in _sweep_words(v, float('inf')):
            cost = price(v, w)
            if cost is not None:
                words[w] = cost
        _POOLS[key] = words
    return _POOLS[key]


def _pareto(priced):
    best = {}
    for w, B, beta in priced:
        key = (B,) + tuple(beta)
        if key not in best or (len(w), w) < (len(best[key]), best[key]):
            best[key] = w
    keys = sorted(best)
    keep = []
    for x in keys:
        if not any(all(p <= q for p, q in zip(y, x)) for y in keep):
            keep.append(x)
    return [(best[x], x[0], list(x[1:])) for x in keep]


def _simplex(A, b, c):
    rows, cols = len(A), len(c)
    T = []
    for i in range(rows):
        s = -1.0 if b[i] < 0 else 1.0
        T.append([s * x for x in A[i]] + [1.0 if r == i else 0.0 for r in range(rows)] + [s * b[i]])
    basis = list(range(cols, cols + rows))

    def pivot(r, j):
        p = T[r][j]
        T[r] = [x / p for x in T[r]]
        for i in range(rows):
            if i != r and abs(T[i][j]) > 1e-15:
                f = T[i][j]
                T[i] = [x - f * y for x, y in zip(T[i], T[r])]
        basis[r] = j

    def run(cost, allowed):
        for _ in range(2500):
            enter = None
            for j in allowed:
                if j in basis:
                    continue
                if cost[j] - sum(cost[basis[i]] * T[i][j] for i in range(rows)) < -EPS:
                    enter = j
                    break
            if enter is None:
                return True
            cand = [i for i in range(rows) if T[i][enter] > EPS]
            if not cand:
                return False
            r = min(cand, key=lambda i: (T[i][-1] / T[i][enter], basis[i]))
            pivot(r, enter)
        return False

    if not run([0.0] * cols + [1.0] * rows, range(cols + rows)):
        return None
    if sum(T[i][-1] for i in range(rows) if basis[i] >= cols) > 1e-7:
        return None
    for r in range(rows):
        if basis[r] >= cols:
            j = next((j for j in range(cols) if abs(T[r][j]) > EPS and j not in basis), None)
            if j is not None:
                pivot(r, j)
    if not run(list(c) + [0.0] * rows, range(cols)):
        return None
    x = [0.0] * cols
    for i, j in enumerate(basis):
        if j < cols:
            x[j] = T[i][-1]
    return x, sum(ci * xi for ci, xi in zip(c, x))


def _budget(m, r):
    return m * (m + 1) // 2 + (r - 1) * (m - 2)


def _refine(v, origins):
    out, j = [], 0
    for x in v:
        if x:
            out.append(x)
        else:
            out.extend([0] * origins[j])
            j += 1
    return out


def _leaf_lp(cols, origins, lo, hi, s, m):
    k = len(lo)
    n = len(cols)
    bnd = [j for j in range(k) if hi[j] is not None]
    T = _budget(m, sum(lo))
    cost = [B + sum(b * (l - o) for b, l, o in zip(beta, lo, origins)) for _, B, beta in cols]
    A = []
    for j in range(k):
        A.append([beta[j] for _, _, beta in cols] + [-1.0 if bj == j else 0.0 for bj in bnd]
                 + [1.0 if i == j else 0.0 for i in range(k)])
    A.append([1.0] * n + [0.0] * (len(bnd) + k))
    c = cost + [hi[j] - lo[j] for j in bnd] + [0.0] * k
    out = _simplex(A, [float(s)] * k + [1.0], c)
    if out is None:
        return False, None
    x, val = out
    return val < T + 1 - 1e-6, x[:n]


def _leaf(cols, origins, weights, picks=None):
    order = sorted(range(len(cols)), key=lambda i: (-weights[i], cols[i][1], i))
    words = [cols[i][0] for i in order if weights[i] > 1e-12]
    for i in order:
        if len(words) >= LEAF_WORDS:
            break
        if cols[i][0] not in words:
            words.append(cols[i][0])
    res = {'words': words[:LEAF_WORDS], 'origins': list(origins)}
    if picks is not None and picks != [sum(origins[:j]) for j in range(len(origins))]:
        res['picks'] = list(picks)
    return res


def _columns_with_pick(v, origins, pick_axis_choice, deadline, raw_words_cache):
    orig_key = tuple(origins)
    if orig_key not in raw_words_cache:
        ref = _refine(v, origins)
        raw_words_cache[orig_key] = (ref, _sweep_words(ref, deadline))
    ref, raw_words = raw_words_cache[orig_key]

    k = len(origins)
    picks = [sum(origins[:j]) for j in range(k)]
    for j, p_opt in pick_axis_choice.items():
        picks[j] = sum(origins[:j]) + p_opt

    priced = []
    for w in raw_words:
        p = _price_picks(ref, w, picks)
        if p is not None:
            priced.append((w, p[0], p[1]))
    return _pareto(priced), picks


def _staircase(v, m, k, axis, deadline, raw_cache):
    s = m - 2
    leaves, l = [], 1
    while len(leaves) < MAX_STEPS and l <= MAX_CUT + 1 and _time.process_time() < deadline:
        origins = [1] * k
        origins[axis] = min(l, MAX_ORIGIN)

        # Explore pick position along refined block
        best_cols, best_picks = None, None
        best_unbounded_ok, best_w = False, None
        lo = [1] * k
        lo[axis] = l

        tried_picks = range(origins[axis]) if origins[axis] <= 3 else (0, origins[axis] // 2, origins[axis] - 1)
        for p_opt in tried_picks:
            cols, picks = _columns_with_pick(v, origins, {axis: p_opt}, deadline, raw_cache)
            if not cols:
                continue
            ok, w = _leaf_lp(cols, origins, lo, [None] * k, s, m)
            if ok:
                best_unbounded_ok = True
                best_cols, best_picks, best_w = cols, picks, w
                break
            if best_cols is None:
                best_cols, best_picks = cols, picks

        if best_cols is None:
            return None

        if best_unbounded_ok:
            leaves.append((_leaf(best_cols, origins, best_w, best_picks), None))
            tree = leaves[-1][0]
            for node, h in reversed(leaves[:-1]):
                tree = {'j': axis, 't': h, 'le': node, 'ge': tree}
            return tree

        if len(leaves) + 1 >= MAX_STEPS or l > MAX_CUT:
            return None

        lo_h, hi_h, best_cut = l, MAX_CUT, None
        while lo_h <= hi_h:
            mid = (lo_h + hi_h) // 2
            hi = [None] * k
            hi[axis] = mid
            ok, w = _leaf_lp(best_cols, origins, lo, hi, s, m)
            if ok:
                best_cut, lo_h = (mid, w), mid + 1
            else:
                hi_h = mid - 1

        if best_cut is None:
            return None
        leaves.append((_leaf(best_cols, origins, best_cut[1], best_picks), best_cut[0]))
        l = best_cut[0] + 1
    return None


def certify(family):
    start = _time.process_time()
    deadline = start + CPU_BUDGET
    v = family['unit_base']
    m, k = max(v), sum(1 for x in v if x == 0)
    T = _budget(m, k)

    unit_words = pool(v)
    word_list = list(unit_words.keys())

    costs = []
    for w in word_list:
        B, beta = unit_words[w]
        costs.append([B - T] + [b - (m - 2) for b in beta])

    n_words = len(word_list)
    dim = k + 1
    hull_indices = set()

    for d in range(dim):
        best_idx = min(range(n_words), key=lambda i: (costs[i][d], max(costs[i])))
        hull_indices.add(best_idx)

    for j in range(1, dim):
        pts = sorted(range(n_words), key=lambda i: (costs[i][0], costs[i][j]))
        lower = []
        for p in pts:
            while len(lower) >= 2:
                p1, p2 = lower[-2], lower[-1]
                dx1, dy1 = costs[p2][0] - costs[p1][0], costs[p2][j] - costs[p1][j]
                dx2, dy2 = costs[p][0] - costs[p1][0], costs[p][j] - costs[p1][j]
                if dx1 * dy2 - dy1 * dx2 <= 0:
                    lower.pop()
                else:
                    break
            lower.append(p)
        for idx in lower:
            hull_indices.add(idx)

    for j in range(1, dim):
        for ratio in (0.1, 0.25, 0.5, 1.0, 2.0, 4.0, 10.0):
            best_idx = min(range(n_words), key=lambda i: costs[i][0] + ratio * costs[i][j])
            hull_indices.add(best_idx)

    for alpha in (1.5, 3.0):
        for start_mode in ('min_max', 'min_b'):
            if start_mode == 'min_max':
                cur_idx = min(range(n_words), key=lambda i: (max(costs[i]), costs[i][0]))
            else:
                cur_idx = min(range(n_words), key=lambda i: (costs[i][0], max(costs[i])))
            cur_vec = list(costs[cur_idx])
            hull_indices.add(cur_idx)
            for it in range(1, 40):
                mx = max(cur_vec)
                exps = [math.exp(min(50.0, alpha * (val - mx))) for val in cur_vec]
                tot = sum(exps)
                weights = [e / tot for e in exps]
                best_i = min(range(n_words), key=lambda i: sum(weights[d] * costs[i][d] for d in range(dim)))
                hull_indices.add(best_i)
                gamma = 2.0 / (it + 2)
                for d in range(dim):
                    cur_vec[d] = (1.0 - gamma) * cur_vec[d] + gamma * costs[best_i][d]

    ordered = sorted(hull_indices, key=lambda i: (max(costs[i]), costs[i][0], sum(costs[i])))
    selected_indices = list(ordered[:KEEP])
    if len(selected_indices) < KEEP:
        by_max = sorted(range(n_words), key=lambda i: (max(costs[i]), costs[i][0]))
        for idx in by_max:
            if idx not in selected_indices:
                selected_indices.append(idx)
                if len(selected_indices) >= KEEP:
                    break

    res_words = [word_list[i] for i in selected_indices[:KEEP]]
    root = {'words': res_words, 'origins': [1] * k}

    base = [(w, unit_words[w][0], list(unit_words[w][1])) for w in res_words if w in unit_words]
    if base and _leaf_lp(base, [1] * k, [1] * k, [None] * k, m - 2, m)[0]:
        return {'tree': root}

    raw_cache = {tuple([1] * k): (v, word_list)}
    unit_priced = [(w, unit_words[w][0], list(unit_words[w][1])) for w in word_list]
    unit_pareto = _pareto(unit_priced)

    load = [min(beta[j] for _, _, beta in unit_pareto) if unit_pareto else 0 for j in range(k)]
    axes = sorted(range(k), key=lambda j: (-load[j], j))

    for axis in axes:
        if _time.process_time() > deadline:
            break
        tree = _staircase(v, m, k, axis, deadline, raw_cache)
        if tree is not None:
            return {'tree': tree}

    return {'tree': root}
Iteration 10: New subsample score 3.0 is not better than old score 3.0, skipping
Iteration 11: Selected program 0 score: 0.9044764957264957
Iteration 11: Proposed new text for current_candidate: """Tree certifier: sweep generator with pick-optimization, refined origins, and 2-axis split exploration."""

import itertools
import math
import time as _time

KEEP = 32
MAX_ORIGIN = 5
MAX_CUT = 12
MAX_STEPS = 8
LEAF_WORDS = 24
CPU_BUDGET = 2.85
EPS = 1e-9


def _reduce(word):
    out = []
    for ch in word:
        if out and out[-1] + ch in ('LR', 'RL', 'XX'):
            out.pop()
        else:
            out.append(ch)
    return ''.join(out)


def _lifts(v, t, perm, m, r):
    n = len(v)
    zeros = [p for p in range(n) if v[p] == 0]
    target = [0] * n
    for p in range(n):
        if v[p]:
            target[p] = (t + v[p] - 1) % n
    for i in range(r):
        target[zeros[i]] = (t + m + perm[i]) % n

    lift_bases = []
    base1 = [((target[p] - p + n // 2) % n) - n // 2 for p in range(n)]
    lift_bases.append(base1)
    if n % 2 == 0:
        base2 = [((target[p] - p + n // 2 - 1) % n) - (n // 2 - 1) for p in range(n)]
        if base2 != base1:
            lift_bases.append(base2)

    res = []
    for rem_base in lift_bases:
        q = sum(rem_base) // n
        if q == 0:
            if rem_base not in res:
                res.append(rem_base)
            continue
        for rev_tie in (False, True):
            rem = list(rem_base)
            order = sorted(range(n), key=lambda p: (rem[p], -p if rev_tie else p), reverse=q > 0)
            for p in order[:abs(q)]:
                rem[p] -= n if q > 0 else -n
            if rem not in res:
                res.append(rem)
    return res


def _sweep(v, rem, t, mode, c_start=0, limit=4000):
    n = len(v)
    a, rem = list(v), list(rem)
    out = []
    c = 0
    if c_start != 0:
        d = c_start % n
        out.append('L' * d if d <= n - d else 'R' * (n - d))
        c = c_start % n

    def must_cross(x):
        return rem[x] - rem[(x + 1) % n] >= 2

    def cross(x):
        y = (x + 1) % n
        rx, ry = rem[x], rem[y]
        if a[x] or a[y]:
            out.append('X')
            a[x], a[y] = a[y], a[x]
        rem[x], rem[y] = ry + 1, rx - 1

    bounce_dir = 1 if mode == 'bounce_L' else -1
    bounce_steps = 0
    while any(rem) and len(out) < limit:
        if mode.startswith('greedy'):
            dirs = (1, -1) if mode == 'greedy' else (-1, 1)
            for dist in range(n):
                found = False
                for sgn in dirs:
                    pos = (c + sgn * dist) % n
                    if must_cross(pos):
                        out.append(('L' if sgn == 1 else 'R') * dist)
                        c = pos
                        found = True
                        break
                if found:
                    break
            else:
                return None
            cross(c)
            continue
        elif mode.startswith('bounce'):
            if must_cross(c):
                cross(c)
                if not any(rem):
                    break
            step_ch = 'L' if bounce_dir == 1 else 'R'
            out.append(step_ch)
            c = (c + bounce_dir) % n
            bounce_steps += 1
            if bounce_steps >= n - 1:
                bounce_dir = -bounce_dir
                bounce_steps = 0
            continue
        if must_cross(c):
            cross(c)
            if not any(rem):
                break
        out.append(mode)
        c = (c + (1 if mode == 'L' else -1)) % n
    if any(rem):
        return None
    d = (t - c) % n
    out.append('L' * d if d <= n - d else 'R' * (n - d))
    return ''.join(out)


def price(v, word):
    n, k = len(v), sum(1 for x in v if x == 0)
    a, j = [], 0
    for x in v:
        if x:
            a.append(x)
        else:
            j += 1
            a.append(-j)
    segs, A, q, d, cz, c = [], [0] * k, 0, 0, [0] * k, 0
    for ch in word:
        if ch == 'L':
            d += 1
            if a[c] < 0:
                cz[-a[c] - 1] += 1
            c = (c + 1) % n
        elif ch == 'R':
            c = (c - 1) % n
            d -= 1
            if a[c] < 0:
                cz[-a[c] - 1] -= 1
        else:
            c2 = (c + 1) % n
            x, y = a[c], a[c2]
            if x < 0 and y < 0:
                return None
            q += 1
            nxt = [0] * k
            if x < 0:
                cz[-x - 1] += 1
                A[-x - 1] += 1
            elif y < 0:
                A[-y - 1] += 1
                nxt[-y - 1] = -1
            segs.append((d, cz))
            d, cz = 0, nxt
            a[c], a[c2] = y, x
    segs.append((d, cz))
    fin = a[c:] + a[:c]
    m = n - k
    if fin[:m] != list(range(1, m + 1)):
        return None
    B = q + sum(abs(s) for s, _ in segs)
    beta = [2 * A[i] + sum(abs(z[i]) for _, z in segs) for i in range(k)]
    return B, beta


def _budget(m, r):
    return m * (m + 1) // 2 + (r - 1) * (m - 2)


def _refine(v, origins):
    out, j = [], 0
    for x in v:
        if x:
            out.append(x)
        else:
            out.extend([0] * origins[j])
            j += 1
    return out


def _price_all_zeros(v, word):
    n = len(v)
    zeros = [i for i, x in enumerate(v) if x == 0]
    total_zeros = len(zeros)
    z_idx = {pos: idx for idx, pos in enumerate(zeros)}
    a = list(v)
    for idx, pos in enumerate(zeros):
        a[pos] = -1 - idx

    m = n - total_zeros
    A, q, d, cz, c = [0] * total_zeros, 0, 0, [0] * total_zeros, 0
    segs = []
    for ch in word:
        if ch == 'L':
            d += 1
            if a[c] < 0:
                cz[-1 - a[c]] += 1
            c = (c + 1) % n
        elif ch == 'R':
            c = (c - 1) % n
            d -= 1
            if a[c] < 0:
                cz[-1 - a[c]] -= 1
        else:
            c2 = (c + 1) % n
            x, y = a[c], a[c2]
            if x < 0 and y < 0:
                return None
            q += 1
            nxt = [0] * total_zeros
            if x < 0:
                cz[-1 - x] += 1
                A[-1 - x] += 1
            elif y < 0:
                A[-1 - y] += 1
                nxt[-1 - y] = -1
            segs.append((d, cz))
            d, cz = 0, nxt
            a[c], a[c2] = y, x
    segs.append((d, cz))
    fin = a[c:] + a[:c]
    if fin[:m] != list(range(1, m + 1)):
        return None
    B = q + sum(abs(s) for s, _ in segs)
    all_betas = [2 * A[i] + sum(abs(z[i]) for _, z in segs) for i in range(total_zeros)]
    return B, all_betas


def _sweep_words(v, deadline):
    n, m = len(v), max(v)
    r = n - m
    if r <= 4:
        perms = list(itertools.permutations(range(r)))
    else:
        perms = [[(s + i) % r for i in range(r)] for s in range(r)] + [
            [(s + r - 1 - i) % r for i in range(r)] for s in range(r)]
    words = set()
    modes = ('L', 'R', 'greedy', 'greedy_R', 'bounce_L', 'bounce_R')
    for t in range(n):
        if _time.process_time() > deadline:
            break
        for perm in perms:
            for rem in _lifts(v, t, perm, m, r):
                for c_start in (0, t) if t != 0 else (0,):
                    for mode in modes:
                        w = _sweep(v, rem, t, mode, c_start=c_start)
                        if w is not None:
                            w = _reduce(w)
                            if len(w) <= 4000:
                                words.add(w)
    return sorted(words, key=lambda w: (len(w), w))


def _pareto(priced):
    best = {}
    for w, B, beta, pick in priced:
        key = (B,) + tuple(beta)
        if key not in best or len(w) < len(best[key][0]):
            best[key] = (w, pick)
    keys = sorted(best)
    keep = []
    for x in keys:
        if not any(all(p <= q for p, q in zip(y, x)) for y in keep):
            keep.append(x)
    return [(best[x][0], x[0], list(x[1:]), best[x][1]) for x in keep]


def _simplex(A, b, c):
    rows, cols = len(A), len(c)
    T = []
    for i in range(rows):
        s = -1.0 if b[i] < 0 else 1.0
        T.append([s * x for x in A[i]] + [1.0 if r == i else 0.0 for r in range(rows)] + [s * b[i]])
    basis = list(range(cols, cols + rows))

    def pivot(r, j):
        p = T[r][j]
        inv = 1.0 / p
        T[r] = [x * inv for x in T[r]]
        for i in range(rows):
            if i != r:
                f = T[i][j]
                if abs(f) > 1e-15:
                    T[i] = [x - f * y for x, y in zip(T[i], T[r])]
        basis[r] = j

    def run(cost, allowed):
        for _ in range(2500):
            enter = None
            for j in allowed:
                if j in basis:
                    continue
                if cost[j] - sum(cost[basis[i]] * T[i][j] for i in range(rows)) < -EPS:
                    enter = j
                    break
            if enter is None:
                return True
            cand = [i for i in range(rows) if T[i][enter] > EPS]
            if not cand:
                return False
            r = min(cand, key=lambda i: (T[i][-1] / T[i][enter], basis[i]))
            pivot(r, enter)
        return False

    if not run([0.0] * cols + [1.0] * rows, range(cols + rows)):
        return None
    if sum(T[i][-1] for i in range(rows) if basis[i] >= cols) > 1e-7:
        return None
    for r in range(rows):
        if basis[r] >= cols:
            j = next((j for j in range(cols) if abs(T[r][j]) > EPS and j not in basis), None)
            if j is not None:
                pivot(r, j)
    if not run(list(c) + [0.0] * rows, range(cols)):
        return None
    x = [0.0] * cols
    for i, j in enumerate(basis):
        if j < cols:
            x[j] = T[i][-1]
    return x, sum(ci * xi for ci, xi in zip(c, x))


def _leaf_lp(cols, origins, lo, hi, s, m):
    k = len(lo)
    n = len(cols)
    bnd = [j for j in range(k) if hi[j] is not None]
    T = _budget(m, sum(lo))
    cost = [B + sum(b * (l - o) for b, l, o in zip(beta, lo, origins)) for _, B, beta, _ in cols]
    A = []
    for j in range(k):
        A.append([beta[j] for _, _, beta, _ in cols] + [-1.0 if bj == j else 0.0 for bj in bnd]
                 + [1.0 if i == j else 0.0 for i in range(k)])
    A.append([1.0] * n + [0.0] * (len(bnd) + k))
    c = cost + [hi[j] - lo[j] for j in bnd] + [0.0] * k
    out = _simplex(A, [float(s)] * k + [1.0], c)
    if out is None:
        return False, None
    x, val = out
    return val < T + 1 - 1e-6, x[:n]


def _leaf(cols, origins, weights):
    order = sorted(range(len(cols)), key=lambda i: (-weights[i], cols[i][1], i))
    chosen_words = []
    chosen_picks = None
    for i in order:
        if weights[i] > 1e-12 or len(chosen_words) < LEAF_WORDS:
            w, _, _, pick = cols[i]
            if w not in chosen_words:
                chosen_words.append(w)
                if chosen_picks is None:
                    chosen_picks = pick
            if len(chosen_words) >= LEAF_WORDS:
                break
    leaf_dict = {'words': chosen_words[:LEAF_WORDS], 'origins': list(origins)}
    if chosen_picks and any(p != 0 for p in chosen_picks):
        leaf_dict['picks'] = list(chosen_picks)
    return leaf_dict


def _get_columns(v, origins, deadline, raw_words_cache):
    ref_key = tuple(origins)
    if ref_key not in raw_words_cache:
        ref = _refine(v, origins)
        priced_raw = []
        for w in _sweep_words(ref, deadline):
            p = _price_all_zeros(ref, w)
            if p is not None:
                priced_raw.append((w, p[0], p[1]))
        raw_words_cache[ref_key] = priced_raw
    priced_raw = raw_words_cache[ref_key]

    k = len(origins)
    best_pick_rel = [0] * k
    offsets = []
    curr = 0
    for o in origins:
        offsets.append(curr)
        curr += o

    for j in range(k):
        if origins[j] > 1:
            best_rel = min(
                range(origins[j]),
                key=lambda p_rel: min((p[1][offsets[j] + p_rel] for p in priced_raw), default=9999)
            )
            best_pick_rel[j] = best_rel

    priced = []
    for w, B, all_betas in priced_raw:
        beta = [all_betas[offsets[j] + best_pick_rel[j]] for j in range(k)]
        priced.append((w, B, beta, best_pick_rel))

    return _pareto(priced)


def _staircase_on_axis(v, m, k, axis, deadline, raw_words_cache, cols_cache):
    s = m - 2
    leaves, l = [], 1
    while len(leaves) < MAX_STEPS and l <= MAX_CUT + 1 and _time.process_time() < deadline:
        origins = [1] * k
        origins[axis] = min(l, MAX_ORIGIN)
        cache_key = (tuple(origins), axis)
        if cache_key not in cols_cache:
            cols_cache[cache_key] = _get_columns(v, origins, deadline, raw_words_cache)
        cols = cols_cache[cache_key]
        if not cols:
            return None
        lo = [1] * k
        lo[axis] = l
        ok, w = _leaf_lp(cols, origins, lo, [None] * k, s, m)
        if ok:
            leaves.append((_leaf(cols, origins, w), None))
            tree = leaves[-1][0]
            for node, h in reversed(leaves[:-1]):
                tree = {'j': axis, 't': h, 'le': node, 'ge': tree}
            return tree
        if len(leaves) + 1 >= MAX_STEPS or l > MAX_CUT:
            return None
        lo_h, hi_h, best = l, MAX_CUT, None
        while lo_h <= hi_h:
            mid = (lo_h + hi_h) // 2
            hi = [None] * k
            hi[axis] = mid
            ok, w = _leaf_lp(cols, origins, lo, hi, s, m)
            if ok:
                best, lo_h = (mid, w), mid + 1
            else:
                hi_h = mid - 1
        if best is None:
            return None
        leaves.append((_leaf(cols, origins, best[1]), best[0]))
        l = best[0] + 1
    return None


def certify(family):
    start = _time.process_time()
    deadline = start + CPU_BUDGET
    v = family['unit_base']
    m = max(v)
    k = sum(1 for x in v if x == 0)
    s = m - 2

    raw_words_cache = {}
    cols_cache = {}

    unit_origins = [1] * k
    unit_cols = _get_columns(v, unit_origins, deadline, raw_words_cache)
    if unit_cols:
        ok, w = _leaf_lp(unit_cols, unit_origins, [1] * k, [None] * k, s, m)
        if ok:
            return {'tree': _leaf(unit_cols, unit_origins, w)}

    if unit_cols:
        load = [min(beta[j] for _, _, beta, _ in unit_cols) for j in range(k)]
        candidate_axes = sorted(range(k), key=lambda j: (-load[j], j))
    else:
        candidate_axes = list(range(k))

    for axis in candidate_axes:
        if _time.process_time() > deadline:
            break
        tree = _staircase_on_axis(v, m, k, axis, deadline, raw_words_cache, cols_cache)
        if tree is not None:
            return {'tree': tree}

    # 2-axis split fallback: split worst axis at cut 1..3, then staircase on 2nd axis
    if len(candidate_axes) >= 2 and _time.process_time() < deadline - 0.2:
        ax1, ax2 = candidate_axes[0], candidate_axes[1]
        for cut1 in (1, 2):
            if _time.process_time() > deadline - 0.15:
                break
            orig_le = [1] * k
            cols_le = _get_columns(v, orig_le, deadline, raw_words_cache)
            hi_le = [None] * k
            hi_le[ax1] = cut1
            ok_le, w_le = _leaf_lp(cols_le, orig_le, [1] * k, hi_le, s, m)
            if ok_le:
                node_le = _leaf(cols_le, orig_le, w_le)
                orig_ge = [1] * k
                orig_ge[ax1] = min(cut1 + 1, MAX_ORIGIN)
                cols_ge = _get_columns(v, orig_ge, deadline, raw_words_cache)
                lo_ge = [1] * k
                lo_ge[ax1] = cut1 + 1
                ok_ge, w_ge = _leaf_lp(cols_ge, orig_ge, lo_ge, [None] * k, s, m)
                if ok_ge:
                    node_ge = _leaf(cols_ge, orig_ge, w_ge)
                    return {'tree': {'j': ax1, 't': cut1, 'le': node_le, 'ge': node_ge}}

    # Fallback to best effort unit root leaf
    if unit_cols:
        order = sorted(range(len(unit_cols)), key=lambda i: (unit_cols[i][1], i))
        words = [unit_cols[i][0] for i in order[:KEEP]]
    else:
        words = []
    return {'tree': {'words': words, 'origins': unit_origins}}
Iteration 11: New subsample score 3.0 is not better than old score 3.0, skipping
Iteration 12: Selected program 0 score: 0.9044764957264957
Iteration 12: Proposed new text for current_candidate: """Tree certifier with multi-axis staircases and optimal stretched-atom picks."""

import itertools
import math
import time as _time

KEEP = 32
MAX_ORIGIN = 5
MAX_CUT = 12
MAX_STEPS = 8
LEAF_WORDS = 24
CPU_BUDGET = 2.65
EPS = 1e-9


def _reduce(word):
    out = []
    for ch in word:
        if out and out[-1] + ch in ('LR', 'RL', 'XX'):
            out.pop()
        else:
            out.append(ch)
    return ''.join(out)


def _lifts(v, t, perm, m, r):
    n = len(v)
    zeros = [p for p in range(n) if v[p] == 0]
    target = [0] * n
    for p in range(n):
        if v[p]:
            target[p] = (t + v[p] - 1) % n
    for i in range(r):
        target[zeros[i]] = (t + m + perm[i]) % n

    lift_bases = []
    base1 = [((target[p] - p + n // 2) % n) - n // 2 for p in range(n)]
    lift_bases.append(base1)
    if n % 2 == 0:
        base2 = [((target[p] - p + n // 2 - 1) % n) - (n // 2 - 1) for p in range(n)]
        if base2 != base1:
            lift_bases.append(base2)

    res = []
    for rem_base in lift_bases:
        q = sum(rem_base) // n
        if q == 0:
            if rem_base not in res:
                res.append(rem_base)
            continue
        for rev_tie in (False, True):
            rem = list(rem_base)
            order = sorted(range(n), key=lambda p: (rem[p], -p if rev_tie else p), reverse=q > 0)
            for p in order[:abs(q)]:
                rem[p] -= n if q > 0 else -n
            if rem not in res:
                res.append(rem)
    return res


def _sweep(v, rem, t, mode, c_start=0, limit=4000):
    n = len(v)
    a, rem = list(v), list(rem)
    out = []
    c = 0
    if c_start != 0:
        d = c_start % n
        out.append('L' * d if d <= n - d else 'R' * (n - d))
        c = c_start % n

    def must_cross(x):
        return rem[x] - rem[(x + 1) % n] >= 2

    def cross(x):
        y = (x + 1) % n
        rx, ry = rem[x], rem[y]
        if a[x] or a[y]:
            out.append('X')
            a[x], a[y] = a[y], a[x]
        rem[x], rem[y] = ry + 1, rx - 1

    bounce_dir = 1 if mode == 'bounce_L' else -1
    bounce_steps = 0
    while any(rem) and len(out) < limit:
        if mode.startswith('greedy'):
            dirs = (1, -1) if mode == 'greedy' else (-1, 1)
            for dist in range(n):
                found = False
                for sgn in dirs:
                    pos = (c + sgn * dist) % n
                    if must_cross(pos):
                        out.append(('L' if sgn == 1 else 'R') * dist)
                        c = pos
                        found = True
                        break
                if found:
                    break
            else:
                return None
            cross(c)
            continue
        elif mode.startswith('bounce'):
            if must_cross(c):
                cross(c)
                if not any(rem):
                    break
            step_ch = 'L' if bounce_dir == 1 else 'R'
            out.append(step_ch)
            c = (c + bounce_dir) % n
            bounce_steps += 1
            if bounce_steps >= n - 1:
                bounce_dir = -bounce_dir
                bounce_steps = 0
            continue
        if must_cross(c):
            cross(c)
            if not any(rem):
                break
        out.append(mode)
        c = (c + (1 if mode == 'L' else -1)) % n
    if any(rem):
        return None
    d = (t - c) % n
    out.append('L' * d if d <= n - d else 'R' * (n - d))
    return ''.join(out)


def price(v, word):
    n, k = len(v), sum(1 for x in v if x == 0)
    a, j = [], 0
    for x in v:
        if x:
            a.append(x)
        else:
            j += 1
            a.append(-j)
    segs, A, q, d, cz, c = [], [0] * k, 0, 0, [0] * k, 0
    for ch in word:
        if ch == 'L':
            d += 1
            if a[c] < 0:
                cz[-a[c] - 1] += 1
            c = (c + 1) % n
        elif ch == 'R':
            c = (c - 1) % n
            d -= 1
            if a[c] < 0:
                cz[-a[c] - 1] -= 1
        else:
            c2 = (c + 1) % n
            x, y = a[c], a[c2]
            if x < 0 and y < 0:
                return None
            q += 1
            nxt = [0] * k
            if x < 0:
                cz[-x - 1] += 1
                A[-x - 1] += 1
            elif y < 0:
                A[-y - 1] += 1
                nxt[-y - 1] = -1
            segs.append((d, cz))
            d, cz = 0, nxt
            a[c], a[c2] = y, x
    segs.append((d, cz))
    fin = a[c:] + a[:c]
    m = n - k
    if fin[:m] != list(range(1, m + 1)):
        return None
    B = q + sum(abs(s) for s, _ in segs)
    beta = [2 * A[i] + sum(abs(z[i]) for _, z in segs) for i in range(k)]
    return B, beta


def _budget(m, r):
    return m * (m + 1) // 2 + (r - 1) * (m - 2)


def _refine(v, origins):
    out, j = [], 0
    for x in v:
        if x:
            out.append(x)
        else:
            out.extend([0] * origins[j])
            j += 1
    return out


def _price_all_atoms(v, word):
    """Sort tracking on refined v; returns (B, beta_per_atom) or None if invalid."""
    n = len(v)
    g = sum(1 for x in v if x == 0)
    a, idx = [], 0
    for x in v:
        if x:
            a.append(x)
        else:
            a.append(-1 - idx)
            idx += 1
    m = n - g
    A, q, d, cz, c = [0] * g, 0, 0, [0] * g, 0
    segs = []
    for ch in word:
        if ch == 'L':
            d += 1
            if a[c] < 0:
                cz[-1 - a[c]] += 1
            c = (c + 1) % n
        elif ch == 'R':
            c = (c - 1) % n
            d -= 1
            if a[c] < 0:
                cz[-1 - a[c]] -= 1
        else:
            c2 = (c + 1) % n
            x, y = a[c], a[c2]
            if x < 0 and y < 0:
                return None
            q += 1
            nxt = [0] * g
            if x < 0:
                cz[-1 - x] += 1
                A[-1 - x] += 1
            elif y < 0:
                A[-1 - y] += 1
                nxt[-1 - y] = -1
            segs.append((d, cz))
            d, cz = 0, nxt
            a[c], a[c2] = y, x
    segs.append((d, cz))
    fin = a[c:] + a[:c]
    if fin[:m] != list(range(1, m + 1)):
        return None
    B = q + sum(abs(s) for s, _ in segs)
    beta_all = [2 * A[i] + sum(abs(z[i]) for _, z in segs) for i in range(g)]
    return B, beta_all


def _sweep_words(v, deadline):
    n, m = len(v), max(v)
    r = n - m
    if r <= 4:
        perms = list(itertools.permutations(range(r)))
    else:
        perms = [[(s + i) % r for i in range(r)] for s in range(r)] + [
            [(s + r - 1 - i) % r for i in range(r)] for s in range(r)]
    words = set()
    for t in range(n):
        if _time.process_time() > deadline:
            break
        for perm in perms:
            for rem in _lifts(v, t, perm, m, r):
                for c_start in (0, t) if t != 0 else (0,):
                    for mode in ('L', 'R', 'greedy', 'greedy_R', 'bounce_L', 'bounce_R'):
                        w = _sweep(v, rem, t, mode, c_start=c_start)
                        if w is not None:
                            w = _reduce(w)
                            if len(w) <= 4000:
                                words.add(w)
    return sorted(words, key=lambda w: (len(w), w))


def _pareto(priced):
    best = {}
    for w, B, beta in priced:
        key = (B,) + tuple(beta)
        if key not in best or (len(w), w) < (len(best[key]), best[key]):
            best[key] = w
    keys = sorted(best)
    keep = []
    for x in keys:
        if not any(all(p <= q for p, q in zip(y, x)) for y in keep):
            keep.append(x)
    return [(best[x], x[0], list(x[1:])) for x in keep]


def _simplex(A, b, c):
    rows, cols = len(A), len(c)
    T = []
    for i in range(rows):
        s = -1.0 if b[i] < 0 else 1.0
        T.append([s * x for x in A[i]] + [1.0 if r == i else 0.0 for r in range(rows)] + [s * b[i]])
    basis = list(range(cols, cols + rows))

    def pivot(r, j):
        p = T[r][j]
        T[r] = [x / p for x in T[r]]
        for i in range(rows):
            if i != r and abs(T[i][j]) > 1e-15:
                f = T[i][j]
                T[i] = [x - f * y for x, y in zip(T[i], T[r])]
        basis[r] = j

    def run(cost, allowed):
        for _ in range(2500):
            enter = None
            for j in allowed:
                if j in basis:
                    continue
                if cost[j] - sum(cost[basis[i]] * T[i][j] for i in range(rows)) < -EPS:
                    enter = j
                    break
            if enter is None:
                return True
            cand = [i for i in range(rows) if T[i][enter] > EPS]
            if not cand:
                return False
            r = min(cand, key=lambda i: (T[i][-1] / T[i][enter], basis[i]))
            pivot(r, enter)
        return False

    if not run([0.0] * cols + [1.0] * rows, range(cols + rows)):
        return None
    if sum(T[i][-1] for i in range(rows) if basis[i] >= cols) > 1e-7:
        return None
    for r in range(rows):
        if basis[r] >= cols:
            j = next((j for j in range(cols) if abs(T[r][j]) > EPS and j not in basis), None)
            if j is not None:
                pivot(r, j)
    if not run(list(c) + [0.0] * rows, range(cols)):
        return None
    x = [0.0] * cols
    for i, j in enumerate(basis):
        if j < cols:
            x[j] = T[i][-1]
    return x, sum(ci * xi for ci, xi in zip(c, x))


def _leaf_lp(cols, origins, lo, hi, s, m):
    k = len(lo)
    n = len(cols)
    bnd = [j for j in range(k) if hi[j] is not None]
    T = _budget(m, sum(lo))
    cost = [B + sum(b * (l - o) for b, l, o in zip(beta, lo, origins)) for _, B, beta in cols]
    A = []
    for j in range(k):
        A.append([beta[j] for _, _, beta in cols] + [-1.0 if bj == j else 0.0 for bj in bnd]
                 + [1.0 if i == j else 0.0 for i in range(k)])
    A.append([1.0] * n + [0.0] * (len(bnd) + k))
    c = cost + [hi[j] - lo[j] for j in bnd] + [0.0] * k
    out = _simplex(A, [float(s)] * k + [1.0], c)
    if out is None:
        return False, None
    x, val = out
    return val < T + 1 - 1e-6, x[:n]


def _leaf(cols, origins, picks, weights):
    order = sorted(range(len(cols)), key=lambda i: (-weights[i], cols[i][1], i))
    words = [cols[i][0] for i in order if weights[i] > 1e-12]
    for i in order:
        if len(words) >= LEAF_WORDS:
            break
        if cols[i][0] not in words:
            words.append(cols[i][0])
    node = {'words': words[:LEAF_WORDS], 'origins': list(origins)}
    if picks is not None and any(p != 0 for p in picks):
        node['picks'] = list(picks)
    return node


def _columns_picks(v, origins, picks, deadline, cache):
    key = (tuple(origins), tuple(picks))
    if key not in cache:
        raw_key = tuple(origins)
        if raw_key not in cache:
            ref = _refine(v, origins)
            parsed = []
            for w in _sweep_words(ref, deadline):
                res = _price_all_atoms(ref, w)
                if res is not None:
                    parsed.append((w, res[0], res[1]))
            cache[raw_key] = parsed
        raw = cache[raw_key]
        priced = []
        k = len(origins)
        starts = [0] * k
        cur = 0
        for j in range(k):
            starts[j] = cur
            cur += origins[j]
        atom_indices = [starts[j] + picks[j] for j in range(k)]
        for w, B, all_b in raw:
            priced.append((w, B, [all_b[ai] for ai in atom_indices]))
        cache[key] = _pareto(priced)
    return cache[key]


def _best_cols_picks(v, origins, deadline, cache, lo, hi, s, m):
    """Find the pick configuration that passes or maximizes LP success."""
    k = len(origins)
    active = [j for j in range(k) if origins[j] > 1]
    best_cand = None
    if not active:
        picks = [0] * k
        cols = _columns_picks(v, origins, picks, deadline, cache)
        ok, w = _leaf_lp(cols, origins, lo, hi, s, m)
        return cols, picks, ok, w

    cand_picks = []
    if len(active) == 1:
        j = active[0]
        for p in range(origins[j]):
            pk = [0] * k
            pk[j] = p
            cand_picks.append(pk)
    else:
        j1, j2 = active[0], active[1]
        for p1 in (0, origins[j1] // 2, origins[j1] - 1):
            for p2 in (0, origins[j2] // 2, origins[j2] - 1):
                pk = [0] * k
                pk[j1], pk[j2] = p1, p2
                cand_picks.append(pk)

    for pk in cand_picks:
        cols = _columns_picks(v, origins, pk, deadline, cache)
        if not cols:
            continue
        ok, w = _leaf_lp(cols, origins, lo, hi, s, m)
        if ok:
            return cols, pk, True, w
        if best_cand is None:
            best_cand = (cols, pk, ok, w)
    return best_cand if best_cand is not None else ([], [0] * k, False, None)


def _staircase(v, m, k, axis, deadline, cache, lo_box=None):
    s = m - 2
    leaves = []
    l = lo_box[axis] if lo_box else 1
    base_lo = list(lo_box) if lo_box else [1] * k
    while len(leaves) < MAX_STEPS and l <= MAX_CUT + 1 and _time.process_time() < deadline:
        origins = [1] * k
        origins[axis] = min(l, MAX_ORIGIN)
        lo = list(base_lo)
        lo[axis] = l
        cols, pk, ok, w = _best_cols_picks(v, origins, deadline, cache, lo, [None] * k, s, m)
        if ok:
            leaves.append((_leaf(cols, origins, pk, w), None))
            tree = leaves[-1][0]
            for node, h in reversed(leaves[:-1]):
                tree = {'j': axis, 't': h, 'le': node, 'ge': tree}
            return tree
        if len(leaves) + 1 >= MAX_STEPS or l > MAX_CUT:
            return None
        lo_h, hi_h, best = l, MAX_CUT, None
        while lo_h <= hi_h:
            mid = (lo_h + hi_h) // 2
            hi = [None] * k
            hi[axis] = mid
            c_mid, pk_mid, ok_mid, w_mid = _best_cols_picks(v, origins, deadline, cache, lo, hi, s, m)
            if ok_mid:
                best, lo_h = (mid, c_mid, pk_mid, w_mid), mid + 1
            else:
                hi_h = mid - 1
        if best is None:
            return None
        h_val, b_cols, b_pk, b_w = best
        leaves.append((_leaf(b_cols, origins, b_pk, b_w), h_val))
        l = h_val + 1
    return None


def certify(family):
    start = _time.process_time()
    deadline = start + CPU_BUDGET
    v = family['unit_base']
    m = max(v)
    k = sum(1 for x in v if x == 0)
    s = m - 2
    T = _budget(m, k)

    cache = {}
    unit_priced = []
    for w in _sweep_words(v, deadline):
        p = price(v, w)
        if p is not None:
            unit_priced.append((w, p[0], p[1]))
    unit = _pareto(unit_priced)
    if unit:
        cache[(tuple([1] * k), tuple([0] * k))] = unit

    costs = []
    for w, B, beta in unit:
        costs.append([B - T] + [b - s for b in beta])
    n_words = len(unit)
    dim = k + 1

    selected = set()
    for d in range(dim):
        best_idx = min(range(n_words), key=lambda i: (costs[i][d], max(costs[i])))
        selected.add(best_idx)

    for j in range(1, dim):
        pts = sorted(range(n_words), key=lambda i: (costs[i][0], costs[i][j]))
        lower = []
        for p in pts:
            while len(lower) >= 2:
                p1, p2 = lower[-2], lower[-1]
                dx1, dy1 = costs[p2][0] - costs[p1][0], costs[p2][j] - costs[p1][j]
                dx2, dy2 = costs[p][0] - costs[p1][0], costs[p][j] - costs[p1][j]
                if dx1 * dy2 - dy1 * dx2 <= 0:
                    lower.pop()
                else:
                    break
            lower.append(p)
        for idx in lower:
            selected.add(idx)

    for j in range(1, dim):
        for ratio in (0.1, 0.25, 0.5, 1.0, 2.0, 4.0, 10.0):
            best_idx = min(range(n_words), key=lambda i: costs[i][0] + ratio * costs[i][j])
            selected.add(best_idx)

    for alpha in (1.5, 3.0):
        for start_mode in ('min_max', 'min_b'):
            if start_mode == 'min_max':
                cur_idx = min(range(n_words), key=lambda i: (max(costs[i]), costs[i][0]))
            else:
                cur_idx = min(range(n_words), key=lambda i: (costs[i][0], max(costs[i])))
            cur_vec = list(costs[cur_idx])
            selected.add(cur_idx)
            for it in range(1, 40):
                mx = max(cur_vec)
                exps = [math.exp(min(50.0, alpha * (val - mx))) for val in cur_vec]
                tot = sum(exps)
                weights = [e / tot for e in exps]
                best_i = min(range(n_words), key=lambda i: sum(weights[d] * costs[i][d] for d in range(dim)))
                selected.add(best_i)
                gamma = 2.0 / (it + 2)
                for d in range(dim):
                    cur_vec[d] = (1.0 - gamma) * cur_vec[d] + gamma * costs[best_i][d]

    ordered = sorted(selected, key=lambda i: (max(costs[i]), costs[i][0], sum(costs[i])))
    root_words = [unit[i][0] for i in ordered[:KEEP]]
    root = {'words': root_words, 'origins': [1] * k}

    base = [unit[i] for i in ordered[:KEEP]]
    ok, _ = _leaf_lp(base, [1] * k, [1] * k, [None] * k, s, m)
    if ok:
        return {'tree': root, 'note': 'unit root certified'}

    load = [min(beta[j] for _, _, beta in unit) if unit else 0 for j in range(k)]
    axes = sorted(range(k), key=lambda j: (-load[j], j))

    for axis in axes:
        if _time.process_time() > deadline:
            break
        tree = _staircase(v, m, k, axis, deadline, cache)
        if tree is not None:
            return {'tree': tree, 'note': 'staircase axis %d' % axis}

    if k >= 2 and len(axes) >= 2:
        a1, a2 = axes[0], axes[1]
        for t1 in (1, 2, 3):
            if _time.process_time() > deadline:
                break
            left = _staircase(v, m, k, a2, deadline, cache, lo_box=[1] * k)
            if left is None:
                continue
            right_lo = [1] * k
            right_lo[a1] = t1 + 1
            right = _staircase(v, m, k, a1, deadline, cache, lo_box=right_lo)
            if right is not None:
                tree = {'j': a1, 't': t1, 'le': left, 'ge': right}
                return {'tree': tree, 'note': '2-axis split (%d, %d)' % (a1, a2)}

    return {'tree': root, 'note': 'root fallback'}
Iteration 12: New subsample score 2.406779661016949 is not better than old score 2.406779661016949, skipping
Iteration 13: Selected program 0 score: 0.9044764957264957
Iteration 13: Proposed new text for current_candidate: """Tree certifier with multi-origin staircase, pick selection, and 2-axis split support."""

import itertools
import math
import time as _time

KEEP = 32
MAX_ORIGIN = 5
MAX_CUT = 12
MAX_STEPS = 9
LEAF_WORDS = 24
CPU_BUDGET = 2.45
EPS = 1e-9


def _reduce(word):
    out = []
    for ch in word:
        if out and out[-1] + ch in ('LR', 'RL', 'XX'):
            out.pop()
        else:
            out.append(ch)
    return ''.join(out)


def _lifts(v, t, perm, m, r):
    n = len(v)
    zeros = [p for p in range(n) if v[p] == 0]
    target = [0] * n
    for p in range(n):
        if v[p]:
            target[p] = (t + v[p] - 1) % n
    for i in range(r):
        target[zeros[i]] = (t + m + perm[i]) % n

    lift_bases = []
    base1 = [((target[p] - p + n // 2) % n) - n // 2 for p in range(n)]
    lift_bases.append(base1)
    if n % 2 == 0:
        base2 = [((target[p] - p + n // 2 - 1) % n) - (n // 2 - 1) for p in range(n)]
        if base2 != base1:
            lift_bases.append(base2)

    res = []
    for rem_base in lift_bases:
        q = sum(rem_base) // n
        if q == 0:
            if rem_base not in res:
                res.append(rem_base)
            continue
        for rev_tie in (False, True):
            rem = list(rem_base)
            order = sorted(range(n), key=lambda p: (rem[p], -p if rev_tie else p), reverse=q > 0)
            for p in order[:abs(q)]:
                rem[p] -= n if q > 0 else -n
            if rem not in res:
                res.append(rem)
    return res


def _sweep(v, rem, t, mode, c_start=0, limit=4000):
    n = len(v)
    a, rem = list(v), list(rem)
    out = []
    c = 0
    if c_start != 0:
        d = c_start % n
        out.append('L' * d if d <= n - d else 'R' * (n - d))
        c = c_start % n

    def must_cross(x):
        return rem[x] - rem[(x + 1) % n] >= 2

    def cross(x):
        y = (x + 1) % n
        rx, ry = rem[x], rem[y]
        if a[x] or a[y]:
            out.append('X')
            a[x], a[y] = a[y], a[x]
        rem[x], rem[y] = ry + 1, rx - 1

    bounce_dir = 1 if mode == 'bounce_L' else -1
    bounce_steps = 0
    while any(rem) and len(out) < limit:
        if mode.startswith('greedy'):
            dirs = (1, -1) if mode == 'greedy' else (-1, 1)
            for dist in range(n):
                found = False
                for sgn in dirs:
                    pos = (c + sgn * dist) % n
                    if must_cross(pos):
                        out.append(('L' if sgn == 1 else 'R') * dist)
                        c = pos
                        found = True
                        break
                if found:
                    break
            else:
                return None
            cross(c)
            continue
        elif mode.startswith('bounce'):
            if must_cross(c):
                cross(c)
                if not any(rem):
                    break
            step_ch = 'L' if bounce_dir == 1 else 'R'
            out.append(step_ch)
            c = (c + bounce_dir) % n
            bounce_steps += 1
            if bounce_steps >= n - 1:
                bounce_dir = -bounce_dir
                bounce_steps = 0
            continue
        if must_cross(c):
            cross(c)
            if not any(rem):
                break
        out.append(mode)
        c = (c + (1 if mode == 'L' else -1)) % n
    if any(rem):
        return None
    d = (t - c) % n
    out.append('L' * d if d <= n - d else 'R' * (n - d))
    return ''.join(out)


def price(v, word):
    n, k = len(v), sum(1 for x in v if x == 0)
    a, j = [], 0
    for x in v:
        if x:
            a.append(x)
        else:
            j += 1
            a.append(-j)
    segs, A, q, d, cz, c = [], [0] * k, 0, 0, [0] * k, 0
    for ch in word:
        if ch == 'L':
            d += 1
            if a[c] < 0:
                cz[-a[c] - 1] += 1
            c = (c + 1) % n
        elif ch == 'R':
            c = (c - 1) % n
            d -= 1
            if a[c] < 0:
                cz[-a[c] - 1] -= 1
        else:
            c2 = (c + 1) % n
            x, y = a[c], a[c2]
            if x < 0 and y < 0:
                return None
            q += 1
            nxt = [0] * k
            if x < 0:
                cz[-x - 1] += 1
                A[-x - 1] += 1
            elif y < 0:
                A[-y - 1] += 1
                nxt[-y - 1] = -1
            segs.append((d, cz))
            d, cz = 0, nxt
            a[c], a[c2] = y, x
    segs.append((d, cz))
    fin = a[c:] + a[:c]
    m = n - k
    if fin[:m] != list(range(1, m + 1)):
        return None
    B = q + sum(abs(s) for s, _ in segs)
    beta = [2 * A[i] + sum(abs(z[i]) for _, z in segs) for i in range(k)]
    return B, beta


def _budget(m, r):
    return m * (m + 1) // 2 + (r - 1) * (m - 2)


def _refine(v, origins):
    out, j = [], 0
    for x in v:
        if x:
            out.append(x)
        else:
            out.extend([0] * origins[j])
            j += 1
    return out


def _price_picks(v, word, picks):
    n = len(v)
    k = len(picks)
    blk = {p: j for j, p in enumerate(picks)}
    a, g = [], 0
    for x in v:
        if x:
            a.append(x)
        else:
            a.append(-1 - g)
            g += 1
    m = n - g
    A, q, d, cz, c = [0] * k, 0, 0, [0] * k, 0
    segs = []
    for ch in word:
        if ch == 'L':
            d += 1
            if a[c] < 0 and (-1 - a[c]) in blk:
                cz[blk[-1 - a[c]]] += 1
            c = (c + 1) % n
        elif ch == 'R':
            c = (c - 1) % n
            d -= 1
            if a[c] < 0 and (-1 - a[c]) in blk:
                cz[blk[-1 - a[c]]] -= 1
        else:
            c2 = (c + 1) % n
            x, y = a[c], a[c2]
            if x < 0 and y < 0:
                return None
            q += 1
            nxt = [0] * k
            if x < 0 and (-1 - x) in blk:
                cz[blk[-1 - x]] += 1
                A[blk[-1 - x]] += 1
            elif y < 0 and (-1 - y) in blk:
                A[blk[-1 - y]] += 1
                nxt[blk[-1 - y]] = -1
            segs.append((d, cz))
            d, cz = 0, nxt
            a[c], a[c2] = y, x
    segs.append((d, cz))
    fin = a[c:] + a[:c]
    if fin[:m] != list(range(1, m + 1)):
        return None
    B = q + sum(abs(s) for s, _ in segs)
    beta = [2 * A[i] + sum(abs(z[i]) for _, z in segs) for i in range(k)]
    return B, beta


def _sweep_words(v, deadline):
    n, m = len(v), max(v)
    r = n - m
    if r <= 4:
        perms = list(itertools.permutations(range(r)))
    else:
        perms = [[(s + i) % r for i in range(r)] for s in range(r)] + [
            [(s + r - 1 - i) % r for i in range(r)] for s in range(r)]
    words = set()
    for t in range(n):
        if _time.process_time() > deadline:
            break
        for perm in perms:
            for rem in _lifts(v, t, perm, m, r):
                for c_start in (0, t) if t != 0 else (0,):
                    for mode in ('L', 'R', 'greedy', 'greedy_R', 'bounce_L', 'bounce_R'):
                        w = _sweep(v, rem, t, mode, c_start=c_start)
                        if w is not None:
                            w = _reduce(w)
                            if len(w) <= 4000:
                                words.add(w)
    return sorted(words, key=lambda w: (len(w), w))


def _pareto(priced):
    best = {}
    for w, B, beta in priced:
        key = (B,) + tuple(beta)
        if key not in best or (len(w), w) < (len(best[key]), best[key]):
            best[key] = w
    keys = sorted(best)
    keep = []
    for x in keys:
        if not any(all(p <= q for p, q in zip(y, x)) for y in keep):
            keep.append(x)
    return [(best[x], x[0], list(x[1:])) for x in keep]


def _simplex(A, b, c):
    rows, cols = len(A), len(c)
    T = []
    for i in range(rows):
        s = -1.0 if b[i] < 0 else 1.0
        T.append([s * x for x in A[i]] + [1.0 if r == i else 0.0 for r in range(rows)] + [s * b[i]])
    basis = list(range(cols, cols + rows))

    def pivot(r, j):
        p = T[r][j]
        T[r] = [x / p for x in T[r]]
        for i in range(rows):
            if i != r and abs(T[i][j]) > 1e-15:
                f = T[i][j]
                T[i] = [x - f * y for x, y in zip(T[i], T[r])]
        basis[r] = j

    def run(cost, allowed):
        for _ in range(1200):
            enter = None
            for j in allowed:
                if j in basis:
                    continue
                if cost[j] - sum(cost[basis[i]] * T[i][j] for i in range(rows)) < -EPS:
                    enter = j
                    break
            if enter is None:
                return True
            cand = [i for i in range(rows) if T[i][enter] > EPS]
            if not cand:
                return False
            r = min(cand, key=lambda i: (T[i][-1] / T[i][enter], basis[i]))
            pivot(r, enter)
        return False

    if not run([0.0] * cols + [1.0] * rows, range(cols + rows)):
        return None
    if sum(T[i][-1] for i in range(rows) if basis[i] >= cols) > 1e-7:
        return None
    for r in range(rows):
        if basis[r] >= cols:
            j = next((j for j in range(cols) if abs(T[r][j]) > EPS and j not in basis), None)
            if j is not None:
                pivot(r, j)
    if not run(list(c) + [0.0] * rows, range(cols)):
        return None
    x = [0.0] * cols
    for i, j in enumerate(basis):
        if j < cols:
            x[j] = T[i][-1]
    return x, sum(ci * xi for ci, xi in zip(c, x))


def _leaf_lp(cols, origins, lo, hi, s, m):
    k = len(lo)
    n = len(cols)
    bnd = [j for j in range(k) if hi[j] is not None]
    T = _budget(m, sum(lo))
    cost = [B + sum(b * (l - o) for b, l, o in zip(beta, lo, origins)) for _, B, beta in cols]
    A = []
    for j in range(k):
        A.append([beta[j] for _, _, beta in cols] + [-1.0 if bj == j else 0.0 for bj in bnd]
                 + [1.0 if i == j else 0.0 for i in range(k)])
    A.append([1.0] * n + [0.0] * (len(bnd) + k))
    c = cost + [hi[j] - lo[j] for j in bnd] + [0.0] * k
    out = _simplex(A, [float(s)] * k + [1.0], c)
    if out is None:
        return False, None
    x, val = out
    return val < T + 1 - 1e-6, x[:n]


def _make_leaf(cols, origins, picks_in_block, weights):
    order = sorted(range(len(cols)), key=lambda i: (-weights[i], cols[i][1], i))
    words = [cols[i][0] for i in order if weights[i] > 1e-12]
    for i in order:
        if len(words) >= LEAF_WORDS:
            break
        if cols[i][0] not in words:
            words.append(cols[i][0])
    res = {'words': words[:LEAF_WORDS], 'origins': list(origins)}
    if any(p != 0 for p in picks_in_block):
        res['picks'] = list(picks_in_block)
    return res


def _columns_opt(v, origins, deadline, raw_words_cache, priced_cache):
    orig_key = tuple(origins)
    if orig_key not in raw_words_cache:
        ref = _refine(v, origins)
        raw_words_cache[orig_key] = (ref, _sweep_words(ref, deadline))
    ref, w_list = raw_words_cache[orig_key]

    k = len(origins)
    best_res = None
    best_min_beta = float('inf')

    # Try standard pick configurations: 0 (first atom), -1 (last atom), and middle atom
    cand_picks_list = []
    base_picks = [0] * k
    cand_picks_list.append(base_picks)

    # For any non-trivial block, also test last atom
    for ax in range(k):
        if origins[ax] > 1:
            alt1 = list(base_picks)
            alt1[ax] = origins[ax] - 1
            cand_picks_list.append(alt1)
            if origins[ax] > 2:
                alt2 = list(base_picks)
                alt2[ax] = origins[ax] // 2
                cand_picks_list.append(alt2)

    for p_in_block in cand_picks_list:
        cache_key = (orig_key, tuple(p_in_block))
        if cache_key in priced_cache:
            p_cols = priced_cache[cache_key]
        else:
            global_picks = []
            cur_atom = 0
            for ax, o in enumerate(origins):
                global_picks.append(cur_atom + p_in_block[ax])
                cur_atom += o
            priced = []
            for w in w_list:
                p = _price_picks(ref, w, global_picks)
                if p is not None:
                    priced.append((w, p[0], p[1]))
            p_cols = _pareto(priced)
            priced_cache[cache_key] = p_cols

        if p_cols:
            m_beta = min(min(beta) for _, _, beta in p_cols)
            if m_beta < best_min_beta:
                best_min_beta = m_beta
                best_res = (p_cols, p_in_block)

    return best_res if best_res is not None else ([], [0] * k)


def _staircase(v, m, k, axis, deadline, raw_words_cache, priced_cache):
    s = m - 2
    leaves, l = [], 1
    while len(leaves) < MAX_STEPS and l <= MAX_CUT + 1 and _time.process_time() < deadline:
        origins = [1] * k
        origins[axis] = min(l, MAX_ORIGIN)
        cols, picks_in_b = _columns_opt(v, origins, deadline, raw_words_cache, priced_cache)
        if not cols:
            return None
        lo = [1] * k
        lo[axis] = l
        ok, w = _leaf_lp(cols, origins, lo, [None] * k, s, m)
        if ok:
            leaves.append((_make_leaf(cols, origins, picks_in_b, w), None))
            tree = leaves[-1][0]
            for node, h in reversed(leaves[:-1]):
                tree = {'j': axis, 't': h, 'le': node, 'ge': tree}
            return tree
        if len(leaves) + 1 >= MAX_STEPS or l > MAX_CUT:
            return None
        lo_h, hi_h, best, best_picks = l, MAX_CUT, None, None
        while lo_h <= hi_h:
            mid = (lo_h + hi_h) // 2
            hi = [None] * k
            hi[axis] = mid
            ok, w = _leaf_lp(cols, origins, lo, hi, s, m)
            if ok:
                best, best_picks, lo_h = (mid, w), picks_in_b, mid + 1
            else:
                hi_h = mid - 1
        if best is None:
            return None
        leaves.append((_make_leaf(cols, origins, best_picks, best[1]), best[0]))
        l = best[0] + 1
    return None


def _two_axis_staircase(v, m, k, ax1, ax2, deadline, raw_words_cache, priced_cache):
    """Splits ax1 at 1..cut, and on the unbounded piece splits ax2."""
    s = m - 2
    origins = [1] * k
    cols, picks_in_b = _columns_opt(v, origins, deadline, raw_words_cache, priced_cache)
    if not cols:
        return None
    # Check bounded ax1 leaf [1, 1] or [1, 2]
    for cut in (1, 2):
        lo1 = [1] * k
        hi1 = [None] * k
        hi1[ax1] = cut
        ok1, w1 = _leaf_lp(cols, origins, lo1, hi1, s, m)
        if ok1:
            leaf1 = _make_leaf(cols, origins, picks_in_b, w1)
            # Try staircase on ax2 for ge branch
            # Under ge branch, lo for ax1 is cut + 1
            sub_deadline = deadline
            # test bounded/unbounded on ax2
            orig2 = [1] * k
            orig2[ax1] = min(cut + 1, MAX_ORIGIN)
            orig2[ax2] = min(2, MAX_ORIGIN)
            cols2, picks2 = _columns_opt(v, orig2, sub_deadline, raw_words_cache, priced_cache)
            if cols2:
                lo2 = [1] * k
                lo2[ax1] = cut + 1
                ok2, w2 = _leaf_lp(cols2, orig2, lo2, [None] * k, s, m)
                if ok2:
                    leaf2 = _make_leaf(cols2, orig2, picks2, w2)
                    return {'j': ax1, 't': cut, 'le': leaf1, 'ge': leaf2}
    return None


def certify(family):
    start = _time.process_time()
    deadline = start + CPU_BUDGET
    v = family['unit_base']
    m = max(v)
    k = sum(1 for x in v if x == 0)
    T = _budget(m, k)

    raw_words_cache = {}
    priced_cache = {}

    unit_orig = tuple([1] * k)
    unit_cols, _ = _columns_opt(v, [1] * k, deadline, raw_words_cache, priced_cache)
    if not unit_cols:
        return {'words': []}

    # First check if unit origin unbounded LP closes directly
    ok, w = _leaf_lp(unit_cols, [1] * k, [1] * k, [None] * k, m - 2, m)
    if ok:
        leaf = _make_leaf(unit_cols, [1] * k, [0] * k, w)
        return {'tree': leaf, 'note': 'unit root certified'}

    # Collect min beta load per axis to prioritize most constrained axis
    load = [min(beta[j] for _, _, beta in unit_cols) for j in range(k)]
    sorted_axes = sorted(range(k), key=lambda j: (-load[j], j))

    # Single-axis staircase search
    for axis in sorted_axes:
        if _time.process_time() > deadline:
            break
        tree = _staircase(v, m, k, axis, deadline, raw_words_cache, priced_cache)
        if tree is not None:
            return {'tree': tree, 'note': 'refined-origin staircase on axis %d' % axis}

    # Two-axis split fallback if k >= 2 and time remains
    if k >= 2 and len(sorted_axes) >= 2 and _time.process_time() < deadline:
        ax1, ax2 = sorted_axes[0], sorted_axes[1]
        tree2 = _two_axis_staircase(v, m, k, ax1, ax2, deadline, raw_words_cache, priced_cache)
        if tree2 is not None:
            return {'tree': tree2, 'note': 'two-axis split (%d, %d)' % (ax1, ax2)}

    # Fallback root leaf from unit_cols with minimax Frank-Wolfe selection
    costs = [[B - T] + [b - (m - 2) for b in beta] for _, B, beta in unit_cols]
    dim = k + 1
    hull_indices = set()
    for d in range(dim):
        hull_indices.add(min(range(len(unit_cols)), key=lambda i: (costs[i][d], max(costs[i]))))
    for j in range(1, dim):
        for ratio in (0.2, 0.5, 1.0, 2.0, 5.0):
            hull_indices.add(min(range(len(unit_cols)), key=lambda i: costs[i][0] + ratio * costs[i][j]))
    ordered = sorted(hull_indices, key=lambda i: (max(costs[i]), costs[i][0]))
    selected = [unit_cols[i][0] for i in ordered[:KEEP]]
    return {'tree': {'words': selected, 'origins': [1] * k}, 'note': 'fallback root leaf'}
Iteration 13: New subsample score 3.0 is not better than old score 3.0, skipping
Iteration 14: Selected program 0 score: 0.9044764957264957
Iteration 14: Proposed new text for current_candidate: """Tree certifier with refined bases, flexible picks, and adaptive staircase search."""

import itertools
import math
import time as _time

KEEP = 32
MAX_ORIGIN = 5
MAX_CUT = 12
MAX_STEPS = 9
LEAF_WORDS = 24
CPU_BUDGET = 2.65
EPS = 1e-9


def _reduce(word):
    out = []
    for ch in word:
        if out and out[-1] + ch in ('LR', 'RL', 'XX'):
            out.pop()
        else:
            out.append(ch)
    return ''.join(out)


def _lifts(v, t, perm, m, r):
    n = len(v)
    zeros = [p for p in range(n) if v[p] == 0]
    target = [0] * n
    for p in range(n):
        if v[p]:
            target[p] = (t + v[p] - 1) % n
    for i in range(r):
        target[zeros[i]] = (t + m + perm[i]) % n

    lift_bases = []
    base1 = [((target[p] - p + n // 2) % n) - n // 2 for p in range(n)]
    lift_bases.append(base1)
    if n % 2 == 0:
        base2 = [((target[p] - p + n // 2 - 1) % n) - (n // 2 - 1) for p in range(n)]
        if base2 != base1:
            lift_bases.append(base2)

    res = []
    for rem_base in lift_bases:
        q = sum(rem_base) // n
        if q == 0:
            if rem_base not in res:
                res.append(rem_base)
            continue
        for rev_tie in (False, True):
            rem = list(rem_base)
            order = sorted(range(n), key=lambda p: (rem[p], -p if rev_tie else p), reverse=q > 0)
            for p in order[:abs(q)]:
                rem[p] -= n if q > 0 else -n
            if rem not in res:
                res.append(rem)
    return res


def _sweep(v, rem, t, mode, c_start=0, limit=4000):
    n = len(v)
    a, rem = list(v), list(rem)
    out = []
    c = 0
    if c_start != 0:
        d = c_start % n
        out.append('L' * d if d <= n - d else 'R' * (n - d))
        c = c_start % n

    def must_cross(x):
        return rem[x] - rem[(x + 1) % n] >= 2

    def cross(x):
        y = (x + 1) % n
        rx, ry = rem[x], rem[y]
        if a[x] or a[y]:
            out.append('X')
            a[x], a[y] = a[y], a[x]
        rem[x], rem[y] = ry + 1, rx - 1

    bounce_dir = 1 if mode == 'bounce_L' else -1
    bounce_steps = 0
    while any(rem) and len(out) < limit:
        if mode.startswith('greedy'):
            dirs = (1, -1) if mode == 'greedy' else (-1, 1)
            for dist in range(n):
                found = False
                for sgn in dirs:
                    pos = (c + sgn * dist) % n
                    if must_cross(pos):
                        out.append(('L' if sgn == 1 else 'R') * dist)
                        c = pos
                        found = True
                        break
                if found:
                    break
            else:
                return None
            cross(c)
            continue
        elif mode.startswith('bounce'):
            if must_cross(c):
                cross(c)
                if not any(rem):
                    break
            step_ch = 'L' if bounce_dir == 1 else 'R'
            out.append(step_ch)
            c = (c + bounce_dir) % n
            bounce_steps += 1
            if bounce_steps >= n - 1:
                bounce_dir = -bounce_dir
                bounce_steps = 0
            continue
        if must_cross(c):
            cross(c)
            if not any(rem):
                break
        out.append(mode)
        c = (c + (1 if mode == 'L' else -1)) % n
    if any(rem):
        return None
    d = (t - c) % n
    out.append('L' * d if d <= n - d else 'R' * (n - d))
    return ''.join(out)


def _price_picks(v, word, picks):
    n = len(v)
    k = len(picks)
    blk = {p: j for j, p in enumerate(picks)}
    a, g = [], 0
    for x in v:
        if x:
            a.append(x)
        else:
            a.append(-1 - g)
            g += 1
    m = n - g
    A, q, d, cz, c = [0] * k, 0, 0, [0] * k, 0
    segs = []
    for ch in word:
        if ch == 'L':
            d += 1
            if a[c] < 0 and (-1 - a[c]) in blk:
                cz[blk[-1 - a[c]]] += 1
            c = (c + 1) % n
        elif ch == 'R':
            c = (c - 1) % n
            d -= 1
            if a[c] < 0 and (-1 - a[c]) in blk:
                cz[blk[-1 - a[c]]] -= 1
        else:
            c2 = (c + 1) % n
            x, y = a[c], a[c2]
            if x < 0 and y < 0:
                return None
            q += 1
            nxt = [0] * k
            if x < 0 and (-1 - x) in blk:
                cz[blk[-1 - x]] += 1
                A[blk[-1 - x]] += 1
            elif y < 0 and (-1 - y) in blk:
                A[blk[-1 - y]] += 1
                nxt[blk[-1 - y]] = -1
            segs.append((d, cz))
            d, cz = 0, nxt
            a[c], a[c2] = y, x
    segs.append((d, cz))
    fin = a[c:] + a[:c]
    if fin[:m] != list(range(1, m + 1)):
        return None
    B = q + sum(abs(s) for s, _ in segs)
    beta = [2 * A[i] + sum(abs(z[i]) for _, z in segs) for i in range(k)]
    return B, beta


def price(v, word):
    return _price_picks(v, word, list(range(sum(1 for x in v if x == 0))))


def _sweep_words(v, deadline):
    n, m = len(v), max(v)
    r = n - m
    if r <= 4:
        perms = list(itertools.permutations(range(r)))
    else:
        perms = [[(s + i) % r for i in range(r)] for s in range(r)] + [
            [(s + r - 1 - i) % r for i in range(r)] for s in range(r)]
        if r == 5:
            for s in range(r):
                perms.append([(s + 2 * i) % r for i in range(r)])
                perms.append([(s + 3 * i) % r for i in range(r)])
    words = set()
    for t in range(n):
        if _time.process_time() > deadline:
            break
        for perm in perms:
            for rem in _lifts(v, t, perm, m, r):
                for c_start in (0, t) if t != 0 else (0,):
                    for mode in ('L', 'R', 'greedy', 'greedy_R', 'bounce_L', 'bounce_R'):
                        w = _sweep(v, rem, t, mode, c_start=c_start)
                        if w is not None:
                            w = _reduce(w)
                            if len(w) <= 4000:
                                words.add(w)
    return sorted(words, key=lambda w: (len(w), w))


def _pareto(priced):
    best = {}
    for w, B, beta in priced:
        key = (B,) + tuple(beta)
        if key not in best or (len(w), w) < (len(best[key]), best[key]):
            best[key] = w
    keys = sorted(best)
    keep = []
    for x in keys:
        if not any(all(p <= q for p, q in zip(y, x)) for y in keep):
            keep.append(x)
    return [(best[x], x[0], list(x[1:])) for x in keep]


def _simplex(A, b, c):
    rows, cols = len(A), len(c)
    T = []
    for i in range(rows):
        s = -1.0 if b[i] < 0 else 1.0
        T.append([s * x for x in A[i]] + [1.0 if r == i else 0.0 for r in range(rows)] + [s * b[i]])
    basis = list(range(cols, cols + rows))

    def pivot(r, j):
        p = T[r][j]
        T[r] = [x / p for x in T[r]]
        for i in range(rows):
            if i != r and abs(T[i][j]) > 1e-15:
                f = T[i][j]
                T[i] = [x - f * y for x, y in zip(T[i], T[r])]
        basis[r] = j

    def run(cost, allowed):
        for _ in range(2500):
            enter = None
            for j in allowed:
                if j in basis:
                    continue
                if cost[j] - sum(cost[basis[i]] * T[i][j] for i in range(rows)) < -EPS:
                    enter = j
                    break
            if enter is None:
                return True
            cand = [i for i in range(rows) if T[i][enter] > EPS]
            if not cand:
                return False
            r = min(cand, key=lambda i: (T[i][-1] / T[i][enter], basis[i]))
            pivot(r, enter)
        return False

    if not run([0.0] * cols + [1.0] * rows, range(cols + rows)):
        return None
    if sum(T[i][-1] for i in range(rows) if basis[i] >= cols) > 1e-7:
        return None
    for r in range(rows):
        if basis[r] >= cols:
            j = next((j for j in range(cols) if abs(T[r][j]) > EPS and j not in basis), None)
            if j is not None:
                pivot(r, j)
    if not run(list(c) + [0.0] * rows, range(cols)):
        return None
    x = [0.0] * cols
    for i, j in enumerate(basis):
        if j < cols:
            x[j] = T[i][-1]
    return x, sum(ci * xi for ci, xi in zip(c, x))


def _budget(m, r):
    return m * (m + 1) // 2 + (r - 1) * (m - 2)


def _leaf_lp(cols, origins, lo, hi, s, m):
    k = len(lo)
    n = len(cols)
    bnd = [j for j in range(k) if hi[j] is not None]
    T = _budget(m, sum(lo))
    cost = [B + sum(b * (l - o) for b, l, o in zip(beta, lo, origins)) for _, B, beta in cols]
    A = []
    for j in range(k):
        A.append([beta[j] for _, _, beta in cols] + [-1.0 if bj == j else 0.0 for bj in bnd]
                 + [1.0 if i == j else 0.0 for i in range(k)])
    A.append([1.0] * n + [0.0] * (len(bnd) + k))
    c = cost + [hi[j] - lo[j] for j in bnd] + [0.0] * k
    out = _simplex(A, [float(s)] * k + [1.0], c)
    if out is None:
        return False, None
    x, val = out
    return val < T + 1 - 1e-6, x[:n]


def _refine(v, origins):
    out, j = [], 0
    for x in v:
        if x:
            out.append(x)
        else:
            out.extend([0] * origins[j])
            j += 1
    return out


def _leaf(cols, origins, picks, weights):
    order = sorted(range(len(cols)), key=lambda i: (-weights[i], cols[i][1], i))
    words = [cols[i][0] for i in order if weights[i] > 1e-12]
    for i in order:
        if len(words) >= LEAF_WORDS:
            break
        if cols[i][0] not in words:
            words.append(cols[i][0])
    node = {'words': words[:LEAF_WORDS], 'origins': list(origins)}
    if picks is not None and any(p != 0 for p in picks):
        node['picks'] = list(picks)
    return node


_BASE_SWEEP_CACHE = {}


def _get_base_sweeps(ref, deadline):
    key = tuple(ref)
    if key not in _BASE_SWEEP_CACHE:
        _BASE_SWEEP_CACHE[key] = _sweep_words(ref, deadline)
    return _BASE_SWEEP_CACHE[key]


def _columns_with_picks(v, origins, local_picks, deadline, cache):
    key = (tuple(origins), tuple(local_picks))
    if key not in cache:
        ref = _refine(v, origins)
        glob_picks = []
        cur_offset = 0
        for j, oj in enumerate(origins):
            glob_picks.append(cur_offset + local_picks[j])
            cur_offset += oj
        raw_words = _get_base_sweeps(ref, deadline)
        priced = []
        for w in raw_words:
            p = _price_picks(ref, w, glob_picks)
            if p is not None:
                priced.append((w, p[0], p[1]))
        cache[key] = _pareto(priced)
    return cache[key]


def _staircase(v, m, k, axis, deadline, cache):
    s = m - 2
    leaves, l = [], 1
    while len(leaves) < MAX_STEPS and l <= MAX_CUT + 1 and _time.process_time() < deadline:
        target_oj = min(l, MAX_ORIGIN)
        origins = [1] * k
        origins[axis] = target_oj

        pick_candidates = [0]
        if target_oj > 1:
            pick_candidates.append(target_oj - 1)
            if target_oj > 2:
                pick_candidates.append(target_oj // 2)

        best_pick = None
        best_cols = None
        best_w = None
        best_is_inf = False
        best_h_val = -1

        lo = [1] * k
        lo[axis] = l

        for pk in pick_candidates:
            loc_picks = [0] * k
            loc_picks[axis] = pk
            cols = _columns_with_picks(v, origins, loc_picks, deadline, cache)
            if not cols:
                continue

            ok_inf, w_inf = _leaf_lp(cols, origins, lo, [None] * k, s, m)
            if ok_inf:
                best_is_inf = True
                best_pick = pk
                best_cols = cols
                best_w = w_inf
                break

            if len(leaves) + 1 < MAX_STEPS and l <= MAX_CUT:
                lo_h, hi_h, cur_best = l, MAX_CUT, None
                while lo_h <= hi_h:
                    mid = (lo_h + hi_h) // 2
                    hi = [None] * k
                    hi[axis] = mid
                    ok, w = _leaf_lp(cols, origins, lo, hi, s, m)
                    if ok:
                        cur_best, lo_h = (mid, w), mid + 1
                    else:
                        hi_h = mid - 1
                if cur_best is not None and cur_best[0] > best_h_val:
                    best_h_val = cur_best[0]
                    best_pick = pk
                    best_cols = cols
                    best_w = cur_best[1]

        if best_cols is None:
            return None

        loc_picks = [0] * k
        loc_picks[axis] = best_pick

        if best_is_inf:
            leaves.append((_leaf(best_cols, origins, loc_picks, best_w), None))
            tree = leaves[-1][0]
            for node, h in reversed(leaves[:-1]):
                tree = {'j': axis, 't': h, 'le': node, 'ge': tree}
            return tree

        leaves.append((_leaf(best_cols, origins, loc_picks, best_w), best_h_val))
        l = best_h_val + 1

    return None


def certify(family):
    start = _time.process_time()
    deadline = start + CPU_BUDGET
    v = family['unit_base']
    m = max(v)
    k = sum(1 for x in v if x == 0)
    T = _budget(m, k)
    s = m - 2

    cache = {}
    unit_origins = [1] * k
    unit_picks = [0] * k
    cols_unit = _columns_with_picks(v, unit_origins, unit_picks, deadline, cache)

    if cols_unit:
        ok_root, w_root = _leaf_lp(cols_unit, unit_origins, [1] * k, [None] * k, s, m)
        if ok_root:
            root_node = _leaf(cols_unit, unit_origins, unit_picks, w_root)
            return {'tree': root_node, 'note': 'unit root certified'}
    else:
        root_node = {'words': [], 'origins': unit_origins}
        w_root = None

    if cols_unit:
        costs = []
        for w, B, beta in cols_unit:
            costs.append([B - T] + [b - s for b in beta])
        dim = k + 1
        n_words = len(cols_unit)
        selected_indices = set()
        for d in range(dim):
            selected_indices.add(min(range(n_words), key=lambda i: (costs[i][d], max(costs[i]))))
        for j in range(1, dim):
            pts = sorted(range(n_words), key=lambda i: (costs[i][0], costs[i][j]))
            lower = []
            for p in pts:
                while len(lower) >= 2:
                    p1, p2 = lower[-2], lower[-1]
                    dx1, dy1 = costs[p2][0] - costs[p1][0], costs[p2][j] - costs[p1][j]
                    dx2, dy2 = costs[p][0] - costs[p1][0], costs[p][j] - costs[p1][j]
                    if dx1 * dy2 - dy1 * dx2 <= 0:
                        lower.pop()
                    else:
                        break
                lower.append(p)
            for idx in lower:
                selected_indices.add(idx)
        for alpha in (2.0, 4.0):
            cur_idx = min(range(n_words), key=lambda i: (max(costs[i]), costs[i][0]))
            cur_vec = list(costs[cur_idx])
            selected_indices.add(cur_idx)
            for it in range(1, 25):
                mx = max(cur_vec)
                exps = [math.exp(min(40.0, alpha * (val - mx))) for val in cur_vec]
                tot = sum(exps)
                weights = [e / tot for e in exps]
                best_i = min(range(n_words), key=lambda i: sum(weights[d] * costs[i][d] for d in range(dim)))
                selected_indices.add(best_i)
                gamma = 2.0 / (it + 2)
                for d in range(dim):
                    cur_vec[d] = (1.0 - gamma) * cur_vec[d] + gamma * costs[best_i][d]
        ordered = sorted(selected_indices, key=lambda i: (max(costs[i]), costs[i][0]))[:KEEP]
        root_words = [cols_unit[i][0] for i in ordered]
        root_node = {'words': root_words, 'origins': unit_origins}

    load = [min(beta[j] for _, _, beta in cols_unit) if cols_unit else 0 for j in range(k)]
    candidate_axes = sorted(range(k), key=lambda j: (-load[j], j))

    for axis in candidate_axes:
        if _time.process_time() > deadline:
            break
        tree = _staircase(v, m, k, axis, deadline, cache)
        if tree is not None:
            return {'tree': tree, 'note': f'staircase on axis {axis}'}

    return {'tree': root_node, 'note': 'fallback root'}
Iteration 14: New subsample score 3.0 is not better than old score 3.0, skipping
Iteration 15: Selected program 0 score: 0.9044764957264957
Iteration 15: Proposed new text for current_candidate: """Tree certificate generator for LRX sorting bounds on permutation families.
Combines root LP check with multi-axis refinement, pick optimization, and staircase trees.
"""

import itertools
import math
import time as _time

KEEP = 32
MAX_ORIGIN = 5
MAX_CUT = 12
MAX_STEPS = 9
LEAF_WORDS = 24
CPU_BUDGET = 2.65
EPS = 1e-9


def _reduce(word):
    out = []
    for ch in word:
        if out and out[-1] + ch in ('LR', 'RL', 'XX'):
            out.pop()
        else:
            out.append(ch)
    return ''.join(out)


def _lifts(v, t, perm, m, r):
    n = len(v)
    zeros = [p for p in range(n) if v[p] == 0]
    target = [0] * n
    for p in range(n):
        if v[p]:
            target[p] = (t + v[p] - 1) % n
    for i in range(r):
        target[zeros[i]] = (t + m + perm[i]) % n

    lift_bases = []
    base1 = [((target[p] - p + n // 2) % n) - n // 2 for p in range(n)]
    lift_bases.append(base1)
    if n % 2 == 0:
        base2 = [((target[p] - p + n // 2 - 1) % n) - (n // 2 - 1) for p in range(n)]
        if base2 != base1:
            lift_bases.append(base2)

    res = []
    for rem_base in lift_bases:
        q = sum(rem_base) // n
        if q == 0:
            if rem_base not in res:
                res.append(rem_base)
            continue
        for rev_tie in (False, True):
            rem = list(rem_base)
            order = sorted(range(n), key=lambda p: (rem[p], -p if rev_tie else p), reverse=q > 0)
            for p in order[:abs(q)]:
                rem[p] -= n if q > 0 else -n
            if rem not in res:
                res.append(rem)
    return res


def _sweep(v, rem, t, mode, c_start=0, limit=4000):
    n = len(v)
    a, rem = list(v), list(rem)
    out = []
    c = 0
    if c_start != 0:
        d = c_start % n
        out.append('L' * d if d <= n - d else 'R' * (n - d))
        c = c_start % n

    def must_cross(x):
        return rem[x] - rem[(x + 1) % n] >= 2

    def cross(x):
        y = (x + 1) % n
        rx, ry = rem[x], rem[y]
        if a[x] or a[y]:
            out.append('X')
            a[x], a[y] = a[y], a[x]
        rem[x], rem[y] = ry + 1, rx - 1

    bounce_dir = 1 if mode == 'bounce_L' else -1
    bounce_steps = 0
    while any(rem) and len(out) < limit:
        if mode.startswith('greedy'):
            dirs = (1, -1) if mode == 'greedy' else (-1, 1)
            for dist in range(n):
                found = False
                for sgn in dirs:
                    pos = (c + sgn * dist) % n
                    if must_cross(pos):
                        out.append(('L' if sgn == 1 else 'R') * dist)
                        c = pos
                        found = True
                        break
                if found:
                    break
            else:
                return None
            cross(c)
            continue
        elif mode.startswith('bounce'):
            if must_cross(c):
                cross(c)
                if not any(rem):
                    break
            step_ch = 'L' if bounce_dir == 1 else 'R'
            out.append(step_ch)
            c = (c + bounce_dir) % n
            bounce_steps += 1
            if bounce_steps >= n - 1:
                bounce_dir = -bounce_dir
                bounce_steps = 0
            continue
        if must_cross(c):
            cross(c)
            if not any(rem):
                break
        out.append(mode)
        c = (c + (1 if mode == 'L' else -1)) % n
    if any(rem):
        return None
    d = (t - c) % n
    out.append('L' * d if d <= n - d else 'R' * (n - d))
    return ''.join(out)


def price(v, word):
    n, k = len(v), sum(1 for x in v if x == 0)
    a, j = [], 0
    for x in v:
        if x:
            a.append(x)
        else:
            j += 1
            a.append(-j)
    segs, A, q, d, cz, c = [], [0] * k, 0, 0, [0] * k, 0
    for ch in word:
        if ch == 'L':
            d += 1
            if a[c] < 0:
                cz[-a[c] - 1] += 1
            c = (c + 1) % n
        elif ch == 'R':
            c = (c - 1) % n
            d -= 1
            if a[c] < 0:
                cz[-a[c] - 1] -= 1
        else:
            c2 = (c + 1) % n
            x, y = a[c], a[c2]
            if x < 0 and y < 0:
                return None
            q += 1
            nxt = [0] * k
            if x < 0:
                cz[-x - 1] += 1
                A[-x - 1] += 1
            elif y < 0:
                A[-y - 1] += 1
                nxt[-y - 1] = -1
            segs.append((d, cz))
            d, cz = 0, nxt
            a[c], a[c2] = y, x
    segs.append((d, cz))
    fin = a[c:] + a[:c]
    m = n - k
    if fin[:m] != list(range(1, m + 1)):
        return None
    B = q + sum(abs(s) for s, _ in segs)
    beta = [2 * A[i] + sum(abs(z[i]) for _, z in segs) for i in range(k)]
    return B, beta


def _price_picks(v, word, picks):
    n = len(v)
    k = len(picks)
    blk = {p: j for j, p in enumerate(picks)}
    a, g = [], 0
    for x in v:
        if x:
            a.append(x)
        else:
            a.append(-1 - g)
            g += 1
    m = n - g
    A, q, d, cz, c = [0] * k, 0, 0, [0] * k, 0
    segs = []
    for ch in word:
        if ch == 'L':
            d += 1
            if a[c] < 0 and (-1 - a[c]) in blk:
                cz[blk[-1 - a[c]]] += 1
            c = (c + 1) % n
        elif ch == 'R':
            c = (c - 1) % n
            d -= 1
            if a[c] < 0 and (-1 - a[c]) in blk:
                cz[blk[-1 - a[c]]] -= 1
        else:
            c2 = (c + 1) % n
            x, y = a[c], a[c2]
            if x < 0 and y < 0:
                return None
            q += 1
            nxt = [0] * k
            if x < 0 and (-1 - x) in blk:
                cz[blk[-1 - x]] += 1
                A[blk[-1 - x]] += 1
            elif y < 0 and (-1 - y) in blk:
                A[blk[-1 - y]] += 1
                nxt[blk[-1 - y]] = -1
            segs.append((d, cz))
            d, cz = 0, nxt
            a[c], a[c2] = y, x
    segs.append((d, cz))
    fin = a[c:] + a[:c]
    if fin[:m] != list(range(1, m + 1)):
        return None
    B = q + sum(abs(s) for s, _ in segs)
    beta = [2 * A[i] + sum(abs(z[i]) for _, z in segs) for i in range(k)]
    return B, beta


def _budget(m, r):
    return m * (m + 1) // 2 + (r - 1) * (m - 2)


def _refine(v, origins):
    out, j = [], 0
    for x in v:
        if x:
            out.append(x)
        else:
            out.extend([0] * origins[j])
            j += 1
    return out


def _simplex(A, b, c):
    rows, cols = len(A), len(c)
    T = []
    for i in range(rows):
        s = -1.0 if b[i] < 0 else 1.0
        T.append([s * x for x in A[i]] + [1.0 if r == i else 0.0 for r in range(rows)] + [s * b[i]])
    basis = list(range(cols, cols + rows))

    def pivot(r, j):
        p = T[r][j]
        T[r] = [x / p for x in T[r]]
        for i in range(rows):
            if i != r and abs(T[i][j]) > 1e-15:
                f = T[i][j]
                T[i] = [x - f * y for x, y in zip(T[i], T[r])]
        basis[r] = j

    def run(cost, allowed):
        for _ in range(2500):
            enter = None
            for j in allowed:
                if j in basis:
                    continue
                if cost[j] - sum(cost[basis[i]] * T[i][j] for i in range(rows)) < -EPS:
                    enter = j
                    break
            if enter is None:
                return True
            cand = [i for i in range(rows) if T[i][enter] > EPS]
            if not cand:
                return False
            r = min(cand, key=lambda i: (T[i][-1] / T[i][enter], basis[i]))
            pivot(r, enter)
        return False

    if not run([0.0] * cols + [1.0] * rows, range(cols + rows)):
        return None
    if sum(T[i][-1] for i in range(rows) if basis[i] >= cols) > 1e-7:
        return None
    for r in range(rows):
        if basis[r] >= cols:
            j = next((j for j in range(cols) if abs(T[r][j]) > EPS and j not in basis), None)
            if j is not None:
                pivot(r, j)
    if not run(list(c) + [0.0] * rows, range(cols)):
        return None
    x = [0.0] * cols
    for i, j in enumerate(basis):
        if j < cols:
            x[j] = T[i][-1]
    return x, sum(ci * xi for ci, xi in zip(c, x))


def _leaf_lp(cols, origins, lo, hi, s, m):
    k = len(lo)
    n = len(cols)
    bnd = [j for j in range(k) if hi[j] is not None]
    T = _budget(m, sum(lo))
    cost = [B + sum(b * (l - o) for b, l, o in zip(beta, lo, origins)) for _, B, beta in cols]
    A = []
    for j in range(k):
        A.append([beta[j] for _, _, beta in cols] + [-1.0 if bj == j else 0.0 for bj in bnd]
                 + [1.0 if i == j else 0.0 for i in range(k)])
    A.append([1.0] * n + [0.0] * (len(bnd) + k))
    c = cost + [hi[j] - lo[j] for j in bnd] + [0.0] * k
    out = _simplex(A, [float(s)] * k + [1.0], c)
    if out is None:
        return False, None
    x, val = out
    return val < T + 1 - 1e-6, x[:n]


def _leaf(cols, origins, picks, weights):
    order = sorted(range(len(cols)), key=lambda i: (-weights[i], cols[i][1], i))
    words = [cols[i][0] for i in order if weights[i] > 1e-12]
    for i in order:
        if len(words) >= LEAF_WORDS:
            break
        if cols[i][0] not in words:
            words.append(cols[i][0])
    res = {'words': words[:LEAF_WORDS], 'origins': list(origins)}
    if picks is not None and any(p != 0 for p in picks):
        res['picks'] = list(picks)
    return res


def _sweep_words(v, deadline):
    n, m = len(v), max(v)
    r = n - m
    if r <= 4:
        perms = list(itertools.permutations(range(r)))
    else:
        perms = [[(s + i) % r for i in range(r)] for s in range(r)] + [
            [(s + r - 1 - i) % r for i in range(r)] for s in range(r)]
    words = set()
    for t in range(n):
        if _time.process_time() > deadline:
            break
        for perm in perms:
            for rem in _lifts(v, t, perm, m, r):
                for c_start in (0, t) if t != 0 else (0,):
                    for mode in ('L', 'R', 'greedy', 'greedy_R', 'bounce_L', 'bounce_R'):
                        w = _sweep(v, rem, t, mode, c_start=c_start)
                        if w is not None:
                            w = _reduce(w)
                            if len(w) <= 4000:
                                words.add(w)
    return sorted(words, key=lambda w: (len(w), w))


def _pareto(priced):
    best = {}
    for w, B, beta in priced:
        key = (B,) + tuple(beta)
        if key not in best or (len(w), w) < (len(best[key]), best[key]):
            best[key] = w
    keys = sorted(best)
    keep = []
    for x in keys:
        if not any(all(p <= q for p, q in zip(y, x)) for y in keep):
            keep.append(x)
    return [(best[x], x[0], list(x[1:])) for x in keep]


_SWEEP_CACHE = {}


def _get_base_sweeps(v_ref, deadline):
    key = tuple(v_ref)
    if key not in _SWEEP_CACHE:
        _SWEEP_CACHE[key] = _sweep_words(v_ref, deadline)
    return _SWEEP_CACHE[key]


def _get_leaf_candidate(v, origins, deadline, cache, lo, hi, s, m):
    """Finds best (cols, picks, weights) passing the LP on [lo, hi], optimizing picks."""
    k = len(origins)
    ref = _refine(v, origins)
    sweeps = _get_base_sweeps(ref, deadline)
    offsets = []
    cur = 0
    for o in origins:
        offsets.append(cur)
        cur += o

    candidate_picks = []
    # Try pick 0, pick -1 (last), and middle pick for each refined block
    options_per_block = []
    for j in range(k):
        opts = [0]
        if origins[j] > 1:
            opts.append(origins[j] - 1)
        if origins[j] > 2:
            opts.append(origins[j] // 2)
        options_per_block.append(sorted(set(opts)))

    # Generate pick combinations (limited to avoid combinatorial explosion)
    prod = list(itertools.product(*options_per_block))
    if len(prod) > 4:
        prod = prod[:4]

    best_res = None
    for local_picks in prod:
        global_picks = [offsets[j] + local_picks[j] for j in range(k)]
        ckey = (tuple(origins), tuple(local_picks))
        if ckey not in cache:
            priced = []
            for w in sweeps:
                p = _price_picks(ref, w, global_picks)
                if p is not None:
                    priced.append((w, p[0], p[1]))
            cache[ckey] = _pareto(priced)
        cols = cache[ckey]
        if not cols:
            continue
        ok, w = _leaf_lp(cols, origins, lo, hi, s, m)
        if ok:
            return cols, local_picks, w
        if best_res is None:
            best_res = (cols, local_picks, w)
    return best_res


def _staircase(v, m, k, axis, deadline, cache):
    s = m - 2
    leaves, l = [], 1
    while len(leaves) < MAX_STEPS and l <= MAX_CUT + 1 and _time.process_time() < deadline:
        origins = [1] * k
        origins[axis] = min(l, MAX_ORIGIN)
        lo = [1] * k
        lo[axis] = l
        cand = _get_leaf_candidate(v, origins, deadline, cache, lo, [None] * k, s, m)
        if cand is None:
            return None
        cols, picks, w = cand
        if w is not None:
            leaves.append((_leaf(cols, origins, picks, w), None))
            tree = leaves[-1][0]
            for node, h in reversed(leaves[:-1]):
                tree = {'j': axis, 't': h, 'le': node, 'ge': tree}
            return tree
        if len(leaves) + 1 >= MAX_STEPS or l > MAX_CUT:
            return None
        lo_h, hi_h, best = l, MAX_CUT, None
        while lo_h <= hi_h:
            mid = (lo_h + hi_h) // 2
            hi = [None] * k
            hi[axis] = mid
            cand_mid = _get_leaf_candidate(v, origins, deadline, cache, lo, hi, s, m)
            if cand_mid is not None and cand_mid[2] is not None:
                best = (mid, cand_mid[0], cand_mid[1], cand_mid[2])
                lo_h = mid + 1
            else:
                hi_h = mid - 1
        if best is None:
            return None
        leaves.append((_leaf(best[1], origins, best[2], best[3]), best[0]))
        l = best[0] + 1
    return None


def pool(v):
    n, m = len(v), max(v)
    r = n - m
    words = {}
    if r <= 4:
        perms = list(itertools.permutations(range(r)))
    else:
        perms = [[(s + i) % r for i in range(r)] for s in range(r)] + [
            [(s + r - 1 - i) % r for i in range(r)] for s in range(r)
        ]
    for t in range(n):
        for perm in perms:
            for rem in _lifts(v, t, perm, m, r):
                for c_start in (0, t) if t != 0 else (0,):
                    for mode in ('L', 'R', 'greedy', 'greedy_R', 'bounce_L', 'bounce_R'):
                        w = _sweep(v, rem, t, mode, c_start=c_start)
                        if w is None:
                            continue
                        w = _reduce(w)
                        if w not in words and len(w) <= 4000:
                            cost = price(v, w)
                            if cost is not None:
                                words[w] = cost
    return words


def _build_root_words(v):
    words = pool(v)
    if not words:
        return []
    word_list = list(words.keys())
    m = max(v)
    k = sum(1 for x in v if x == 0)
    T = _budget(m, k)
    costs = []
    for w in word_list:
        B, beta = words[w]
        costs.append([B - T] + [b - (m - 2) for b in beta])
    n_words = len(word_list)
    dim = k + 1
    hull_indices = set()
    for d in range(dim):
        hull_indices.add(min(range(n_words), key=lambda i: (costs[i][d], max(costs[i]))))
    for j in range(1, dim):
        pts = sorted(range(n_words), key=lambda i: (costs[i][0], costs[i][j]))
        lower = []
        for p in pts:
            while len(lower) >= 2:
                p1, p2 = lower[-2], lower[-1]
                dx1, dy1 = costs[p2][0] - costs[p1][0], costs[p2][j] - costs[p1][j]
                dx2, dy2 = costs[p][0] - costs[p1][0], costs[p][j] - costs[p1][j]
                if dx1 * dy2 - dy1 * dx2 <= 0:
                    lower.pop()
                else:
                    break
            lower.append(p)
        for idx in lower:
            hull_indices.add(idx)
        for ratio in (0.1, 0.25, 0.5, 1.0, 2.0, 4.0, 10.0):
            hull_indices.add(min(range(n_words), key=lambda i: costs[i][0] + ratio * costs[i][j]))
    for alpha in (1.5, 3.0, 5.0):
        for start_mode in ('min_max', 'min_b'):
            cur_idx = min(range(n_words), key=lambda i: (max(costs[i]), costs[i][0])) if start_mode == 'min_max' else min(range(n_words), key=lambda i: (costs[i][0], max(costs[i])))
            cur_vec = list(costs[cur_idx])
            hull_indices.add(cur_idx)
            for it in range(1, 40):
                mx = max(cur_vec)
                exps = [math.exp(min(50.0, alpha * (val - mx))) for val in cur_vec]
                tot = sum(exps)
                weights = [e / tot for e in exps]
                best_i = min(range(n_words), key=lambda i: sum(weights[d] * costs[i][d] for d in range(dim)))
                hull_indices.add(best_i)
                gamma = 2.0 / (it + 2)
                for d in range(dim):
                    cur_vec[d] = (1.0 - gamma) * cur_vec[d] + gamma * costs[best_i][d]
    ordered = sorted(hull_indices, key=lambda i: (max(costs[i]), costs[i][0], sum(costs[i])))
    selected_indices = list(ordered[:KEEP])
    if len(selected_indices) < KEEP:
        by_max = sorted(range(n_words), key=lambda i: (max(costs[i]), costs[i][0]))
        for idx in by_max:
            if idx not in selected_indices:
                selected_indices.append(idx)
                if len(selected_indices) >= KEEP:
                    break
    return [word_list[i] for i in selected_indices[:KEEP]]


def certify(family):
    start = _time.process_time()
    deadline = start + CPU_BUDGET
    v = family['unit_base']
    m, k = max(v), sum(1 for x in v if x == 0)
    root_words = _build_root_words(v)
    root = {'words': root_words, 'origins': [1] * k}
    base = []
    for w in root_words:
        p = price(v, w)
        if p is not None:
            base.append((w, p[0], p[1]))
    if base and _leaf_lp(base, [1] * k, [1] * k, [None] * k, m - 2, m)[0]:
        return {'tree': root, 'note': 'unit root leaf'}

    cache = {}
    unit_words = pool(v)
    unit_priced = [(w, B, beta) for w, (B, beta) in unit_words.items()]
    unit = _pareto(unit_priced)
    if unit:
        cache[(tuple([1] * k), tuple([0] * k))] = unit
        ok_all, w_all = _leaf_lp(unit, [1] * k, [1] * k, [None] * k, m - 2, m)
        if ok_all:
            return {'tree': _leaf(unit, [1] * k, [0] * k, w_all), 'note': 'full unit pool leaf'}

    load = [min(beta[j] for _, _, beta in unit) if unit else 0 for j in range(k)]
    sorted_axes = sorted(range(k), key=lambda j: (-load[j], j))

    for axis in sorted_axes:
        if _time.process_time() > deadline:
            break
        tree = _staircase(v, m, k, axis, deadline, cache)
        if tree is not None:
            return {'tree': tree, 'note': f'staircase axis {axis}'}

    return {'tree': root, 'note': 'fallback root'}
Iteration 15: New subsample score 3.0 is not better than old score 3.0, skipping
Iteration 16: Selected program 0 score: 0.9044764957264957
Iteration 16: Proposed new text for current_candidate: """Tree certifier with multi-axis refined origins and pick optimization."""

import itertools
import math
import time as _time

KEEP = 32
MAX_ORIGIN = 5
MAX_CUT = 12
MAX_STEPS = 9
LEAF_WORDS = 24
CPU_BUDGET = 2.4
EPS = 1e-9


def _reduce(word):
    out = []
    for ch in word:
        if out and out[-1] + ch in ('LR', 'RL', 'XX'):
            out.pop()
        else:
            out.append(ch)
    return ''.join(out)


def _lifts(v, t, perm, m, r):
    n = len(v)
    zeros = [p for p in range(n) if v[p] == 0]
    target = [0] * n
    for p in range(n):
        if v[p]:
            target[p] = (t + v[p] - 1) % n
    for i in range(r):
        target[zeros[i]] = (t + m + perm[i]) % n

    lift_bases = []
    base1 = [((target[p] - p + n // 2) % n) - n // 2 for p in range(n)]
    lift_bases.append(base1)
    if n % 2 == 0:
        base2 = [((target[p] - p + n // 2 - 1) % n) - (n // 2 - 1) for p in range(n)]
        if base2 != base1:
            lift_bases.append(base2)

    res = []
    for rem_base in lift_bases:
        q = sum(rem_base) // n
        if q == 0:
            if rem_base not in res:
                res.append(rem_base)
            continue
        for rev_tie in (False, True):
            rem = list(rem_base)
            order = sorted(range(n), key=lambda p: (rem[p], -p if rev_tie else p), reverse=q > 0)
            for p in order[:abs(q)]:
                rem[p] -= n if q > 0 else -n
            if rem not in res:
                res.append(rem)
    return res


def _sweep(v, rem, t, mode, c_start=0, limit=4000):
    n = len(v)
    a, rem = list(v), list(rem)
    out = []
    c = 0
    if c_start != 0:
        d = c_start % n
        out.append('L' * d if d <= n - d else 'R' * (n - d))
        c = c_start % n

    def must_cross(x):
        return rem[x] - rem[(x + 1) % n] >= 2

    def cross(x):
        y = (x + 1) % n
        rx, ry = rem[x], rem[y]
        if a[x] or a[y]:
            out.append('X')
            a[x], a[y] = a[y], a[x]
        rem[x], rem[y] = ry + 1, rx - 1

    bounce_dir = 1 if mode == 'bounce_L' else -1
    bounce_steps = 0
    while any(rem) and len(out) < limit:
        if mode.startswith('greedy'):
            dirs = (1, -1) if mode == 'greedy' else (-1, 1)
            for dist in range(n):
                found = False
                for sgn in dirs:
                    pos = (c + sgn * dist) % n
                    if must_cross(pos):
                        out.append(('L' if sgn == 1 else 'R') * dist)
                        c = pos
                        found = True
                        break
                if found:
                    break
            else:
                return None
            cross(c)
            continue
        elif mode.startswith('bounce'):
            if must_cross(c):
                cross(c)
                if not any(rem):
                    break
            step_ch = 'L' if bounce_dir == 1 else 'R'
            out.append(step_ch)
            c = (c + bounce_dir) % n
            bounce_steps += 1
            if bounce_steps >= n - 1:
                bounce_dir = -bounce_dir
                bounce_steps = 0
            continue
        if must_cross(c):
            cross(c)
            if not any(rem):
                break
        out.append(mode)
        c = (c + (1 if mode == 'L' else -1)) % n
    if any(rem):
        return None
    d = (t - c) % n
    out.append('L' * d if d <= n - d else 'R' * (n - d))
    return ''.join(out)


def _price_picks(v, word, picks):
    n = len(v)
    k = len(picks)
    blk = {p: j for j, p in enumerate(picks)}
    a, g = [], 0
    for x in v:
        if x:
            a.append(x)
        else:
            a.append(-1 - g)
            g += 1
    m = n - g
    A, q, d, cz, c = [0] * k, 0, 0, [0] * k, 0
    segs = []
    for ch in word:
        if ch == 'L':
            d += 1
            if a[c] < 0 and (-1 - a[c]) in blk:
                cz[blk[-1 - a[c]]] += 1
            c = (c + 1) % n
        elif ch == 'R':
            c = (c - 1) % n
            d -= 1
            if a[c] < 0 and (-1 - a[c]) in blk:
                cz[blk[-1 - a[c]]] -= 1
        else:
            c2 = (c + 1) % n
            x, y = a[c], a[c2]
            if x < 0 and y < 0:
                return None
            q += 1
            nxt = [0] * k
            if x < 0 and (-1 - x) in blk:
                cz[blk[-1 - x]] += 1
                A[blk[-1 - x]] += 1
            elif y < 0 and (-1 - y) in blk:
                A[blk[-1 - y]] += 1
                nxt[blk[-1 - y]] = -1
            segs.append((d, cz))
            d, cz = 0, nxt
            a[c], a[c2] = y, x
    segs.append((d, cz))
    fin = a[c:] + a[:c]
    if fin[:m] != list(range(1, m + 1)):
        return None
    B = q + sum(abs(s) for s, _ in segs)
    beta = [2 * A[i] + sum(abs(z[i]) for _, z in segs) for i in range(k)]
    return B, beta


def price(v, word):
    k = sum(1 for x in v if x == 0)
    return _price_picks(v, word, list(range(k)))


def _budget(m, r):
    return m * (m + 1) // 2 + (r - 1) * (m - 2)


def _refine(v, origins):
    out, j = [], 0
    for x in v:
        if x:
            out.append(x)
        else:
            out.extend([0] * origins[j])
            j += 1
    return out


def _sweep_words(v, deadline):
    n, m = len(v), max(v)
    r = n - m
    if r <= 4:
        perms = list(itertools.permutations(range(r)))
    else:
        perms = [[(s + i) % r for i in range(r)] for s in range(r)] + [
            [(s + r - 1 - i) % r for i in range(r)] for s in range(r)]
    words = set()
    for t in range(n):
        if _time.process_time() > deadline:
            break
        for perm in perms:
            for rem in _lifts(v, t, perm, m, r):
                for c_start in (0, t) if t != 0 else (0,):
                    for mode in ('L', 'R', 'greedy', 'greedy_R', 'bounce_L', 'bounce_R'):
                        w = _sweep(v, rem, t, mode, c_start=c_start)
                        if w is not None:
                            w = _reduce(w)
                            if len(w) <= 4000:
                                words.add(w)
    return sorted(words, key=lambda w: (len(w), w))


def _pareto(priced):
    best = {}
    for w, B, beta in priced:
        key = (B,) + tuple(beta)
        if key not in best or (len(w), w) < (len(best[key]), best[key]):
            best[key] = w
    keys = sorted(best)
    keep = []
    for x in keys:
        if not any(all(p <= q for p, q in zip(y, x)) for y in keep):
            keep.append(x)
    return [(best[x], x[0], list(x[1:])) for x in keep]


def _simplex(A, b, c):
    rows, cols = len(A), len(c)
    T = []
    for i in range(rows):
        s = -1.0 if b[i] < 0 else 1.0
        T.append([s * x for x in A[i]] + [1.0 if r == i else 0.0 for r in range(rows)] + [s * b[i]])
    basis = list(range(cols, cols + rows))

    def pivot(r, j):
        p = T[r][j]
        T[r] = [x / p for x in T[r]]
        for i in range(rows):
            if i != r and abs(T[i][j]) > 1e-15:
                f = T[i][j]
                T[i] = [x - f * y for x, y in zip(T[i], T[r])]
        basis[r] = j

    def run(cost, allowed):
        for _ in range(2500):
            enter = None
            for j in allowed:
                if j in basis:
                    continue
                if cost[j] - sum(cost[basis[i]] * T[i][j] for i in range(rows)) < -EPS:
                    enter = j
                    break
            if enter is None:
                return True
            cand = [i for i in range(rows) if T[i][enter] > EPS]
            if not cand:
                return False
            r = min(cand, key=lambda i: (T[i][-1] / T[i][enter], basis[i]))
            pivot(r, enter)
        return False

    if not run([0.0] * cols + [1.0] * rows, range(cols + rows)):
        return None
    if sum(T[i][-1] for i in range(rows) if basis[i] >= cols) > 1e-7:
        return None
    for r in range(rows):
        if basis[r] >= cols:
            j = next((j for j in range(cols) if abs(T[r][j]) > EPS and j not in basis), None)
            if j is not None:
                pivot(r, j)
    if not run(list(c) + [0.0] * rows, range(cols)):
        return None
    x = [0.0] * cols
    for i, j in enumerate(basis):
        if j < cols:
            x[j] = T[i][-1]
    return x, sum(ci * xi for ci, xi in zip(c, x))


def _leaf_lp(cols, origins, lo, hi, s, m):
    k = len(lo)
    n = len(cols)
    bnd = [j for j in range(k) if hi[j] is not None]
    T = _budget(m, sum(lo))
    cost = [B + sum(b * (l - o) for b, l, o in zip(beta, lo, origins)) for _, B, beta in cols]
    A = []
    for j in range(k):
        A.append([beta[j] for _, _, beta in cols] + [-1.0 if bj == j else 0.0 for bj in bnd]
                 + [1.0 if i == j else 0.0 for i in range(k)])
    A.append([1.0] * n + [0.0] * (len(bnd) + k))
    c = cost + [hi[j] - lo[j] for j in bnd] + [0.0] * k
    out = _simplex(A, [float(s)] * k + [1.0], c)
    if out is None:
        return False, None
    x, val = out
    return val < T + 1 - 1e-6, x[:n]


def _leaf(cols, origins, weights, picks_rel=None):
    order = sorted(range(len(cols)), key=lambda i: (-weights[i], cols[i][1], i))
    words = [cols[i][0] for i in order if weights[i] > 1e-12]
    for i in order:
        if len(words) >= LEAF_WORDS:
            break
        if cols[i][0] not in words:
            words.append(cols[i][0])
    node = {'words': words[:LEAF_WORDS], 'origins': list(origins)}
    if picks_rel is not None and any(p != 0 for p in picks_rel):
        node['picks'] = list(picks_rel)
    return node


_SWEEP_CACHE = {}


def _columns(v, origins, deadline, picks_rel=None):
    origins_tuple = tuple(origins)
    if origins_tuple not in _SWEEP_CACHE:
        ref = _refine(v, origins)
        sw_words = _sweep_words(ref, deadline)
        _SWEEP_CACHE[origins_tuple] = (ref, sw_words)
    ref, sw_words = _SWEEP_CACHE[origins_tuple]
    
    if picks_rel is None:
        picks_rel = [0] * len(origins)
    offsets = []
    cur = 0
    for o in origins:
        offsets.append(cur)
        cur += o
    picks_global = [offsets[j] + picks_rel[j] for j in range(len(origins))]
    
    priced = []
    for w in sw_words:
        p = _price_picks(ref, w, picks_global)
        if p is not None:
            priced.append((w, p[0], p[1]))
    return _pareto(priced)


def _eval_leaf_candidate(v, origins, lo, hi, s, m, deadline, axis):
    best_res = (False, None, None, None)
    best_val = float('inf')
    
    cand_picks = [0]
    if origins[axis] > 1:
        cand_picks = list(range(origins[axis]))
        
    for p_val in cand_picks:
        picks_rel = [0] * len(origins)
        picks_rel[axis] = p_val
        cols = _columns(v, origins, deadline, picks_rel)
        if not cols:
            continue
        ok, w = _leaf_lp(cols, origins, lo, hi, s, m)
        if ok:
            return True, cols, w, picks_rel
        cost = [cols[i][1] + sum(cols[i][2][j] * (lo[j] - origins[j]) for j in range(len(origins))) for i in range(len(cols))]
        val = min(cost) if cost else float('inf')
        if val < best_val:
            best_val = val
            best_res = (False, cols, w, picks_rel)
    return best_res


def _staircase(v, m, k, axis, deadline, lo_fixed=None, hi_fixed=None):
    s = m - 2
    leaves, l = [], 1
    if lo_fixed is not None:
        base_lo = list(lo_fixed)
        base_hi = list(hi_fixed)
    else:
        base_lo = [1] * k
        base_hi = [None] * k

    while len(leaves) < MAX_STEPS and l <= MAX_CUT + 1 and _time.process_time() < deadline:
        origins = [1] * k
        if lo_fixed is not None:
            for j in range(k):
                if j != axis and base_hi[j] is not None:
                    origins[j] = min(base_lo[j], 3)
        origins[axis] = min(l, MAX_ORIGIN)
        lo = list(base_lo)
        lo[axis] = l
        hi = list(base_hi)
        hi[axis] = None

        ok, cols, w, p_rel = _eval_leaf_candidate(v, origins, lo, hi, s, m, deadline, axis)
        if ok:
            leaves.append((_leaf(cols, origins, w, p_rel), None))
            tree = leaves[-1][0]
            for node, h in reversed(leaves[:-1]):
                tree = {'j': axis, 't': h, 'le': node, 'ge': tree}
            return tree
        if len(leaves) + 1 >= MAX_STEPS or l > MAX_CUT:
            return None

        lo_h, hi_h, best = l, MAX_CUT, None
        while lo_h <= hi_h:
            mid = (lo_h + hi_h) // 2
            hi_test = list(hi)
            hi_test[axis] = mid
            ok_m, cols_m, w_m, p_rel_m = _eval_leaf_candidate(v, origins, lo, hi_test, s, m, deadline, axis)
            if ok_m:
                best = (mid, cols_m, w_m, p_rel_m)
                lo_h = mid + 1
            else:
                hi_h = mid - 1
        if best is None:
            return None
        leaves.append((_leaf(best[1], origins, best[2], best[3]), best[0]))
        l = best[0] + 1
    return None


def _certify_root(v):
    n, m = len(v), max(v)
    k = n - m
    T = _budget(m, k)
    cols = _columns(v, [1] * k, float('inf'))
    if not cols:
        return None
    cost_vecs = [[cols[i][1] - T] + [b - (m - 2) for b in cols[i][2]] for i in range(len(cols))]
    dim = k + 1
    n_words = len(cols)
    hull = set()
    for d in range(dim):
        hull.add(min(range(n_words), key=lambda i: (cost_vecs[i][d], max(cost_vecs[i]))))
    for j in range(1, dim):
        for ratio in (0.1, 0.25, 0.5, 1.0, 2.0, 4.0, 10.0):
            hull.add(min(range(n_words), key=lambda i: cost_vecs[i][0] + ratio * cost_vecs[i][j]))
    for alpha in (1.5, 3.0):
        for s_mode in ('min_max', 'min_b'):
            cur_idx = min(range(n_words), key=lambda i: (max(cost_vecs[i]), cost_vecs[i][0]) if s_mode == 'min_max' else (cost_vecs[i][0], max(cost_vecs[i])))
            cur_vec = list(cost_vecs[cur_idx])
            hull.add(cur_idx)
            for it in range(1, 40):
                mx = max(cur_vec)
                exps = [math.exp(min(50.0, alpha * (val - mx))) for val in cur_vec]
                tot = sum(exps)
                weights = [e / tot for e in exps]
                best_i = min(range(n_words), key=lambda i: sum(weights[d] * cost_vecs[i][d] for d in range(dim)))
                hull.add(best_i)
                gamma = 2.0 / (it + 2)
                for d in range(dim):
                    cur_vec[d] = (1.0 - gamma) * cur_vec[d] + gamma * cost_vecs[best_i][d]
    ordered = sorted(hull, key=lambda i: (max(cost_vecs[i]), cost_vecs[i][0]))
    selected = [cols[i][0] for i in ordered[:KEEP]]
    return selected


def certify(family):
    global _SWEEP_CACHE
    _SWEEP_CACHE = {}
    start = _time.process_time()
    deadline = start + CPU_BUDGET
    v = family['unit_base']
    m, k = max(v), sum(1 for x in v if x == 0)

    unit_cols = _columns(v, [1] * k, deadline)
    if unit_cols:
        ok, w = _leaf_lp(unit_cols, [1] * k, [1] * k, [None] * k, m - 2, m)
        if ok:
            leaf_node = _leaf(unit_cols, [1] * k, w)
            return {'tree': leaf_node}

    root_words = _certify_root(v)
    root = {'words': root_words if root_words else [unit_cols[0][0]], 'origins': [1] * k}

    load = [min(beta[j] for _, _, beta in unit_cols) if unit_cols else 0 for j in range(k)]
    sorted_axes = sorted(range(k), key=lambda j: (-load[j], j))

    for axis in sorted_axes:
        if _time.process_time() > deadline:
            break
        tree = _staircase(v, m, k, axis, deadline)
        if tree is not None:
            return {'tree': tree}

    if k >= 2 and _time.process_time() < deadline - 0.4:
        ax1 = sorted_axes[0]
        ax2 = sorted_axes[1]
        for t_split in (1, 2):
            lo1 = [1] * k
            hi1 = [None] * k
            hi1[ax1] = t_split
            sub_le = _staircase(v, m, k, ax2, deadline, lo_fixed=lo1, hi_fixed=hi1)
            if sub_le is not None:
                lo2 = [1] * k
                lo2[ax1] = t_split + 1
                sub_ge = _staircase(v, m, k, ax1, deadline, lo_fixed=lo2, hi_fixed=[None] * k)
                if sub_ge is not None:
                    return {'tree': {'j': ax1, 't': t_split, 'le': sub_le, 'ge': sub_ge}}

    return {'tree': root}
Iteration 16: New subsample score 2.3333333333333335 is not better than old score 2.3333333333333335, skipping
Iteration 17: Selected program 0 score: 0.9044764957264957
Iteration 17: Proposed new text for current_candidate: """Tree certifier with refined origins, optimal atom picking, and flexible staircases."""

import itertools
import math
import time as _time

KEEP = 32
MAX_ORIGIN = 5
MAX_CUT = 12
MAX_STEPS = 8
LEAF_WORDS = 24
CPU_BUDGET = 2.65
EPS = 1e-9


def _reduce(word):
    out = []
    for ch in word:
        if out and out[-1] + ch in ('LR', 'RL', 'XX'):
            out.pop()
        else:
            out.append(ch)
    return ''.join(out)


def _lifts(v, t, perm, m, r):
    n = len(v)
    zeros = [p for p in range(n) if v[p] == 0]
    target = [0] * n
    for p in range(n):
        if v[p]:
            target[p] = (t + v[p] - 1) % n
    for i in range(r):
        target[zeros[i]] = (t + m + perm[i]) % n

    lift_bases = []
    base1 = [((target[p] - p + n // 2) % n) - n // 2 for p in range(n)]
    lift_bases.append(base1)
    if n % 2 == 0:
        base2 = [((target[p] - p + n // 2 - 1) % n) - (n // 2 - 1) for p in range(n)]
        if base2 != base1:
            lift_bases.append(base2)

    res = []
    for rem_base in lift_bases:
        q = sum(rem_base) // n
        if q == 0:
            if rem_base not in res:
                res.append(rem_base)
            continue
        for rev_tie in (False, True):
            rem = list(rem_base)
            order = sorted(range(n), key=lambda p: (rem[p], -p if rev_tie else p), reverse=q > 0)
            for p in order[:abs(q)]:
                rem[p] -= n if q > 0 else -n
            if rem not in res:
                res.append(rem)
    return res


def _sweep(v, rem, t, mode, c_start=0, limit=4000):
    n = len(v)
    a, rem = list(v), list(rem)
    out = []
    c = 0
    if c_start != 0:
        d = c_start % n
        out.append('L' * d if d <= n - d else 'R' * (n - d))
        c = c_start % n

    def must_cross(x):
        return rem[x] - rem[(x + 1) % n] >= 2

    def cross(x):
        y = (x + 1) % n
        rx, ry = rem[x], rem[y]
        if a[x] or a[y]:
            out.append('X')
            a[x], a[y] = a[y], a[x]
        rem[x], rem[y] = ry + 1, rx - 1

    bounce_dir = 1 if mode == 'bounce_L' else -1
    bounce_steps = 0
    while any(rem) and len(out) < limit:
        if mode.startswith('greedy'):
            dirs = (1, -1) if mode == 'greedy' else (-1, 1)
            for dist in range(n):
                found = False
                for sgn in dirs:
                    pos = (c + sgn * dist) % n
                    if must_cross(pos):
                        out.append(('L' if sgn == 1 else 'R') * dist)
                        c = pos
                        found = True
                        break
                if found:
                    break
            else:
                return None
            cross(c)
            continue
        elif mode.startswith('bounce'):
            if must_cross(c):
                cross(c)
                if not any(rem):
                    break
            step_ch = 'L' if bounce_dir == 1 else 'R'
            out.append(step_ch)
            c = (c + bounce_dir) % n
            bounce_steps += 1
            if bounce_steps >= n - 1:
                bounce_dir = -bounce_dir
                bounce_steps = 0
            continue
        if must_cross(c):
            cross(c)
            if not any(rem):
                break
        out.append(mode)
        c = (c + (1 if mode == 'L' else -1)) % n
    if any(rem):
        return None
    d = (t - c) % n
    out.append('L' * d if d <= n - d else 'R' * (n - d))
    return ''.join(out)


def price(v, word):
    n, k = len(v), sum(1 for x in v if x == 0)
    a, j = [], 0
    for x in v:
        if x:
            a.append(x)
        else:
            j += 1
            a.append(-j)
    segs, A, q, d, cz, c = [], [0] * k, 0, 0, [0] * k, 0
    for ch in word:
        if ch == 'L':
            d += 1
            if a[c] < 0:
                cz[-a[c] - 1] += 1
            c = (c + 1) % n
        elif ch == 'R':
            c = (c - 1) % n
            d -= 1
            if a[c] < 0:
                cz[-a[c] - 1] -= 1
        else:
            c2 = (c + 1) % n
            x, y = a[c], a[c2]
            if x < 0 and y < 0:
                return None
            q += 1
            nxt = [0] * k
            if x < 0:
                cz[-x - 1] += 1
                A[-x - 1] += 1
            elif y < 0:
                A[-y - 1] += 1
                nxt[-y - 1] = -1
            segs.append((d, cz))
            d, cz = 0, nxt
            a[c], a[c2] = y, x
    segs.append((d, cz))
    fin = a[c:] + a[:c]
    m = n - k
    if fin[:m] != list(range(1, m + 1)):
        return None
    B = q + sum(abs(s) for s, _ in segs)
    beta = [2 * A[i] + sum(abs(z[i]) for _, z in segs) for i in range(k)]
    return B, beta


def _budget(m, r):
    return m * (m + 1) // 2 + (r - 1) * (m - 2)


def _refine(v, origins):
    out, j = [], 0
    for x in v:
        if x:
            out.append(x)
        else:
            out.extend([0] * origins[j])
            j += 1
    return out


def _price_all_atoms(v, word):
    """Calculates B and beta for all zero atoms simultaneously.
    Returns (B, beta_all) or None if invalid word or zero-zero swap."""
    n = len(v)
    a, g = [], 0
    for x in v:
        if x:
            a.append(x)
        else:
            a.append(-1 - g)
            g += 1
    m = n - g
    num_zeros = g
    A, q, d, cz, c = [0] * num_zeros, 0, 0, [0] * num_zeros, 0
    segs = []
    for ch in word:
        if ch == 'L':
            d += 1
            if a[c] < 0:
                cz[-1 - a[c]] += 1
            c = (c + 1) % n
        elif ch == 'R':
            c = (c - 1) % n
            d -= 1
            if a[c] < 0:
                cz[-1 - a[c]] -= 1
        else:
            c2 = (c + 1) % n
            x, y = a[c], a[c2]
            if x < 0 and y < 0:
                return None
            q += 1
            nxt = [0] * num_zeros
            if x < 0:
                cz[-1 - x] += 1
                A[-1 - x] += 1
            elif y < 0:
                A[-1 - y] += 1
                nxt[-1 - y] = -1
            segs.append((d, cz))
            d, cz = 0, nxt
            a[c], a[c2] = y, x
    segs.append((d, cz))
    fin = a[c:] + a[:c]
    if fin[:m] != list(range(1, m + 1)):
        return None
    B = q + sum(abs(s) for s, _ in segs)
    beta = [2 * A[i] + sum(abs(z[i]) for _, z in segs) for i in range(num_zeros)]
    return B, beta


def _sweep_words(v, deadline):
    n, m = len(v), max(v)
    r = n - m
    if r <= 4:
        perms = list(itertools.permutations(range(r)))
    elif r <= 6:
        perms = [[(s + i) % r for i in range(r)] for s in range(r)] + [
            [(s + r - 1 - i) % r for i in range(r)] for s in range(r)]
        for s in range(r):
            p = [(s + i) % r for i in range(r)]
            p[0], p[1] = p[1], p[0]
            perms.append(p)
            p2 = [(s + r - 1 - i) % r for i in range(r)]
            p2[0], p2[1] = p2[1], p2[0]
            perms.append(p2)
    else:
        perms = [[(s + i) % r for i in range(r)] for s in range(r)] + [
            [(s + r - 1 - i) % r for i in range(r)] for s in range(r)]

    words = set()
    for t in range(n):
        if _time.process_time() > deadline:
            break
        for perm in perms:
            for rem in _lifts(v, t, perm, m, r):
                for c_start in (0, t) if t != 0 else (0,):
                    for mode in ('L', 'R', 'greedy', 'greedy_R', 'bounce_L', 'bounce_R'):
                        w = _sweep(v, rem, t, mode, c_start=c_start)
                        if w is not None:
                            w = _reduce(w)
                            if len(w) <= 4000:
                                words.add(w)
    return sorted(words, key=lambda w: (len(w), w))


def _simplex(A, b, c):
    rows, cols = len(A), len(c)
    T = []
    for i in range(rows):
        s = -1.0 if b[i] < 0 else 1.0
        T.append([s * x for x in A[i]] + [1.0 if r == i else 0.0 for r in range(rows)] + [s * b[i]])
    basis = list(range(cols, cols + rows))

    def pivot(r, j):
        p = T[r][j]
        T[r] = [x / p for x in T[r]]
        for i in range(rows):
            if i != r and abs(T[i][j]) > 1e-15:
                f = T[i][j]
                T[i] = [x - f * y for x, y in zip(T[i], T[r])]
        basis[r] = j

    def run(cost, allowed):
        for _ in range(2500):
            enter = None
            for j in allowed:
                if j in basis:
                    continue
                if cost[j] - sum(cost[basis[i]] * T[i][j] for i in range(rows)) < -EPS:
                    enter = j
                    break
            if enter is None:
                return True
            cand = [i for i in range(rows) if T[i][enter] > EPS]
            if not cand:
                return False
            r = min(cand, key=lambda i: (T[i][-1] / T[i][enter], basis[i]))
            pivot(r, enter)
        return False

    if not run([0.0] * cols + [1.0] * rows, range(cols + rows)):
        return None
    if sum(T[i][-1] for i in range(rows) if basis[i] >= cols) > 1e-7:
        return None
    for r in range(rows):
        if basis[r] >= cols:
            j = next((j for j in range(cols) if abs(T[r][j]) > EPS and j not in basis), None)
            if j is not None:
                pivot(r, j)
    if not run(list(c) + [0.0] * rows, range(cols)):
        return None
    x = [0.0] * cols
    for i, j in enumerate(basis):
        if j < cols:
            x[j] = T[i][-1]
    return x, sum(ci * xi for ci, xi in zip(c, x))


def _leaf_lp(cols, origins, lo, hi, s, m):
    k = len(lo)
    n = len(cols)
    bnd = [j for j in range(k) if hi[j] is not None]
    T = _budget(m, sum(lo))
    cost = [B + sum(b * (l - o) for b, l, o in zip(beta, lo, origins)) for _, B, beta in cols]
    A = []
    for j in range(k):
        A.append([beta[j] for _, _, beta in cols] + [-1.0 if bj == j else 0.0 for bj in bnd]
                 + [1.0 if i == j else 0.0 for i in range(k)])
    A.append([1.0] * n + [0.0] * (len(bnd) + k))
    c = cost + [hi[j] - lo[j] for j in bnd] + [0.0] * k
    out = _simplex(A, [float(s)] * k + [1.0], c)
    if out is None:
        return False, None
    x, val = out
    return val < T + 1 - 1e-6, x[:n]


def _filter_pareto(priced):
    best = {}
    for w, B, beta in priced:
        key = (B,) + tuple(beta)
        if key not in best or len(w) < len(best[key]):
            best[key] = w
    keys = sorted(best)
    keep = []
    for x in keys:
        if not any(all(p <= q for p, q in zip(y, x)) for y in keep):
            keep.append(x)
    return [(best[x], x[0], list(x[1:])) for x in keep]


def _leaf(cols, origins, weights, picks=None):
    order = sorted(range(len(cols)), key=lambda i: (-weights[i], cols[i][1], i))
    words = [cols[i][0] for i in order if weights[i] > 1e-12]
    for i in order:
        if len(words) >= LEAF_WORDS:
            break
        if cols[i][0] not in words:
            words.append(cols[i][0])
    res = {'words': words[:LEAF_WORDS], 'origins': list(origins)}
    if picks is not None and any(p != 0 for p in picks):
        res['picks'] = list(picks)
    return res


def _get_evaluated_words(v, origins, deadline, raw_cache):
    key = tuple(origins)
    if key not in raw_cache:
        ref = _refine(v, origins)
        evals = []
        for w in _sweep_words(ref, deadline):
            res = _price_all_atoms(ref, w)
            if res is not None:
                evals.append((w, res[0], res[1]))
        raw_cache[key] = evals
    return raw_cache[key]


def _build_leaf_for_box(v, m, k, origins, lo, hi, deadline, raw_cache):
    evals = _get_evaluated_words(v, origins, deadline, raw_cache)
    if not evals:
        return False, None

    picks_candidates = []
    def rec(blk_idx, cur):
        if blk_idx == k:
            picks_candidates.append(tuple(cur))
            return
        if origins[blk_idx] == 1:
            rec(blk_idx + 1, cur + [0])
        else:
            for p in range(origins[blk_idx]):
                rec(blk_idx + 1, cur + [p])
    rec(0, [])

    s = m - 2
    for pick_cand in picks_candidates:
        blk_offsets = []
        cur_tot = 0
        for o in origins:
            blk_offsets.append(cur_tot)
            cur_tot += o
        global_picks = [blk_offsets[j] + pick_cand[j] for j in range(k)]

        priced = [(w, B, [beta_all[gp] for gp in global_picks]) for w, B, beta_all in evals]
        cols = _filter_pareto(priced)
        if not cols:
            continue
        ok, w = _leaf_lp(cols, origins, lo, hi, s, m)
        if ok:
            return True, _leaf(cols, origins, w, pick_cand)
    return False, None


def _staircase_on_axis(v, m, k, axis, deadline, raw_cache):
    s = m - 2
    leaves, l = [], 1
    while len(leaves) < MAX_STEPS and l <= MAX_CUT + 1 and _time.process_time() < deadline:
        best_unbounded = None
        for cand_origin in range(min(l, MAX_ORIGIN), 0, -1):
            origins = [1] * k
            origins[axis] = cand_origin
            lo = [1] * k
            lo[axis] = l
            ok, leaf_node = _build_leaf_for_box(v, m, k, origins, lo, [None] * k, deadline, raw_cache)
            if ok:
                best_unbounded = leaf_node
                break

        if best_unbounded is not None:
            leaves.append((best_unbounded, None))
            tree = leaves[-1][0]
            for node, h in reversed(leaves[:-1]):
                tree = {'j': axis, 't': h, 'le': node, 'ge': tree}
            return tree

        if len(leaves) + 1 >= MAX_STEPS or l > MAX_CUT:
            return None

        lo_h, hi_h, best_bounded = l, MAX_CUT, None
        while lo_h <= hi_h and _time.process_time() < deadline:
            mid = (lo_h + hi_h) // 2
            passed_mid, best_mid_leaf = False, None
            for cand_origin in range(min(l, MAX_ORIGIN), 0, -1):
                origins = [1] * k
                origins[axis] = cand_origin
                lo = [1] * k
                lo[axis] = l
                hi = [None] * k
                hi[axis] = mid
                ok, leaf_node = _build_leaf_for_box(v, m, k, origins, lo, hi, deadline, raw_cache)
                if ok:
                    passed_mid = True
                    best_mid_leaf = leaf_node
                    break
            if passed_mid:
                best_bounded = (mid, best_mid_leaf)
                lo_h = mid + 1
            else:
                hi_h = mid - 1

        if best_bounded is None:
            return None
        leaves.append((best_bounded[1], best_bounded[0]))
        l = best_bounded[0] + 1
    return None


def certify(family):
    start = _time.process_time()
    deadline = start + CPU_BUDGET
    v = family['unit_base']
    m, k = max(v), sum(1 for x in v if x == 0)
    raw_cache = {}

    ok, root_leaf = _build_leaf_for_box(v, m, k, [1] * k, [1] * k, [None] * k, deadline, raw_cache)
    if ok:
        return {'tree': root_leaf, 'note': 'unit root certified'}

    unit_evals = _get_evaluated_words(v, [1] * k, deadline, raw_cache)
    if unit_evals:
        min_slopes = [min(b[j] for _, _, b in unit_evals) for j in range(k)]
        axes_order = sorted(range(k), key=lambda j: (-min_slopes[j], j))
    else:
        axes_order = list(range(k))

    for axis in axes_order:
        if _time.process_time() > deadline:
            break
        tree = _staircase_on_axis(v, m, k, axis, deadline, raw_cache)
        if tree is not None:
            return {'tree': tree, 'note': 'staircase on axis %d' % axis}

    fallback = root_leaf if root_leaf is not None else {'words': [], 'origins': [1] * k}
    return {'tree': fallback, 'note': 'timeout or unresolved'}
Iteration 17: New subsample score 3.0 is not better than old score 3.0, skipping
Iteration 18: Selected program 0 score: 0.9044764957264957
Iteration 18: Proposed new text for current_candidate: """Tree certificate builder with refined-origin staircase search and pick selection."""

import itertools
import math
import time as _time

KEEP = 32
MAX_ORIGIN = 5
MAX_CUT = 12
MAX_STEPS = 9
LEAF_WORDS = 24
CPU_BUDGET = 2.4
EPS = 1e-9


def _reduce(word):
    out = []
    for ch in word:
        if out and out[-1] + ch in ('LR', 'RL', 'XX'):
            out.pop()
        else:
            out.append(ch)
    return ''.join(out)


def _lifts(v, t, perm, m, r):
    n = len(v)
    zeros = [p for p in range(n) if v[p] == 0]
    target = [0] * n
    for p in range(n):
        if v[p]:
            target[p] = (t + v[p] - 1) % n
    for i in range(r):
        target[zeros[i]] = (t + m + perm[i]) % n

    lift_bases = []
    base1 = [((target[p] - p + n // 2) % n) - n // 2 for p in range(n)]
    lift_bases.append(base1)
    if n % 2 == 0:
        base2 = [((target[p] - p + n // 2 - 1) % n) - (n // 2 - 1) for p in range(n)]
        if base2 != base1:
            lift_bases.append(base2)

    res = []
    for rem_base in lift_bases:
        q = sum(rem_base) // n
        if q == 0:
            if rem_base not in res:
                res.append(rem_base)
            continue
        for rev_tie in (False, True):
            rem = list(rem_base)
            order = sorted(range(n), key=lambda p: (rem[p], -p if rev_tie else p), reverse=q > 0)
            for p in order[:abs(q)]:
                rem[p] -= n if q > 0 else -n
            if rem not in res:
                res.append(rem)
    return res


def _sweep(v, rem, t, mode, c_start=0, limit=4000):
    n = len(v)
    a, rem = list(v), list(rem)
    out = []
    c = 0
    if c_start != 0:
        d = c_start % n
        out.append('L' * d if d <= n - d else 'R' * (n - d))
        c = c_start % n

    def must_cross(x):
        return rem[x] - rem[(x + 1) % n] >= 2

    def cross(x):
        y = (x + 1) % n
        rx, ry = rem[x], rem[y]
        if a[x] or a[y]:
            out.append('X')
            a[x], a[y] = a[y], a[x]
        rem[x], rem[y] = ry + 1, rx - 1

    bounce_dir = 1 if mode == 'bounce_L' else -1
    bounce_steps = 0
    while any(rem) and len(out) < limit:
        if mode.startswith('greedy'):
            dirs = (1, -1) if mode == 'greedy' else (-1, 1)
            for dist in range(n):
                found = False
                for sgn in dirs:
                    pos = (c + sgn * dist) % n
                    if must_cross(pos):
                        out.append(('L' if sgn == 1 else 'R') * dist)
                        c = pos
                        found = True
                        break
                if found:
                    break
            else:
                return None
            cross(c)
            continue
        elif mode.startswith('bounce'):
            if must_cross(c):
                cross(c)
                if not any(rem):
                    break
            step_ch = 'L' if bounce_dir == 1 else 'R'
            out.append(step_ch)
            c = (c + bounce_dir) % n
            bounce_steps += 1
            if bounce_steps >= n - 1:
                bounce_dir = -bounce_dir
                bounce_steps = 0
            continue
        if must_cross(c):
            cross(c)
            if not any(rem):
                break
        out.append(mode)
        c = (c + (1 if mode == 'L' else -1)) % n
    if any(rem):
        return None
    d = (t - c) % n
    out.append('L' * d if d <= n - d else 'R' * (n - d))
    return ''.join(out)


def price(v, word):
    n, k = len(v), sum(1 for x in v if x == 0)
    a, j = [], 0
    for x in v:
        if x:
            a.append(x)
        else:
            j += 1
            a.append(-j)
    segs, A, q, d, cz, c = [], [0] * k, 0, 0, [0] * k, 0
    for ch in word:
        if ch == 'L':
            d += 1
            if a[c] < 0:
                cz[-a[c] - 1] += 1
            c = (c + 1) % n
        elif ch == 'R':
            c = (c - 1) % n
            d -= 1
            if a[c] < 0:
                cz[-a[c] - 1] -= 1
        else:
            c2 = (c + 1) % n
            x, y = a[c], a[c2]
            if x < 0 and y < 0:
                return None
            q += 1
            nxt = [0] * k
            if x < 0:
                cz[-x - 1] += 1
                A[-x - 1] += 1
            elif y < 0:
                A[-y - 1] += 1
                nxt[-y - 1] = -1
            segs.append((d, cz))
            d, cz = 0, nxt
            a[c], a[c2] = y, x
    segs.append((d, cz))
    fin = a[c:] + a[:c]
    m = n - k
    if fin[:m] != list(range(1, m + 1)):
        return None
    B = q + sum(abs(s) for s, _ in segs)
    beta = [2 * A[i] + sum(abs(z[i]) for _, z in segs) for i in range(k)]
    return B, beta


def _budget(m, r):
    return m * (m + 1) // 2 + (r - 1) * (m - 2)


def _refine(v, origins):
    out, j = [], 0
    for x in v:
        if x:
            out.append(x)
        else:
            out.extend([0] * origins[j])
            j += 1
    return out


def _price_atoms(v, word):
    n = len(v)
    zeros = [p for p in range(n) if v[p] == 0]
    num_zeros = len(zeros)
    z_idx = {pos: i for i, pos in enumerate(zeros)}
    a = list(v)
    for i, pos in enumerate(zeros):
        a[pos] = -1 - i
    m = n - num_zeros
    A = [0] * num_zeros
    cz = [0] * num_zeros
    q = 0
    d = 0
    c = 0
    segs = []
    for ch in word:
        if ch == 'L':
            d += 1
            if a[c] < 0:
                cz[-1 - a[c]] += 1
            c = (c + 1) % n
        elif ch == 'R':
            c = (c - 1) % n
            d -= 1
            if a[c] < 0:
                cz[-1 - a[c]] -= 1
        else:
            c2 = (c + 1) % n
            x, y = a[c], a[c2]
            if x < 0 and y < 0:
                return None
            q += 1
            nxt = [0] * num_zeros
            if x < 0:
                cz[-1 - x] += 1
                A[-1 - x] += 1
            elif y < 0:
                A[-1 - y] += 1
                nxt[-1 - y] = -1
            segs.append((d, cz))
            d = 0
            cz = nxt
            a[c], a[c2] = y, x
    segs.append((d, cz))
    fin = a[c:] + a[:c]
    if fin[:m] != list(range(1, m + 1)):
        return None
    B = q + sum(abs(s) for s, _ in segs)
    betas_all = [2 * A[i] + sum(abs(z[i]) for _, z in segs) for i in range(num_zeros)]
    return B, betas_all


def _simplex(A, b, c):
    rows, cols = len(A), len(c)
    T = []
    for i in range(rows):
        s = -1.0 if b[i] < 0 else 1.0
        T.append([s * x for x in A[i]] + [1.0 if r == i else 0.0 for r in range(rows)] + [s * b[i]])
    basis = list(range(cols, cols + rows))

    def pivot(r, j):
        p = T[r][j]
        T[r] = [x / p for x in T[r]]
        for i in range(rows):
            if i != r and abs(T[i][j]) > 1e-15:
                f = T[i][j]
                T[i] = [x - f * y for x, y in zip(T[i], T[r])]
        basis[r] = j

    def run(cost, allowed):
        for _ in range(2500):
            enter = None
            for j in allowed:
                if j in basis:
                    continue
                if cost[j] - sum(cost[basis[i]] * T[i][j] for i in range(rows)) < -EPS:
                    enter = j
                    break
            if enter is None:
                return True
            cand = [i for i in range(rows) if T[i][enter] > EPS]
            if not cand:
                return False
            r = min(cand, key=lambda i: (T[i][-1] / T[i][enter], basis[i]))
            pivot(r, enter)
        return False

    if not run([0.0] * cols + [1.0] * rows, range(cols + rows)):
        return None
    if sum(T[i][-1] for i in range(rows) if basis[i] >= cols) > 1e-7:
        return None
    for r in range(rows):
        if basis[r] >= cols:
            j = next((j for j in range(cols) if abs(T[r][j]) > EPS and j not in basis), None)
            if j is not None:
                pivot(r, j)
    if not run(list(c) + [0.0] * rows, range(cols)):
        return None
    x = [0.0] * cols
    for i, j in enumerate(basis):
        if j < cols:
            x[j] = T[i][-1]
    return x, sum(ci * xi for ci, xi in zip(c, x))


def _leaf_lp(cols, origins, lo, hi, s, m):
    k = len(lo)
    n = len(cols)
    bnd = [j for j in range(k) if hi[j] is not None]
    T = _budget(m, sum(lo))
    cost = [B + sum(b * (l - o) for b, l, o in zip(beta, lo, origins)) for _, B, beta in cols]
    A = []
    for j in range(k):
        A.append([beta[j] for _, _, beta in cols] + [-1.0 if bj == j else 0.0 for bj in bnd]
                 + [1.0 if i == j else 0.0 for i in range(k)])
    A.append([1.0] * n + [0.0] * (len(bnd) + k))
    c = cost + [hi[j] - lo[j] for j in bnd] + [0.0] * k
    out = _simplex(A, [float(s)] * k + [1.0], c)
    if out is None:
        return False, None
    x, val = out
    return val < T + 1 - 1e-6, x[:n]


def _pareto(priced):
    best = {}
    for w, B, beta in priced:
        key = (B,) + tuple(beta)
        if key not in best or (len(w), w) < (len(best[key]), best[key]):
            best[key] = w
    keys = sorted(best)
    keep = []
    for x in keys:
        if not any(all(p <= q for p, q in zip(y, x)) for y in keep):
            keep.append(x)
    return [(best[x], x[0], list(x[1:])) for x in keep]


def _sweep_words(v, deadline):
    n, m = len(v), max(v)
    r = n - m
    if r <= 4:
        perms = list(itertools.permutations(range(r)))
    else:
        perms = [[(s + i) % r for i in range(r)] for s in range(r)] + [
            [(s + r - 1 - i) % r for i in range(r)] for s in range(r)]
    words = set()
    for t in range(n):
        if _time.process_time() > deadline:
            break
        for perm in perms:
            for rem in _lifts(v, t, perm, m, r):
                for c_start in (0, t) if t != 0 else (0,):
                    for mode in ('L', 'R', 'greedy', 'greedy_R', 'bounce_L', 'bounce_R'):
                        w = _sweep(v, rem, t, mode, c_start=c_start)
                        if w is not None:
                            w = _reduce(w)
                            if len(w) <= 4000:
                                words.add(w)
    return sorted(words, key=lambda w: (len(w), w))


def _leaf(cols, origins, picks, weights):
    order = sorted(range(len(cols)), key=lambda i: (-weights[i], cols[i][1], i))
    words = [cols[i][0] for i in order if weights[i] > 1e-12]
    for i in order:
        if len(words) >= LEAF_WORDS:
            break
        if cols[i][0] not in words:
            words.append(cols[i][0])
    res = {'words': words[:LEAF_WORDS], 'origins': list(origins)}
    if picks is not None:
        res['picks'] = list(picks)
    return res


def _atom_data(v, origins, deadline, raw_cache):
    key = tuple(origins)
    if key not in raw_cache:
        ref = _refine(v, origins)
        priced = []
        for w in _sweep_words(ref, deadline):
            p = _price_atoms(ref, w)
            if p is not None:
                priced.append((w, p[0], p[1]))
        raw_cache[key] = priced
    return raw_cache[key]


def _columns_with_picks(v, origins, picks, deadline, raw_cache, col_cache):
    col_key = (tuple(origins), tuple(picks))
    if col_key not in col_cache:
        atom_list = _atom_data(v, origins, deadline, raw_cache)
        priced = []
        for w, B, b_all in atom_list:
            beta = [b_all[p] for p in picks]
            priced.append((w, B, beta))
        col_cache[col_key] = _pareto(priced)
    return col_cache[col_key]


def _best_picks_and_cols(v, origins, lo, hi, s, m, deadline, raw_cache, col_cache):
    k = len(origins)
    cands_per_block = []
    offset = 0
    for o in origins:
        cands_per_block.append([offset, offset + o - 1] if o > 1 else [offset])
        offset += o
    best_res = None
    for pick_cand in itertools.product(*cands_per_block):
        if _time.process_time() > deadline:
            break
        cols = _columns_with_picks(v, origins, pick_cand, deadline, raw_cache, col_cache)
        if not cols:
            continue
        ok, w = _leaf_lp(cols, origins, lo, hi, s, m)
        if ok:
            return True, cols, list(pick_cand), w
        if best_res is None:
            best_res = (False, cols, list(pick_cand), None)
    if best_res is not None:
        return best_res
    default_picks = [sum(origins[:j]) for j in range(k)]
    cols = _columns_with_picks(v, origins, default_picks, deadline, raw_cache, col_cache)
    return False, cols, default_picks, None


def _staircase(v, m, k, axis, deadline, raw_cache, col_cache):
    s = m - 2
    leaves, l = [], 1
    while len(leaves) < MAX_STEPS and l <= MAX_CUT + 1 and _time.process_time() < deadline:
        origins = [1] * k
        origins[axis] = min(l, MAX_ORIGIN)
        lo = [1] * k
        lo[axis] = l
        ok, cols, picks, w = _best_picks_and_cols(v, origins, lo, [None] * k, s, m, deadline, raw_cache, col_cache)
        if ok:
            leaves.append((_leaf(cols, origins, picks, w), None))
            tree = leaves[-1][0]
            for node, h in reversed(leaves[:-1]):
                tree = {'j': axis, 't': h, 'le': node, 'ge': tree}
            return tree
        if len(leaves) + 1 >= MAX_STEPS or l > MAX_CUT:
            return None
        lo_h, hi_h, best = l, MAX_CUT, None
        while lo_h <= hi_h and _time.process_time() < deadline:
            mid = (lo_h + hi_h) // 2
            hi = [None] * k
            hi[axis] = mid
            ok_mid, cols_mid, picks_mid, w_mid = _best_picks_and_cols(
                v, origins, lo, hi, s, m, deadline, raw_cache, col_cache)
            if ok_mid:
                best = (mid, cols_mid, picks_mid, w_mid)
                lo_h = mid + 1
            else:
                hi_h = mid - 1
        if best is None:
            return None
        h_val, cols_b, picks_b, w_b = best
        leaves.append((_leaf(cols_b, origins, picks_b, w_b), h_val))
        l = h_val + 1
    return None


def certify(family):
    start = _time.process_time()
    deadline = start + CPU_BUDGET
    v = family['unit_base']
    m = max(v)
    k = sum(1 for x in v if x == 0)
    T = _budget(m, k)
    s = m - 2

    raw_cache = {}
    col_cache = {}

    unit_origins = [1] * k
    default_picks = list(range(k))
    unit_cols = _columns_with_picks(v, unit_origins, default_picks, deadline, raw_cache, col_cache)

    if unit_cols:
        ok, w = _leaf_lp(unit_cols, unit_origins, [1] * k, [None] * k, s, m)
        if ok:
            return {'tree': _leaf(unit_cols, unit_origins, default_picks, w)}

    if not unit_cols or _time.process_time() > deadline:
        root_words = [c[0] for c in unit_cols[:KEEP]] if unit_cols else []
        return {'words': root_words}

    load = [min(beta[j] for _, _, beta in unit_cols) for j in range(k)]
    axes = sorted(range(k), key=lambda j: (-load[j], j))

    for axis in axes:
        if _time.process_time() > deadline:
            break
        tree = _staircase(v, m, k, axis, deadline, raw_cache, col_cache)
        if tree is not None:
            return {'tree': tree}

    for a1 in axes[:2]:
        for a2 in axes:
            if a1 == a2 or _time.process_time() > deadline:
                continue
            orig1 = [1] * k
            lo1, hi1 = [1] * k, [None] * k
            hi1[a1] = 1
            ok1, c1, p1, w1 = _best_picks_and_cols(v, orig1, lo1, hi1, s, m, deadline, raw_cache, col_cache)
            if not ok1:
                continue
            orig2 = [1] * k
            orig2[a1] = min(2, MAX_ORIGIN)
            sub_deadline = deadline
            t2 = _staircase(v, m, k, a2, sub_deadline, raw_cache, col_cache)
            if t2 is not None:
                return {'tree': {'j': a1, 't': 1, 'le': _leaf(c1, orig1, p1, w1), 'ge': t2}}

    root_words = [c[0] for c in unit_cols[:KEEP]]
    return {'words': root_words}
Iteration 18: New subsample score 0.0 is not better than old score 3.0, skipping
Iteration 19: Selected program 0 score: 0.9044764957264957
Iteration 19: Proposed new text for current_candidate: """Refined-origin tree certifier with multi-axis support and adaptive origin/pick refinement."""

import itertools
import math
import time as _time

KEEP = 32
MAX_ORIGIN = 5
MAX_CUT = 12
MAX_STEPS = 8
LEAF_WORDS = 20
CPU_BUDGET = 2.45
EPS = 1e-9


def _reduce(word):
    out = []
    for ch in word:
        if out and out[-1] + ch in ('LR', 'RL', 'XX'):
            out.pop()
        else:
            out.append(ch)
    return ''.join(out)


def _lifts(v, t, perm, m, r):
    n = len(v)
    zeros = [p for p in range(n) if v[p] == 0]
    target = [0] * n
    for p in range(n):
        if v[p]:
            target[p] = (t + v[p] - 1) % n
    for i in range(r):
        target[zeros[i]] = (t + m + perm[i]) % n

    lift_bases = []
    base1 = [((target[p] - p + n // 2) % n) - n // 2 for p in range(n)]
    lift_bases.append(base1)
    if n % 2 == 0:
        base2 = [((target[p] - p + n // 2 - 1) % n) - (n // 2 - 1) for p in range(n)]
        if base2 != base1:
            lift_bases.append(base2)

    res = []
    for rem_base in lift_bases:
        q = sum(rem_base) // n
        if q == 0:
            if rem_base not in res:
                res.append(rem_base)
            continue
        for rev_tie in (False, True):
            rem = list(rem_base)
            order = sorted(range(n), key=lambda p: (rem[p], -p if rev_tie else p), reverse=q > 0)
            for p in order[:abs(q)]:
                rem[p] -= n if q > 0 else -n
            if rem not in res:
                res.append(rem)
    return res


def _sweep(v, rem, t, mode, c_start=0, limit=4000):
    n = len(v)
    a, rem = list(v), list(rem)
    out = []
    c = 0
    if c_start != 0:
        d = c_start % n
        out.append('L' * d if d <= n - d else 'R' * (n - d))
        c = c_start % n

    def must_cross(x):
        return rem[x] - rem[(x + 1) % n] >= 2

    def cross(x):
        y = (x + 1) % n
        rx, ry = rem[x], rem[y]
        if a[x] or a[y]:
            out.append('X')
            a[x], a[y] = a[y], a[x]
        rem[x], rem[y] = ry + 1, rx - 1

    bounce_dir = 1 if mode == 'bounce_L' else -1
    bounce_steps = 0
    while any(rem) and len(out) < limit:
        if mode.startswith('greedy'):
            dirs = (1, -1) if mode == 'greedy' else (-1, 1)
            for dist in range(n):
                found = False
                for sgn in dirs:
                    pos = (c + sgn * dist) % n
                    if must_cross(pos):
                        out.append(('L' if sgn == 1 else 'R') * dist)
                        c = pos
                        found = True
                        break
                if found:
                    break
            else:
                return None
            cross(c)
            continue
        elif mode.startswith('bounce'):
            if must_cross(c):
                cross(c)
                if not any(rem):
                    break
            step_ch = 'L' if bounce_dir == 1 else 'R'
            out.append(step_ch)
            c = (c + bounce_dir) % n
            bounce_steps += 1
            if bounce_steps >= n - 1:
                bounce_dir = -bounce_dir
                bounce_steps = 0
            continue
        if must_cross(c):
            cross(c)
            if not any(rem):
                break
        out.append(mode)
        c = (c + (1 if mode == 'L' else -1)) % n
    if any(rem):
        return None
    d = (t - c) % n
    out.append('L' * d if d <= n - d else 'R' * (n - d))
    return ''.join(out)


def price(v, word):
    n, k = len(v), sum(1 for x in v if x == 0)
    a, j = [], 0
    for x in v:
        if x:
            a.append(x)
        else:
            j += 1
            a.append(-j)
    segs, A, q, d, cz, c = [], [0] * k, 0, 0, [0] * k, 0
    for ch in word:
        if ch == 'L':
            d += 1
            if a[c] < 0:
                cz[-a[c] - 1] += 1
            c = (c + 1) % n
        elif ch == 'R':
            c = (c - 1) % n
            d -= 1
            if a[c] < 0:
                cz[-a[c] - 1] -= 1
        else:
            c2 = (c + 1) % n
            x, y = a[c], a[c2]
            if x < 0 and y < 0:
                return None
            q += 1
            nxt = [0] * k
            if x < 0:
                cz[-x - 1] += 1
                A[-x - 1] += 1
            elif y < 0:
                A[-y - 1] += 1
                nxt[-y - 1] = -1
            segs.append((d, cz))
            d, cz = 0, nxt
            a[c], a[c2] = y, x
    segs.append((d, cz))
    fin = a[c:] + a[:c]
    m = n - k
    if fin[:m] != list(range(1, m + 1)):
        return None
    B = q + sum(abs(s) for s, _ in segs)
    beta = [2 * A[i] + sum(abs(z[i]) for _, z in segs) for i in range(k)]
    return B, beta


def _budget(m, r):
    return m * (m + 1) // 2 + (r - 1) * (m - 2)


def _refine(v, origins):
    out, j = [], 0
    for x in v:
        if x:
            out.append(x)
        else:
            out.extend([0] * origins[j])
            j += 1
    return out


def _price_picks(v, word, picks):
    n = len(v)
    k = len(picks)
    blk = {p: j for j, p in enumerate(picks)}
    a, g = [], 0
    for x in v:
        if x:
            a.append(x)
        else:
            a.append(-1 - g)
            g += 1
    m = n - g
    A, q, d, cz, c = [0] * k, 0, 0, [0] * k, 0
    segs = []
    for ch in word:
        if ch == 'L':
            d += 1
            if a[c] < 0 and (-1 - a[c]) in blk:
                cz[blk[-1 - a[c]]] += 1
            c = (c + 1) % n
        elif ch == 'R':
            c = (c - 1) % n
            d -= 1
            if a[c] < 0 and (-1 - a[c]) in blk:
                cz[blk[-1 - a[c]]] -= 1
        else:
            c2 = (c + 1) % n
            x, y = a[c], a[c2]
            if x < 0 and y < 0:
                return None
            q += 1
            nxt = [0] * k
            if x < 0 and (-1 - x) in blk:
                cz[blk[-1 - x]] += 1
                A[blk[-1 - x]] += 1
            elif y < 0 and (-1 - y) in blk:
                A[blk[-1 - y]] += 1
                nxt[blk[-1 - y]] = -1
            segs.append((d, cz))
            d, cz = 0, nxt
            a[c], a[c2] = y, x
    segs.append((d, cz))
    fin = a[c:] + a[:c]
    if fin[:m] != list(range(1, m + 1)):
        return None
    B = q + sum(abs(s) for s, _ in segs)
    beta = [2 * A[i] + sum(abs(z[i]) for _, z in segs) for i in range(k)]
    return B, beta


def _sweep_words(v, deadline):
    n, m = len(v), max(v)
    r = n - m
    if r <= 4:
        perms = list(itertools.permutations(range(r)))
    else:
        perms = [[(s + i) % r for i in range(r)] for s in range(r)] + [
            [(s + r - 1 - i) % r for i in range(r)] for s in range(r)]
    words = set()
    for t in range(n):
        if _time.process_time() > deadline:
            break
        for perm in perms:
            for rem in _lifts(v, t, perm, m, r):
                for c_start in (0, t) if t != 0 else (0,):
                    for mode in ('L', 'R', 'greedy', 'greedy_R', 'bounce_L', 'bounce_R'):
                        w = _sweep(v, rem, t, mode, c_start=c_start)
                        if w is not None:
                            w = _reduce(w)
                            if len(w) <= 4000:
                                words.add(w)
    return sorted(words, key=lambda w: (len(w), w))


def _pareto(priced):
    best = {}
    for w, B, beta in priced:
        key = (B,) + tuple(beta)
        if key not in best or (len(w), w) < (len(best[key]), best[key]):
            best[key] = w
    keys = sorted(best)
    keep = []
    for x in keys:
        if not any(all(p <= q for p, q in zip(y, x)) for y in keep):
            keep.append(x)
    return [(best[x], x[0], list(x[1:])) for x in keep]


def _simplex(A, b, c):
    rows, cols = len(A), len(c)
    T = []
    for i in range(rows):
        s = -1.0 if b[i] < 0 else 1.0
        T.append([s * x for x in A[i]] + [1.0 if r == i else 0.0 for r in range(rows)] + [s * b[i]])
    basis = list(range(cols, cols + rows))

    def pivot(r, j):
        p = T[r][j]
        T[r] = [x / p for x in T[r]]
        for i in range(rows):
            if i != r and abs(T[i][j]) > 1e-15:
                f = T[i][j]
                T[i] = [x - f * y for x, y in zip(T[i], T[r])]
        basis[r] = j

    def run(cost, allowed):
        for _ in range(2000):
            enter = None
            for j in allowed:
                if j in basis:
                    continue
                if cost[j] - sum(cost[basis[i]] * T[i][j] for i in range(rows)) < -EPS:
                    enter = j
                    break
            if enter is None:
                return True
            cand = [i for i in range(rows) if T[i][enter] > EPS]
            if not cand:
                return False
            r = min(cand, key=lambda i: (T[i][-1] / T[i][enter], basis[i]))
            pivot(r, enter)
        return False

    if not run([0.0] * cols + [1.0] * rows, range(cols + rows)):
        return None
    if sum(T[i][-1] for i in range(rows) if basis[i] >= cols) > 1e-7:
        return None
    for r in range(rows):
        if basis[r] >= cols:
            j = next((j for j in range(cols) if abs(T[r][j]) > EPS and j not in basis), None)
            if j is not None:
                pivot(r, j)
    if not run(list(c) + [0.0] * rows, range(cols)):
        return None
    x = [0.0] * cols
    for i, j in enumerate(basis):
        if j < cols:
            x[j] = T[i][-1]
    return x, sum(ci * xi for ci, xi in zip(c, x))


def _leaf_lp(cols, origins, lo, hi, s, m):
    k = len(lo)
    n = len(cols)
    if n == 0:
        return False, None
    bnd = [j for j in range(k) if hi[j] is not None]
    T = _budget(m, sum(lo))
    cost = [B + sum(b * (l - o) for b, l, o in zip(beta, lo, origins)) for _, B, beta in cols]
    A = []
    for j in range(k):
        A.append([beta[j] for _, _, beta in cols] + [-1.0 if bj == j else 0.0 for bj in bnd]
                 + [1.0 if i == j else 0.0 for i in range(k)])
    A.append([1.0] * n + [0.0] * (len(bnd) + k))
    c = cost + [hi[j] - lo[j] for j in bnd] + [0.0] * k
    out = _simplex(A, [float(s)] * k + [1.0], c)
    if out is None:
        return False, None
    x, val = out
    return val < T + 1 - 1e-6, x[:n]


def _leaf(cols, origins, picks, weights):
    order = sorted(range(len(cols)), key=lambda i: (-weights[i], cols[i][1], i))
    words = [cols[i][0] for i in order if weights[i] > 1e-12]
    for i in order:
        if len(words) >= LEAF_WORDS:
            break
        if cols[i][0] not in words:
            words.append(cols[i][0])
    res = {'words': words[:LEAF_WORDS], 'origins': list(origins)}
    if picks is not None and any(p != 0 for p in picks):
        res['picks'] = list(picks)
    return res


def _get_base_words(v, origins, deadline, raw_cache):
    key = tuple(origins)
    if key not in raw_cache:
        ref = _refine(v, origins)
        raw_cache[key] = _sweep_words(ref, deadline)
    return raw_cache[key]


def _eval_picks(v, origins, picks_local, deadline, raw_cache, priced_cache):
    key = (tuple(origins), tuple(picks_local))
    if key not in priced_cache:
        ref = _refine(v, origins)
        sw_words = _get_base_words(v, origins, deadline, raw_cache)
        picks_global = []
        cur = 0
        for o, pl in zip(origins, picks_local):
            picks_global.append(cur + pl)
            cur += o
        priced = []
        for w in sw_words:
            p = _price_picks(ref, w, picks_global)
            if p is not None:
                priced.append((w, p[0], p[1]))
        priced_cache[key] = _pareto(priced)
    return priced_cache[key]


def _best_picks_for_box(v, origins, lo, hi, s, m, deadline, raw_cache, priced_cache):
    k = len(origins)
    cand_picks = [[0] * k]
    for j in range(k):
        if origins[j] > 1:
            for p in range(origins[j]):
                cp = [0] * k
                cp[j] = p
                if cp not in cand_picks:
                    cand_picks.append(cp)
    best_res = None
    for cp in cand_picks:
        cols = _eval_picks(v, origins, cp, deadline, raw_cache, priced_cache)
        if not cols:
            continue
        ok, w = _leaf_lp(cols, origins, lo, hi, s, m)
        if ok:
            return True, cols, cp, w
        if best_res is None:
            best_res = (False, cols, cp, w)
    return best_res if best_res else (False, [], [0] * k, None)


def _staircase_axis(v, m, k, axis, deadline, raw_cache, priced_cache):
    s = m - 2
    leaves, l = [], 1
    while len(leaves) < MAX_STEPS and l <= MAX_CUT + 1 and _time.process_time() < deadline:
        origins = [1] * k
        origins[axis] = min(l, MAX_ORIGIN)
        lo = [1] * k
        lo[axis] = l
        ok, cols, best_cp, w = _best_picks_for_box(v, origins, lo, [None] * k, s, m, deadline, raw_cache, priced_cache)
        if ok:
            leaves.append((_leaf(cols, origins, best_cp, w), None))
            tree = leaves[-1][0]
            for node, h in reversed(leaves[:-1]):
                tree = {'j': axis, 't': h, 'le': node, 'ge': tree}
            return tree
        if len(leaves) + 1 >= MAX_STEPS or l > MAX_CUT:
            return None
        lo_h, hi_h, best_step = l, MAX_CUT, None
        while lo_h <= hi_h:
            mid = (lo_h + hi_h) // 2
            hi = [None] * k
            hi[axis] = mid
            ok, cols_m, cp_m, w_m = _best_picks_for_box(v, origins, lo, hi, s, m, deadline, raw_cache, priced_cache)
            if ok:
                best_step, lo_h = (mid, cols_m, cp_m, w_m), mid + 1
            else:
                hi_h = mid - 1
        if best_step is None:
            return None
        h_val, cols_m, cp_m, w_m = best_step
        leaves.append((_leaf(cols_m, origins, cp_m, w_m), h_val))
        l = h_val + 1
    return None


def certify(family):
    start = _time.process_time()
    deadline = start + CPU_BUDGET
    v = family['unit_base']
    n, m = len(v), max(v)
    k = sum(1 for x in v if x == 0)
    raw_cache = {}
    priced_cache = {}

    unit_origins = [1] * k
    zero_picks = [0] * k
    unit_cols = _eval_picks(v, unit_origins, zero_picks, deadline, raw_cache, priced_cache)

    s = m - 2
    T_unit = _budget(m, k)
    if unit_cols:
        ok, w = _leaf_lp(unit_cols, unit_origins, [1] * k, [None] * k, s, m)
        if ok:
            root = _leaf(unit_cols, unit_origins, zero_picks, w)
            return {'tree': root}

    load = [min((beta[j] for _, _, beta in unit_cols), default=999) for j in range(k)]
    axes = sorted(range(k), key=lambda j: (-load[j], j))

    for axis in axes:
        if _time.process_time() > deadline:
            break
        tree = _staircase_axis(v, m, k, axis, deadline, raw_cache, priced_cache)
        if tree is not None:
            return {'tree': tree}

    if len(axes) >= 2 and _time.process_time() < deadline - 0.4:
        a1, a2 = axes[0], axes[1]
        for t1 in (1, 2):
            if _time.process_time() > deadline:
                break
            lo1 = [1] * k
            hi1 = [None] * k
            hi1[a1] = t1
            o1 = [1] * k
            ok1, c1, p1, w1 = _best_picks_for_box(v, o1, lo1, hi1, s, m, deadline, raw_cache, priced_cache)
            if ok1:
                t2 = _staircase_axis(v, m, k, a2, deadline, raw_cache, priced_cache)
                if t2 is not None:
                    lf1 = _leaf(c1, o1, p1, w1)
                    return {'tree': {'j': a1, 't': t1, 'le': lf1, 'ge': t2}}

    root_words = [c[0] for c in unit_cols[:KEEP]] if unit_cols else []
    return {'tree': {'words': root_words, 'origins': unit_origins}}
Iteration 19: New subsample score 3.0 is not better than old score 3.0, skipping
Iteration 20: Selected program 0 score: 0.9044764957264957
Iteration 20: Proposed new text for current_candidate: """Tree certifier with refined origins, optimal atom pick search, and multi-axis staircase.

Implements lift-and-sweep word generation, Lemma 1 pricing with stretched-atom picks,
simplex LP checking of criterion (8), and staircase tree constructions.
"""

import itertools
import math
import time as _time

KEEP = 32
MAX_ORIGIN = 5
MAX_CUT = 12
MAX_STEPS = 8
LEAF_WORDS = 24
CPU_BUDGET = 2.65
EPS = 1e-9


def _reduce(word):
    out = []
    for ch in word:
        if out and out[-1] + ch in ('LR', 'RL', 'XX'):
            out.pop()
        else:
            out.append(ch)
    return ''.join(out)


def _lifts(v, t, perm, m, r):
    n = len(v)
    zeros = [p for p in range(n) if v[p] == 0]
    target = [0] * n
    for p in range(n):
        if v[p]:
            target[p] = (t + v[p] - 1) % n
    for i in range(r):
        target[zeros[i]] = (t + m + perm[i]) % n

    lift_bases = []
    base1 = [((target[p] - p + n // 2) % n) - n // 2 for p in range(n)]
    lift_bases.append(base1)
    if n % 2 == 0:
        base2 = [((target[p] - p + n // 2 - 1) % n) - (n // 2 - 1) for p in range(n)]
        if base2 != base1:
            lift_bases.append(base2)

    res = []
    for rem_base in lift_bases:
        q = sum(rem_base) // n
        if q == 0:
            if rem_base not in res:
                res.append(rem_base)
            continue
        for rev_tie in (False, True):
            rem = list(rem_base)
            order = sorted(range(n), key=lambda p: (rem[p], -p if rev_tie else p), reverse=q > 0)
            for p in order[:abs(q)]:
                rem[p] -= n if q > 0 else -n
            if rem not in res:
                res.append(rem)
    return res


def _sweep(v, rem, t, mode, c_start=0, limit=4000):
    n = len(v)
    a, rem = list(v), list(rem)
    out = []
    c = 0
    if c_start != 0:
        d = c_start % n
        out.append('L' * d if d <= n - d else 'R' * (n - d))
        c = c_start % n

    def must_cross(x):
        return rem[x] - rem[(x + 1) % n] >= 2

    def cross(x):
        y = (x + 1) % n
        rx, ry = rem[x], rem[y]
        if a[x] or a[y]:
            out.append('X')
            a[x], a[y] = a[y], a[x]
        rem[x], rem[y] = ry + 1, rx - 1

    bounce_dir = 1 if mode == 'bounce_L' else -1
    bounce_steps = 0
    while any(rem) and len(out) < limit:
        if mode.startswith('greedy'):
            dirs = (1, -1) if mode == 'greedy' else (-1, 1)
            for dist in range(n):
                found = False
                for sgn in dirs:
                    pos = (c + sgn * dist) % n
                    if must_cross(pos):
                        out.append(('L' if sgn == 1 else 'R') * dist)
                        c = pos
                        found = True
                        break
                if found:
                    break
            else:
                return None
            cross(c)
            continue
        elif mode.startswith('bounce'):
            if must_cross(c):
                cross(c)
                if not any(rem):
                    break
            step_ch = 'L' if bounce_dir == 1 else 'R'
            out.append(step_ch)
            c = (c + bounce_dir) % n
            bounce_steps += 1
            if bounce_steps >= n - 1:
                bounce_dir = -bounce_dir
                bounce_steps = 0
            continue
        if must_cross(c):
            cross(c)
            if not any(rem):
                break
        out.append(mode)
        c = (c + (1 if mode == 'L' else -1)) % n
    if any(rem):
        return None
    d = (t - c) % n
    out.append('L' * d if d <= n - d else 'R' * (n - d))
    return ''.join(out)


def price(v, word):
    n, k = len(v), sum(1 for x in v if x == 0)
    a, j = [], 0
    for x in v:
        if x:
            a.append(x)
        else:
            j += 1
            a.append(-j)
    segs, A, q, d, cz, c = [], [0] * k, 0, 0, [0] * k, 0
    for ch in word:
        if ch == 'L':
            d += 1
            if a[c] < 0:
                cz[-a[c] - 1] += 1
            c = (c + 1) % n
        elif ch == 'R':
            c = (c - 1) % n
            d -= 1
            if a[c] < 0:
                cz[-a[c] - 1] -= 1
        else:
            c2 = (c + 1) % n
            x, y = a[c], a[c2]
            if x < 0 and y < 0:
                return None
            q += 1
            nxt = [0] * k
            if x < 0:
                cz[-x - 1] += 1
                A[-x - 1] += 1
            elif y < 0:
                A[-y - 1] += 1
                nxt[-y - 1] = -1
            segs.append((d, cz))
            d, cz = 0, nxt
            a[c], a[c2] = y, x
    segs.append((d, cz))
    fin = a[c:] + a[:c]
    m = n - k
    if fin[:m] != list(range(1, m + 1)):
        return None
    B = q + sum(abs(s) for s, _ in segs)
    beta = [2 * A[i] + sum(abs(z[i]) for _, z in segs) for i in range(k)]
    return B, beta


def _budget(m, r):
    return m * (m + 1) // 2 + (r - 1) * (m - 2)


def _refine(v, origins):
    out, j = [], 0
    for x in v:
        if x:
            out.append(x)
        else:
            out.extend([0] * origins[j])
            j += 1
    return out


def _price_all_atoms(v, word):
    """Computes (B, beta_atom) for EVERY zero atom in refined base v."""
    n = len(v)
    a, g = [], 0
    for x in v:
        if x:
            a.append(x)
        else:
            a.append(-1 - g)
            g += 1
    tot_zeros = g
    m = n - tot_zeros
    A = [0] * tot_zeros
    q, d, c = 0, 0, 0
    cz = [0] * tot_zeros
    segs = []
    for ch in word:
        if ch == 'L':
            d += 1
            if a[c] < 0:
                cz[-1 - a[c]] += 1
            c = (c + 1) % n
        elif ch == 'R':
            c = (c - 1) % n
            d -= 1
            if a[c] < 0:
                cz[-1 - a[c]] -= 1
        else:
            c2 = (c + 1) % n
            x, y = a[c], a[c2]
            if x < 0 and y < 0:
                return None
            q += 1
            nxt = [0] * tot_zeros
            if x < 0:
                cz[-1 - x] += 1
                A[-1 - x] += 1
            elif y < 0:
                A[-1 - y] += 1
                nxt[-1 - y] = -1
            segs.append((d, cz))
            d, cz = 0, nxt
            a[c], a[c2] = y, x
    segs.append((d, cz))
    fin = a[c:] + a[:c]
    if fin[:m] != list(range(1, m + 1)):
        return None
    B = q + sum(abs(s) for s, _ in segs)
    beta_atoms = [2 * A[i] + sum(abs(z[i]) for _, z in segs) for i in range(tot_zeros)]
    return B, beta_atoms


def _sweep_words(v, deadline):
    n, m = len(v), max(v)
    r = n - m
    if r <= 4:
        perms = list(itertools.permutations(range(r)))
    else:
        perms = [[(s + i) % r for i in range(r)] for s in range(r)] + [
            [(s + r - 1 - i) % r for i in range(r)] for s in range(r)]
        if r <= 6:
            perms.extend([[(s - i) % r for i in range(r)] for s in range(r)])
    words = set()
    for t in range(n):
        if _time.process_time() > deadline:
            break
        for perm in perms:
            for rem in _lifts(v, t, perm, m, r):
                for c_start in (0, t) if t != 0 else (0,):
                    for mode in ('L', 'R', 'greedy', 'greedy_R', 'bounce_L', 'bounce_R'):
                        w = _sweep(v, rem, t, mode, c_start=c_start)
                        if w is not None:
                            w = _reduce(w)
                            if len(w) <= 4000:
                                words.add(w)
    return sorted(words, key=lambda w: (len(w), w))


def _pareto(priced):
    best = {}
    for w, B, beta in priced:
        key = (B,) + tuple(beta)
        if key not in best or (len(w), w) < (len(best[key]), best[key]):
            best[key] = w
    keys = sorted(best)
    keep = []
    for x in keys:
        if not any(all(p <= q for p, q in zip(y, x)) for y in keep):
            keep.append(x)
    return [(best[x], x[0], list(x[1:])) for x in keep]


def _simplex(A, b, c):
    rows, cols = len(A), len(c)
    T = []
    for i in range(rows):
        s = -1.0 if b[i] < 0 else 1.0
        T.append([s * x for x in A[i]] + [1.0 if r == i else 0.0 for r in range(rows)] + [s * b[i]])
    basis = list(range(cols, cols + rows))

    def pivot(r, j):
        p = T[r][j]
        T[r] = [x / p for x in T[r]]
        for i in range(rows):
            if i != r and abs(T[i][j]) > 1e-15:
                f = T[i][j]
                T[i] = [x - f * y for x, y in zip(T[i], T[r])]
        basis[r] = j

    def run(cost, allowed):
        for _ in range(1500):
            enter = None
            for j in allowed:
                if j in basis:
                    continue
                if cost[j] - sum(cost[basis[i]] * T[i][j] for i in range(rows)) < -EPS:
                    enter = j
                    break
            if enter is None:
                return True
            cand = [i for i in range(rows) if T[i][enter] > EPS]
            if not cand:
                return False
            r = min(cand, key=lambda i: (T[i][-1] / T[i][enter], basis[i]))
            pivot(r, enter)
        return False

    if not run([0.0] * cols + [1.0] * rows, range(cols + rows)):
        return None
    if sum(T[i][-1] for i in range(rows) if basis[i] >= cols) > 1e-7:
        return None
    for r in range(rows):
        if basis[r] >= cols:
            j = next((j for j in range(cols) if abs(T[r][j]) > EPS and j not in basis), None)
            if j is not None:
                pivot(r, j)
    if not run(list(c) + [0.0] * rows, range(cols)):
        return None
    x = [0.0] * cols
    for i, j in enumerate(basis):
        if j < cols:
            x[j] = T[i][-1]
    return x, sum(ci * xi for ci, xi in zip(c, x))


def _leaf_lp(cols, origins, lo, hi, s, m):
    k = len(lo)
    n = len(cols)
    bnd = [j for j in range(k) if hi[j] is not None]
    T = _budget(m, sum(lo))
    cost = [B + sum(b * (l - o) for b, l, o in zip(beta, lo, origins)) for _, B, beta in cols]
    A = []
    for j in range(k):
        A.append([beta[j] for _, _, beta in cols] + [-1.0 if bj == j else 0.0 for bj in bnd]
                 + [1.0 if i == j else 0.0 for i in range(k)])
    A.append([1.0] * n + [0.0] * (len(bnd) + k))
    c = cost + [hi[j] - lo[j] for j in bnd] + [0.0] * k
    out = _simplex(A, [float(s)] * k + [1.0], c)
    if out is None:
        return False, None
    x, val = out
    return val < T + 1 - 1e-6, x[:n]


def _make_leaf(cols, origins, picks, weights):
    order = sorted(range(len(cols)), key=lambda i: (-weights[i], cols[i][1], i))
    words = [cols[i][0] for i in order if weights[i] > 1e-12]
    for i in order:
        if len(words) >= LEAF_WORDS:
            break
        if cols[i][0] not in words:
            words.append(cols[i][0])
    res = {'words': words[:LEAF_WORDS], 'origins': list(origins)}
    if picks is not None and any(p != 0 for p in picks):
        res['picks'] = list(picks)
    return res


def _columns_picks(v, origins, picks, deadline, parsed_words_cache):
    key = tuple(origins)
    if key not in parsed_words_cache:
        ref = _refine(v, origins)
        sw = _sweep_words(ref, deadline)
        parsed = []
        for w in sw:
            p = _price_all_atoms(ref, w)
            if p is not None:
                parsed.append((w, p[0], p[1]))
        parsed_words_cache[key] = parsed

    parsed = parsed_words_cache[key]
    blk_offsets = []
    cur = 0
    for o in origins:
        blk_offsets.append(cur)
        cur += o
    global_picks = [blk_offsets[j] + picks[j] for j in range(len(origins))]

    priced = []
    for w, B, beta_atoms in parsed:
        beta = [beta_atoms[gp] for gp in global_picks]
        priced.append((w, B, beta))
    return _pareto(priced)


def _find_best_leaf(v, m, k, origins, lo, hi, s, deadline, parsed_words_cache, split_axis):
    """Tests local picks on origins[split_axis] to find one that satisfies the LP."""
    num_picks = origins[split_axis]
    pick_candidates = [0, num_picks - 1, num_picks // 2] if num_picks > 1 else [0]
    seen = set()
    best_res = None
    for pk in pick_candidates:
        if pk in seen or _time.process_time() > deadline:
            continue
        seen.add(pk)
        picks = [0] * k
        picks[split_axis] = pk
        cols = _columns_picks(v, origins, picks, deadline, parsed_words_cache)
        if not cols:
            continue
        ok, w = _leaf_lp(cols, origins, lo, hi, s, m)
        if ok:
            return True, cols, picks, w
        if best_res is None:
            best_res = (cols, picks, w)
    return False, best_res[0] if best_res else None, [0] * k, None


def _staircase(v, m, k, axis, deadline, parsed_words_cache):
    s = m - 2
    leaves, l = [], 1
    while len(leaves) < MAX_STEPS and l <= MAX_CUT + 1 and _time.process_time() < deadline:
        origins = [1] * k
        origins[axis] = min(l, MAX_ORIGIN)
        lo = [1] * k
        lo[axis] = l

        ok, cols, picks, w = _find_best_leaf(v, m, k, origins, lo, [None] * k, s, deadline, parsed_words_cache, axis)
        if ok:
            leaves.append((_make_leaf(cols, origins, picks, w), None))
            tree = leaves[-1][0]
            for node, h in reversed(leaves[:-1]):
                tree = {'j': axis, 't': h, 'le': node, 'ge': tree}
            return tree
        if len(leaves) + 1 >= MAX_STEPS or l > MAX_CUT:
            return None

        lo_h, hi_h = l, MAX_CUT
        best_cut = None
        while lo_h <= hi_h and _time.process_time() < deadline:
            mid = (lo_h + hi_h) // 2
            hi = [None] * k
            hi[axis] = mid
            ok_mid, cols_mid, picks_mid, w_mid = _find_best_leaf(v, m, k, origins, lo, hi, s, deadline, parsed_words_cache, axis)
            if ok_mid:
                best_cut = (mid, cols_mid, picks_mid, w_mid)
                lo_h = mid + 1
            else:
                hi_h = mid - 1
        if best_cut is None:
            return None
        mid, cols_mid, picks_mid, w_mid = best_cut
        leaves.append((_make_leaf(cols_mid, origins, picks_mid, w_mid), mid))
        l = mid + 1
    return None


def certify(family):
    start = _time.process_time()
    deadline = start + CPU_BUDGET
    v = family['unit_base']
    m = max(v)
    k = sum(1 for x in v if x == 0)
    s = m - 2
    parsed_words_cache = {}

    unit_origins = [1] * k
    unit_picks = [0] * k
    cols_unit = _columns_picks(v, unit_origins, unit_picks, deadline, parsed_words_cache)

    if cols_unit:
        ok, w = _leaf_lp(cols_unit, unit_origins, [1] * k, [None] * k, s, m)
        if ok:
            root = _make_leaf(cols_unit, unit_origins, unit_picks, w)
            return {'tree': root, 'note': 'unit root certified'}

    load = [min(beta[j] for _, _, beta in cols_unit) if cols_unit else 0 for j in range(k)]
    sorted_axes = sorted(range(k), key=lambda j: (-load[j], j))

    for axis in sorted_axes:
        if _time.process_time() > deadline - 0.2:
            break
        tree = _staircase(v, m, k, axis, deadline, parsed_words_cache)
        if tree is not None:
            return {'tree': tree, 'note': f'staircase on axis {axis}'}

    if cols_unit:
        weights = [1.0 / len(cols_unit)] * len(cols_unit)
        root = _make_leaf(cols_unit, unit_origins, unit_picks, weights)
    else:
        root = {'words': [], 'origins': [1] * k}
    return {'tree': root, 'note': 'fallback root'}
Iteration 20: New subsample score 3.0 is not better than old score 3.0, skipping
Iteration 21: Selected program 0 score: 0.9044764957264957
Iteration 21: Proposed new text for current_candidate: """Tree certifier with refined origins, optimal atom pick selection, and multi-axis staircases."""

import itertools
import math
import time as _time

KEEP = 32
MAX_ORIGIN = 5
MAX_CUT = 12
MAX_STEPS = 8
LEAF_WORDS = 24
CPU_BUDGET = 2.65
EPS = 1e-9


def _reduce(word):
    out = []
    for ch in word:
        if out and out[-1] + ch in ('LR', 'RL', 'XX'):
            out.pop()
        else:
            out.append(ch)
    return ''.join(out)


def _lifts(v, t, perm, m, r):
    n = len(v)
    zeros = [p for p in range(n) if v[p] == 0]
    target = [0] * n
    for p in range(n):
        if v[p]:
            target[p] = (t + v[p] - 1) % n
    for i in range(r):
        target[zeros[i]] = (t + m + perm[i]) % n

    lift_bases = []
    base1 = [((target[p] - p + n // 2) % n) - n // 2 for p in range(n)]
    lift_bases.append(base1)
    if n % 2 == 0:
        base2 = [((target[p] - p + n // 2 - 1) % n) - (n // 2 - 1) for p in range(n)]
        if base2 != base1:
            lift_bases.append(base2)

    res = []
    for rem_base in lift_bases:
        q = sum(rem_base) // n
        if q == 0:
            if rem_base not in res:
                res.append(rem_base)
            continue
        for rev_tie in (False, True):
            rem = list(rem_base)
            order = sorted(range(n), key=lambda p: (rem[p], -p if rev_tie else p), reverse=q > 0)
            for p in order[:abs(q)]:
                rem[p] -= n if q > 0 else -n
            if rem not in res:
                res.append(rem)
    return res


def _sweep(v, rem, t, mode, c_start=0, limit=4000):
    n = len(v)
    a, rem = list(v), list(rem)
    out = []
    c = 0
    if c_start != 0:
        d = c_start % n
        out.append('L' * d if d <= n - d else 'R' * (n - d))
        c = c_start % n

    def must_cross(x):
        return rem[x] - rem[(x + 1) % n] >= 2

    def cross(x):
        y = (x + 1) % n
        rx, ry = rem[x], rem[y]
        if a[x] or a[y]:
            out.append('X')
            a[x], a[y] = a[y], a[x]
        rem[x], rem[y] = ry + 1, rx - 1

    bounce_dir = 1 if mode == 'bounce_L' else -1
    bounce_steps = 0
    while any(rem) and len(out) < limit:
        if mode.startswith('greedy'):
            dirs = (1, -1) if mode == 'greedy' else (-1, 1)
            for dist in range(n):
                found = False
                for sgn in dirs:
                    pos = (c + sgn * dist) % n
                    if must_cross(pos):
                        out.append(('L' if sgn == 1 else 'R') * dist)
                        c = pos
                        found = True
                        break
                if found:
                    break
            else:
                return None
            cross(c)
            continue
        elif mode.startswith('bounce'):
            if must_cross(c):
                cross(c)
                if not any(rem):
                    break
            step_ch = 'L' if bounce_dir == 1 else 'R'
            out.append(step_ch)
            c = (c + bounce_dir) % n
            bounce_steps += 1
            if bounce_steps >= n - 1:
                bounce_dir = -bounce_dir
                bounce_steps = 0
            continue
        if must_cross(c):
            cross(c)
            if not any(rem):
                break
        out.append(mode)
        c = (c + (1 if mode == 'L' else -1)) % n
    if any(rem):
        return None
    d = (t - c) % n
    out.append('L' * d if d <= n - d else 'R' * (n - d))
    return ''.join(out)


def price(v, word):
    n, k = len(v), sum(1 for x in v if x == 0)
    a, j = [], 0
    for x in v:
        if x:
            a.append(x)
        else:
            j += 1
            a.append(-j)
    segs, A, q, d, cz, c = [], [0] * k, 0, 0, [0] * k, 0
    for ch in word:
        if ch == 'L':
            d += 1
            if a[c] < 0:
                cz[-a[c] - 1] += 1
            c = (c + 1) % n
        elif ch == 'R':
            c = (c - 1) % n
            d -= 1
            if a[c] < 0:
                cz[-a[c] - 1] -= 1
        else:
            c2 = (c + 1) % n
            x, y = a[c], a[c2]
            if x < 0 and y < 0:
                return None
            q += 1
            nxt = [0] * k
            if x < 0:
                cz[-x - 1] += 1
                A[-x - 1] += 1
            elif y < 0:
                A[-y - 1] += 1
                nxt[-y - 1] = -1
            segs.append((d, cz))
            d, cz = 0, nxt
            a[c], a[c2] = y, x
    segs.append((d, cz))
    fin = a[c:] + a[:c]
    m = n - k
    if fin[:m] != list(range(1, m + 1)):
        return None
    B = q + sum(abs(s) for s, _ in segs)
    beta = [2 * A[i] + sum(abs(z[i]) for _, z in segs) for i in range(k)]
    return B, beta


def _budget(m, r):
    return m * (m + 1) // 2 + (r - 1) * (m - 2)


def _refine(v, origins):
    out, j = [], 0
    for x in v:
        if x:
            out.append(x)
        else:
            out.extend([0] * origins[j])
            j += 1
    return out


def _profile_word(v, word):
    """Profiles word on refined base v: returns (B, atom_crossings, atom_X_touches) or None."""
    n = len(v)
    g = sum(1 for x in v if x == 0)
    m = n - g
    a, atom_idx = [], 0
    for x in v:
        if x:
            a.append(x)
        else:
            a.append(-1 - atom_idx)
            atom_idx += 1
    A = [0] * g
    q, d, c = 0, 0, 0
    cz = [0] * g
    segs = []
    for ch in word:
        if ch == 'L':
            d += 1
            if a[c] < 0:
                cz[-1 - a[c]] += 1
            c = (c + 1) % n
        elif ch == 'R':
            c = (c - 1) % n
            d -= 1
            if a[c] < 0:
                cz[-1 - a[c]] -= 1
        else:
            c2 = (c + 1) % n
            x, y = a[c], a[c2]
            if x < 0 and y < 0:
                return None
            q += 1
            nxt = [0] * g
            if x < 0:
                cz[-1 - x] += 1
                A[-1 - x] += 1
            elif y < 0:
                A[-1 - y] += 1
                nxt[-1 - y] = -1
            segs.append((d, cz))
            d, cz = 0, nxt
            a[c], a[c2] = y, x
    segs.append((d, cz))
    fin = a[c:] + a[:c]
    if fin[:m] != list(range(1, m + 1)):
        return None
    B = q + sum(abs(s) for s, _ in segs)
    atom_beta = [2 * A[i] + sum(abs(z[i]) for _, z in segs) for i in range(g)]
    return B, atom_beta


def _sweep_words(v, deadline):
    n, m = len(v), max(v)
    r = n - m
    if r <= 4:
        perms = list(itertools.permutations(range(r)))
    else:
        perms = [[(s + i) % r for i in range(r)] for s in range(r)] + [
            [(s + r - 1 - i) % r for i in range(r)] for s in range(r)
        ]
    words = set()
    for t in range(n):
        if _time.process_time() > deadline:
            break
        for perm in perms:
            for rem in _lifts(v, t, perm, m, r):
                for c_start in (0, t) if t != 0 else (0,):
                    for mode in ('L', 'R', 'greedy', 'greedy_R', 'bounce_L', 'bounce_R'):
                        w = _sweep(v, rem, t, mode, c_start=c_start)
                        if w is not None:
                            w = _reduce(w)
                            if len(w) <= 4000:
                                words.add(w)
    return sorted(words, key=lambda w: (len(w), w))


def _simplex(A, b, c):
    rows, cols = len(A), len(c)
    T = []
    for i in range(rows):
        s = -1.0 if b[i] < 0 else 1.0
        T.append([s * x for x in A[i]] + [1.0 if r == i else 0.0 for r in range(rows)] + [s * b[i]])
    basis = list(range(cols, cols + rows))

    def pivot(r, j):
        p = T[r][j]
        T[r] = [x / p for x in T[r]]
        for i in range(rows):
            if i != r and abs(T[i][j]) > 1e-15:
                f = T[i][j]
                T[i] = [x - f * y for x, y in zip(T[i], T[r])]
        basis[r] = j

    def run(cost, allowed):
        for _ in range(2500):
            enter = None
            for j in allowed:
                if j in basis:
                    continue
                if cost[j] - sum(cost[basis[i]] * T[i][j] for i in range(rows)) < -EPS:
                    enter = j
                    break
            if enter is None:
                return True
            cand = [i for i in range(rows) if T[i][enter] > EPS]
            if not cand:
                return False
            r = min(cand, key=lambda i: (T[i][-1] / T[i][enter], basis[i]))
            pivot(r, enter)
        return False

    if not run([0.0] * cols + [1.0] * rows, range(cols + rows)):
        return None
    if sum(T[i][-1] for i in range(rows) if basis[i] >= cols) > 1e-7:
        return None
    for r in range(rows):
        if basis[r] >= cols:
            j = next((j for j in range(cols) if abs(T[r][j]) > EPS and j not in basis), None)
            if j is not None:
                pivot(r, j)
    if not run(list(c) + [0.0] * rows, range(cols)):
        return None
    x = [0.0] * cols
    for i, j in enumerate(basis):
        if j < cols:
            x[j] = T[i][-1]
    return x, sum(ci * xi for ci, xi in zip(c, x))


def _leaf_lp(cols, origins, lo, hi, s, m):
    k = len(lo)
    n = len(cols)
    bnd = [j for j in range(k) if hi[j] is not None]
    T = _budget(m, sum(lo))
    cost = [B + sum(b * (l - o) for b, l, o in zip(beta, lo, origins)) for _, B, beta in cols]
    A = []
    for j in range(k):
        A.append([beta[j] for _, _, beta in cols] + [-1.0 if bj == j else 0.0 for bj in bnd]
                 + [1.0 if i == j else 0.0 for i in range(k)])
    A.append([1.0] * n + [0.0] * (len(bnd) + k))
    c = cost + [hi[j] - lo[j] for j in bnd] + [0.0] * k
    out = _simplex(A, [float(s)] * k + [1.0], c)
    if out is None:
        return False, None
    x, val = out
    return val < T + 1 - 1e-6, x[:n]


def _filter_pareto(priced):
    best = {}
    for w, B, beta in priced:
        key = (B,) + tuple(beta)
        if key not in best or (len(w), w) < (len(best[key]), best[key]):
            best[key] = w
    keys = sorted(best)
    keep = []
    for x in keys:
        if not any(all(p <= q for p, q in zip(y, x)) for y in keep):
            keep.append(x)
    return [(best[x], x[0], list(x[1:])) for x in keep]


def _make_leaf(cols, origins, local_picks, weights):
    order = sorted(range(len(cols)), key=lambda i: (-weights[i], cols[i][1], i))
    words = [cols[i][0] for i in order if weights[i] > 1e-12]
    for i in order:
        if len(words) >= LEAF_WORDS:
            break
        if cols[i][0] not in words:
            words.append(cols[i][0])
    res = {'words': words[:LEAF_WORDS], 'origins': list(origins)}
    if any(p != 0 for p in local_picks):
        res['picks'] = list(local_picks)
    return res


def _get_base_profile(v, origins, deadline, cache):
    key = tuple(origins)
    if key not in cache:
        ref = _refine(v, origins)
        sw = _sweep_words(ref, deadline)
        prof = []
        for w in sw:
            res = _profile_word(ref, w)
            if res is not None:
                prof.append((w, res[0], res[1]))
        cache[key] = prof
    return cache[key]


def _evaluate_leaf(v, origins, lo, hi, s, m, deadline, cache):
    k = len(origins)
    profiles = _get_base_profile(v, origins, deadline, cache)
    if not profiles:
        return False, None, None, None

    # Determine best pick for each block
    # Local atom index of block j runs from 0 to origins[j] - 1
    # Global atom index starts at sum(origins[:j])
    offsets = [sum(origins[:j]) for j in range(k)]
    best_picks = [0] * k

    # Pick selection: choose the atom in block j that minimizes slope on unbounded/tight axes
    for j in range(k):
        if origins[j] > 1:
            candidates = range(origins[j])
            best_p = min(candidates, key=lambda p: min(
                (prof[2][offsets[j] + p] for prof in profiles), default=999
            ))
            best_picks[j] = best_p

    # Price words with these picks
    priced = []
    for w, B, atom_beta in profiles:
        beta = [atom_beta[offsets[j] + best_picks[j]] for j in range(k)]
        priced.append((w, B, beta))

    cols = _filter_pareto(priced)
    if not cols:
        return False, None, None, None

    ok, weights = _leaf_lp(cols, origins, lo, hi, s, m)
    if not ok:
        return False, None, None, None

    leaf_node = _make_leaf(cols, origins, best_picks, weights)
    return True, leaf_node, weights, cols


def _build_staircase(v, m, k, axis, deadline, cache):
    s = m - 2
    leaves, l = [], 1
    while len(leaves) < MAX_STEPS and l <= MAX_CUT + 1 and _time.process_time() < deadline:
        origins = [1] * k
        origins[axis] = min(l, MAX_ORIGIN)
        lo = [1] * k
        lo[axis] = l
        ok, leaf_node, _, _ = _evaluate_leaf(v, origins, lo, [None] * k, s, m, deadline, cache)
        if ok:
            leaves.append((leaf_node, None))
            tree = leaves[-1][0]
            for node, h in reversed(leaves[:-1]):
                tree = {'j': axis, 't': h, 'le': node, 'ge': tree}
            return tree
        if len(leaves) + 1 >= MAX_STEPS or l > MAX_CUT:
            return None
        lo_h, hi_h, best = l, MAX_CUT, None
        while lo_h <= hi_h and _time.process_time() < deadline:
            mid = (lo_h + hi_h) // 2
            hi = [None] * k
            hi[axis] = mid
            ok, leaf_node, _, _ = _evaluate_leaf(v, origins, lo, hi, s, m, deadline, cache)
            if ok:
                best, lo_h = (mid, leaf_node), mid + 1
            else:
                hi_h = mid - 1
        if best is None:
            return None
        leaves.append((best[1], best[0]))
        l = best[0] + 1
    return None


def _build_2d_tree(v, m, k, primary_ax, sec_ax, deadline, cache):
    s = m - 2
    origins1 = [1] * k
    origins1[primary_ax] = 1
    lo1 = [1] * k
    hi1 = [None] * k
    hi1[primary_ax] = 1
    ok1, leaf1, _, _ = _evaluate_leaf(v, origins1, lo1, hi1, s, m, deadline, cache)
    if not ok1:
        return None

    # Upper branch: primary_ax >= 2, staircase along sec_ax
    leaves2, l = [], 1
    while len(leaves2) < 5 and l <= MAX_CUT + 1 and _time.process_time() < deadline:
        origins2 = [1] * k
        origins2[primary_ax] = min(2, MAX_ORIGIN)
        origins2[sec_ax] = min(l, MAX_ORIGIN)
        lo2 = [1] * k
        lo2[primary_ax] = 2
        lo2[sec_ax] = l
        hi2 = [None] * k
        ok2, leaf_node2, _, _ = _evaluate_leaf(v, origins2, lo2, hi2, s, m, deadline, cache)
        if ok2:
            leaves2.append((leaf_node2, None))
            sub = leaves2[-1][0]
            for node, h in reversed(leaves2[:-1]):
                sub = {'j': sec_ax, 't': h, 'le': node, 'ge': sub}
            return {'j': primary_ax, 't': 1, 'le': leaf1, 'ge': sub}

        lo_h, hi_h, best = l, MAX_CUT, None
        while lo_h <= hi_h and _time.process_time() < deadline:
            mid = (lo_h + hi_h) // 2
            hi2[sec_ax] = mid
            ok_mid, leaf_mid, _, _ = _evaluate_leaf(v, origins2, lo2, hi2, s, m, deadline, cache)
            if ok_mid:
                best, lo_h = (mid, leaf_mid), mid + 1
            else:
                hi_h = mid - 1
        if best is None:
            return None
        leaves2.append((best[1], best[0]))
        l = best[0] + 1
    return None


def certify(family):
    start = _time.process_time()
    deadline = start + CPU_BUDGET
    v = family['unit_base']
    m, k = max(v), sum(1 for x in v if x == 0)
    s = m - 2
    cache = {}

    # Check root leaf
    ok_root, root_leaf, _, cols = _evaluate_leaf(v, [1] * k, [1] * k, [None] * k, s, m, deadline, cache)
    if ok_root:
        return {'tree': root_leaf}

    # Rank axes by difficulty
    if cols:
        load = [min(beta[j] for _, _, beta in cols) for j in range(k)]
        ranked_axes = sorted(range(k), key=lambda j: (-load[j], j))
    else:
        ranked_axes = list(range(k))

    # Single-axis staircases
    for axis in ranked_axes:
        if _time.process_time() > deadline:
            break
        tree = _build_staircase(v, m, k, axis, deadline, cache)
        if tree is not None:
            return {'tree': tree}

    # Two-axis split tree fallback
    if len(ranked_axes) >= 2 and _time.process_time() < deadline:
        p_ax, s_ax = ranked_axes[0], ranked_axes[1]
        tree2 = _build_2d_tree(v, m, k, p_ax, s_ax, deadline, cache)
        if tree2 is not None:
            return {'tree': tree2}

    # Fallback to root
    if root_leaf is None:
        prof = _get_base_profile(v, [1] * k, deadline, cache)
        words = [w for w, _, _ in prof[:LEAF_WORDS]]
        root_leaf = {'words': words, 'origins': [1] * k}
    return {'tree': root_leaf}
Iteration 21: New subsample score 3.0 is not better than old score 3.0, skipping
Iteration 22: Selected program 0 score: 0.9044764957264957
Iteration 22: Proposed new text for current_candidate: """Tree certifier with multi-origin refined staircase and adaptive picks.

Certifies families via Lemma 1 pricing on unit bases or staircase refined-origin trees.
Far out on axes, origins up to 5 and best pick positions lower the effective beta slope.
"""

import itertools
import math
import time as _time

KEEP = 32
MAX_ORIGIN = 5
MAX_CUT = 12
MAX_STEPS = 8
LEAF_WORDS = 24
CPU_BUDGET = 2.65
EPS = 1e-9


def _reduce(word):
    out = []
    for ch in word:
        if out and out[-1] + ch in ('LR', 'RL', 'XX'):
            out.pop()
        else:
            out.append(ch)
    return ''.join(out)


def _lifts(v, t, perm, m, r):
    n = len(v)
    zeros = [p for p in range(n) if v[p] == 0]
    target = [0] * n
    for p in range(n):
        if v[p]:
            target[p] = (t + v[p] - 1) % n
    for i in range(r):
        target[zeros[i]] = (t + m + perm[i]) % n

    lift_bases = []
    base1 = [((target[p] - p + n // 2) % n) - n // 2 for p in range(n)]
    lift_bases.append(base1)
    if n % 2 == 0:
        base2 = [((target[p] - p + n // 2 - 1) % n) - (n // 2 - 1) for p in range(n)]
        if base2 != base1:
            lift_bases.append(base2)

    res = []
    for rem_base in lift_bases:
        q = sum(rem_base) // n
        if q == 0:
            if rem_base not in res:
                res.append(rem_base)
            continue
        for rev_tie in (False, True):
            rem = list(rem_base)
            order = sorted(range(n), key=lambda p: (rem[p], -p if rev_tie else p), reverse=q > 0)
            for p in order[:abs(q)]:
                rem[p] -= n if q > 0 else -n
            if rem not in res:
                res.append(rem)
    return res


def _sweep(v, rem, t, mode, c_start=0, limit=4000):
    n = len(v)
    a, rem = list(v), list(rem)
    out = []
    c = 0
    if c_start != 0:
        d = c_start % n
        out.append('L' * d if d <= n - d else 'R' * (n - d))
        c = c_start % n

    def must_cross(x):
        return rem[x] - rem[(x + 1) % n] >= 2

    def cross(x):
        y = (x + 1) % n
        rx, ry = rem[x], rem[y]
        if a[x] or a[y]:
            out.append('X')
            a[x], a[y] = a[y], a[x]
        rem[x], rem[y] = ry + 1, rx - 1

    bounce_dir = 1 if mode == 'bounce_L' else -1
    bounce_steps = 0
    while any(rem) and len(out) < limit:
        if mode.startswith('greedy'):
            dirs = (1, -1) if mode == 'greedy' else (-1, 1)
            for dist in range(n):
                found = False
                for sgn in dirs:
                    pos = (c + sgn * dist) % n
                    if must_cross(pos):
                        out.append(('L' if sgn == 1 else 'R') * dist)
                        c = pos
                        found = True
                        break
                if found:
                    break
            else:
                return None
            cross(c)
            continue
        elif mode.startswith('bounce'):
            if must_cross(c):
                cross(c)
                if not any(rem):
                    break
            step_ch = 'L' if bounce_dir == 1 else 'R'
            out.append(step_ch)
            c = (c + bounce_dir) % n
            bounce_steps += 1
            if bounce_steps >= n - 1:
                bounce_dir = -bounce_dir
                bounce_steps = 0
            continue
        if must_cross(c):
            cross(c)
            if not any(rem):
                break
        out.append(mode)
        c = (c + (1 if mode == 'L' else -1)) % n
    if any(rem):
        return None
    d = (t - c) % n
    out.append('L' * d if d <= n - d else 'R' * (n - d))
    return ''.join(out)


def price(v, word):
    n, k = len(v), sum(1 for x in v if x == 0)
    a, j = [], 0
    for x in v:
        if x:
            a.append(x)
        else:
            j += 1
            a.append(-j)
    segs, A, q, d, cz, c = [], [0] * k, 0, 0, [0] * k, 0
    for ch in word:
        if ch == 'L':
            d += 1
            if a[c] < 0:
                cz[-a[c] - 1] += 1
            c = (c + 1) % n
        elif ch == 'R':
            c = (c - 1) % n
            d -= 1
            if a[c] < 0:
                cz[-a[c] - 1] -= 1
        else:
            c2 = (c + 1) % n
            x, y = a[c], a[c2]
            if x < 0 and y < 0:
                return None
            q += 1
            nxt = [0] * k
            if x < 0:
                cz[-x - 1] += 1
                A[-x - 1] += 1
            elif y < 0:
                A[-y - 1] += 1
                nxt[-y - 1] = -1
            segs.append((d, cz))
            d, cz = 0, nxt
            a[c], a[c2] = y, x
    segs.append((d, cz))
    fin = a[c:] + a[:c]
    m = n - k
    if fin[:m] != list(range(1, m + 1)):
        return None
    B = q + sum(abs(s) for s, _ in segs)
    beta = [2 * A[i] + sum(abs(z[i]) for _, z in segs) for i in range(k)]
    return B, beta


def _budget(m, r):
    return m * (m + 1) // 2 + (r - 1) * (m - 2)


def _refine(v, origins):
    out, j = [], 0
    for x in v:
        if x:
            out.append(x)
        else:
            out.extend([0] * origins[j])
            j += 1
    return out


def _price_picks(v, word, picks):
    n = len(v)
    k = len(picks)
    blk = {p: j for j, p in enumerate(picks)}
    a, g = [], 0
    for x in v:
        if x:
            a.append(x)
        else:
            a.append(-1 - g)
            g += 1
    m = n - g
    A, q, d, cz, c = [0] * k, 0, 0, [0] * k, 0
    segs = []
    for ch in word:
        if ch == 'L':
            d += 1
            if a[c] < 0 and (-1 - a[c]) in blk:
                cz[blk[-1 - a[c]]] += 1
            c = (c + 1) % n
        elif ch == 'R':
            c = (c - 1) % n
            d -= 1
            if a[c] < 0 and (-1 - a[c]) in blk:
                cz[blk[-1 - a[c]]] -= 1
        else:
            c2 = (c + 1) % n
            x, y = a[c], a[c2]
            if x < 0 and y < 0:
                return None
            q += 1
            nxt = [0] * k
            if x < 0 and (-1 - x) in blk:
                cz[blk[-1 - x]] += 1
                A[blk[-1 - x]] += 1
            elif y < 0 and (-1 - y) in blk:
                A[blk[-1 - y]] += 1
                nxt[blk[-1 - y]] = -1
            segs.append((d, cz))
            d, cz = 0, nxt
            a[c], a[c2] = y, x
    segs.append((d, cz))
    fin = a[c:] + a[:c]
    if fin[:m] != list(range(1, m + 1)):
        return None
    B = q + sum(abs(s) for s, _ in segs)
    beta = [2 * A[i] + sum(abs(z[i]) for _, z in segs) for i in range(k)]
    return B, beta


def _sweep_words(v, deadline):
    n, m = len(v), max(v)
    r = n - m
    if r <= 4:
        perms = list(itertools.permutations(range(r)))
    else:
        perms = [[(s + i) % r for i in range(r)] for s in range(r)] + [
            [(s + r - 1 - i) % r for i in range(r)] for s in range(r)
        ]
        # Include reversal order perms for reversal obstacles
        rev_perms = [[(s - i) % r for i in range(r)] for s in range(r)]
        for p in rev_perms:
            if p not in perms:
                perms.append(p)

    words = set()
    for t in range(n):
        if _time.process_time() > deadline:
            break
        for perm in perms:
            for rem in _lifts(v, t, perm, m, r):
                for c_start in (0, t) if t != 0 else (0,):
                    for mode in ('L', 'R', 'greedy', 'greedy_R', 'bounce_L', 'bounce_R'):
                        w = _sweep(v, rem, t, mode, c_start=c_start)
                        if w is not None:
                            w = _reduce(w)
                            if len(w) <= 4000:
                                words.add(w)
    return sorted(words, key=lambda w: (len(w), w))


def _pareto(priced):
    best = {}
    for w, B, beta in priced:
        key = (B,) + tuple(beta)
        if key not in best or (len(w), w) < (len(best[key]), best[key]):
            best[key] = w
    keys = sorted(best)
    keep = []
    for x in keys:
        if not any(all(p <= q for p, q in zip(y, x)) for y in keep):
            keep.append(x)
    return [(best[x], x[0], list(x[1:])) for x in keep]


def _simplex(A, b, c):
    rows, cols = len(A), len(c)
    T = []
    for i in range(rows):
        s = -1.0 if b[i] < 0 else 1.0
        T.append([s * x for x in A[i]] + [1.0 if r == i else 0.0 for r in range(rows)] + [s * b[i]])
    basis = list(range(cols, cols + rows))

    def pivot(r, j):
        p = T[r][j]
        T[r] = [x / p for x in T[r]]
        for i in range(rows):
            if i != r and abs(T[i][j]) > 1e-15:
                f = T[i][j]
                T[i] = [x - f * y for x, y in zip(T[i], T[r])]
        basis[r] = j

    def run(cost, allowed):
        for _ in range(1200):
            enter = None
            for j in allowed:
                if j in basis:
                    continue
                if cost[j] - sum(cost[basis[i]] * T[i][j] for i in range(rows)) < -EPS:
                    enter = j
                    break
            if enter is None:
                return True
            cand = [i for i in range(rows) if T[i][enter] > EPS]
            if not cand:
                return False
            r = min(cand, key=lambda i: (T[i][-1] / T[i][enter], basis[i]))
            pivot(r, enter)
        return False

    if not run([0.0] * cols + [1.0] * rows, range(cols + rows)):
        return None
    if sum(T[i][-1] for i in range(rows) if basis[i] >= cols) > 1e-7:
        return None
    for r in range(rows):
        if basis[r] >= cols:
            j = next((j for j in range(cols) if abs(T[r][j]) > EPS and j not in basis), None)
            if j is not None:
                pivot(r, j)
    if not run(list(c) + [0.0] * rows, range(cols)):
        return None
    x = [0.0] * cols
    for i, j in enumerate(basis):
        if j < cols:
            x[j] = T[i][-1]
    return x, sum(ci * xi for ci, xi in zip(c, x))


def _leaf_lp(cols, origins, lo, hi, s, m):
    k = len(lo)
    n = len(cols)
    bnd = [j for j in range(k) if hi[j] is not None]
    T = _budget(m, sum(lo))
    cost = [B + sum(b * (l - o) for b, l, o in zip(beta, lo, origins)) for _, B, beta in cols]
    A = []
    for j in range(k):
        A.append([beta[j] for _, _, beta in cols] + [-1.0 if bj == j else 0.0 for bj in bnd]
                 + [1.0 if i == j else 0.0 for i in range(k)])
    A.append([1.0] * n + [0.0] * (len(bnd) + k))
    c = cost + [hi[j] - lo[j] for j in bnd] + [0.0] * k
    out = _simplex(A, [float(s)] * k + [1.0], c)
    if out is None:
        return False, None
    x, val = out
    return val < T + 1 - 1e-6, x[:n]


def _leaf(cols, origins, weights, picks=None):
    order = sorted(range(len(cols)), key=lambda i: (-weights[i], cols[i][1], i))
    words = [cols[i][0] for i in order if weights[i] > 1e-12]
    for i in order:
        if len(words) >= LEAF_WORDS:
            break
        if cols[i][0] not in words:
            words.append(cols[i][0])
    node = {'words': words[:LEAF_WORDS], 'origins': list(origins)}
    if picks is not None and any(p != 0 for p in picks):
        node['picks'] = list(picks)
    return node


def _columns_pick(v, origins, local_pick, deadline, sweep_cache, col_cache):
    k = len(origins)
    key = (tuple(origins), local_pick)
    if key in col_cache:
        return col_cache[key]
    ref_key = tuple(origins)
    if ref_key not in sweep_cache:
        ref = _refine(v, origins)
        sweep_cache[ref_key] = (ref, _sweep_words(ref, deadline))
    ref, words = sweep_cache[ref_key]
    picks = [sum(origins[:i]) + (local_pick if i == local_pick_axis else 0) for i in range(k)]
    priced = []
    for w in words:
        p = _price_picks(ref, w, picks)
        if p is not None:
            priced.append((w, p[0], p[1]))
    col_cache[key] = (_pareto(priced), picks)
    return col_cache[key]


local_pick_axis = 0


def _find_leaf_for_box(v, m, k, axis, lo, hi, s, deadline, sweep_cache, col_cache):
    global local_pick_axis
    local_pick_axis = axis
    l = lo[axis]
    target_origin = min(l, MAX_ORIGIN)
    origins = [1] * k
    origins[axis] = target_origin

    # Try different picks inside the refined block to find the lowest slope / passing LP
    pick_choices = range(target_origin)
    best_res = None
    for pick_idx in pick_choices:
        if _time.process_time() > deadline:
            break
        cols, picks = _columns_pick(v, origins, pick_idx, deadline, sweep_cache, col_cache)
        if not cols:
            continue
        ok, w = _leaf_lp(cols, origins, lo, hi, s, m)
        if ok:
            return True, cols, origins, w, picks
        best_res = (False, cols, origins, w, picks)
    return False, None, origins, None, None


def _staircase(v, m, k, axis, deadline, sweep_cache, col_cache):
    s = m - 2
    leaves, l = [], 1
    while len(leaves) < MAX_STEPS and l <= MAX_CUT + 1 and _time.process_time() < deadline:
        lo = [1] * k
        lo[axis] = l
        # Check unbounded leaf
        ok, cols, origins, w, picks = _find_leaf_for_box(
            v, m, k, axis, lo, [None] * k, s, deadline, sweep_cache, col_cache
        )
        if ok:
            leaves.append((_leaf(cols, origins, w, picks), None))
            tree = leaves[-1][0]
            for node, h in reversed(leaves[:-1]):
                tree = {'j': axis, 't': h, 'le': node, 'ge': tree}
            return tree
        if len(leaves) + 1 >= MAX_STEPS or l > MAX_CUT:
            return None

        # Bisect widest passing h
        lo_h, hi_h, best = l, MAX_CUT, None
        while lo_h <= hi_h:
            if _time.process_time() > deadline:
                break
            mid = (lo_h + hi_h) // 2
            hi = [None] * k
            hi[axis] = mid
            ok, cols, origins, w, picks = _find_leaf_for_box(
                v, m, k, axis, lo, hi, s, deadline, sweep_cache, col_cache
            )
            if ok:
                best = (mid, cols, origins, w, picks)
                lo_h = mid + 1
            else:
                hi_h = mid - 1
        if best is None:
            return None
        mid, cols, origins, w, picks = best
        leaves.append((_leaf(cols, origins, w, picks), mid))
        l = mid + 1
    return None


def pool(v):
    words = {}
    for w in _sweep_words(v, float('inf')):
        cost = price(v, w)
        if cost is not None:
            words[w] = cost
    return words


def _c2_selection(v, words):
    word_list = list(words.keys())
    m = max(v)
    k = sum(1 for x in v if x == 0)
    T = _budget(m, k)
    costs = [[words[w][0] - T] + [b - (m - 2) for b in words[w][1]] for w in word_list]
    n_words = len(word_list)
    dim = k + 1

    hull_indices = set()
    for d in range(dim):
        hull_indices.add(min(range(n_words), key=lambda i: (costs[i][d], max(costs[i]))))

    for j in range(1, dim):
        pts = sorted(range(n_words), key=lambda i: (costs[i][0], costs[i][j]))
        lower = []
        for p in pts:
            while len(lower) >= 2:
                p1, p2 = lower[-2], lower[-1]
                dx1, dy1 = costs[p2][0] - costs[p1][0], costs[p2][j] - costs[p1][j]
                dx2, dy2 = costs[p][0] - costs[p1][0], costs[p][j] - costs[p1][j]
                if dx1 * dy2 - dy1 * dx2 <= 0:
                    lower.pop()
                else:
                    break
            lower.append(p)
        for idx in lower:
            hull_indices.add(idx)

    for j in range(1, dim):
        for ratio in (0.1, 0.25, 0.5, 1.0, 2.0, 4.0, 10.0):
            hull_indices.add(min(range(n_words), key=lambda i: costs[i][0] + ratio * costs[i][j]))

    for alpha in (1.5, 3.0):
        for start_mode in ('min_max', 'min_b'):
            cur_idx = min(range(n_words), key=lambda i: (max(costs[i]), costs[i][0]) if start_mode == 'min_max' else (costs[i][0], max(costs[i])))
            cur_vec = list(costs[cur_idx])
            hull_indices.add(cur_idx)
            for it in range(1, 35):
                mx = max(cur_vec)
                exps = [math.exp(min(50.0, alpha * (val - mx))) for val in cur_vec]
                tot = sum(exps)
                weights = [e / tot for e in exps]
                best_i = min(range(n_words), key=lambda i: sum(weights[d] * costs[i][d] for d in range(dim)))
                hull_indices.add(best_i)
                gamma = 2.0 / (it + 2)
                for d in range(dim):
                    cur_vec[d] = (1.0 - gamma) * cur_vec[d] + gamma * costs[best_i][d]

    ordered = sorted(hull_indices, key=lambda i: (max(costs[i]), costs[i][0], sum(costs[i])))
    selected_indices = list(ordered[:KEEP])
    if len(selected_indices) < KEEP:
        by_max = sorted(range(n_words), key=lambda i: (max(costs[i]), costs[i][0]))
        for idx in by_max:
            if idx not in selected_indices:
                selected_indices.append(idx)
                if len(selected_indices) >= KEEP:
                    break
    return [word_list[i] for i in selected_indices[:KEEP]]


def certify(family):
    start = _time.process_time()
    deadline = start + CPU_BUDGET
    v = family['unit_base']
    m = max(v)
    k = sum(1 for x in v if x == 0)

    # Generate unit sweep words up to 0.75s
    unit_deadline = min(deadline, start + 0.75)
    unit_sweeps = _sweep_words(v, unit_deadline)
    unit_words = {}
    for w in unit_sweeps:
        p = price(v, w)
        if p is not None:
            unit_words[w] = p

    sweep_cache = {tuple([1] * k): (list(v), unit_sweeps)}
    col_cache = {}

    if unit_words:
        c2_words = _c2_selection(v, unit_words)
        base = [(w, unit_words[w][0], unit_words[w][1]) for w in c2_words if w in unit_words]
        if base and _leaf_lp(base, [1] * k, [1] * k, [None] * k, m - 2, m)[0]:
            return {'tree': {'words': c2_words, 'origins': [1] * k}}
    else:
        c2_words = []

    # Staircase search across axes
    unit_priced = [(w, B, beta) for w, (B, beta) in unit_words.items()]
    unit_pareto = _pareto(unit_priced) if unit_priced else []
    col_cache[(tuple([1] * k), 0)] = (unit_pareto, [0] * k)

    if unit_pareto:
        load = [min(beta[j] for _, _, beta in unit_pareto) for j in range(k)]
        axis_order = sorted(range(k), key=lambda j: (-load[j], j))
    else:
        axis_order = list(range(k))

    for axis in axis_order:
        if _time.process_time() > deadline:
            break
        tree = _staircase(v, m, k, axis, deadline, sweep_cache, col_cache)
        if tree is not None:
            return {'tree': tree}

    # Fallback to root leaf
    return {'tree': {'words': c2_words if c2_words else unit_sweeps[:KEEP], 'origins': [1] * k}}
Iteration 22: New subsample score 3.0 is not better than old score 3.0, skipping
Iteration 23: Selected program 0 score: 0.9044764957264957
Iteration 23: Proposed new text for current_candidate: """Tree certifier for LRX sorting families with adaptive staircase and refined origins."""

import itertools
import math
import time as _time

KEEP = 32
MAX_ORIGIN = 5
MAX_CUT = 12
MAX_STEPS = 9
LEAF_WORDS = 24
CPU_BUDGET = 2.75
EPS = 1e-9


def _reduce(word):
    out = []
    for ch in word:
        if out and out[-1] + ch in ('LR', 'RL', 'XX'):
            out.pop()
        else:
            out.append(ch)
    return ''.join(out)


def _lifts(v, t, perm, m, r):
    n = len(v)
    zeros = [p for p in range(n) if v[p] == 0]
    target = [0] * n
    for p in range(n):
        if v[p]:
            target[p] = (t + v[p] - 1) % n
    for i in range(r):
        target[zeros[i]] = (t + m + perm[i]) % n

    lift_bases = []
    base1 = [((target[p] - p + n // 2) % n) - n // 2 for p in range(n)]
    lift_bases.append(base1)
    if n % 2 == 0:
        base2 = [((target[p] - p + n // 2 - 1) % n) - (n // 2 - 1) for p in range(n)]
        if base2 != base1:
            lift_bases.append(base2)

    res = []
    for rem_base in lift_bases:
        q = sum(rem_base) // n
        if q == 0:
            if rem_base not in res:
                res.append(rem_base)
            continue
        for rev_tie in (False, True):
            rem = list(rem_base)
            order = sorted(range(n), key=lambda p: (rem[p], -p if rev_tie else p), reverse=q > 0)
            for p in order[:abs(q)]:
                rem[p] -= n if q > 0 else -n
            if rem not in res:
                res.append(rem)
    return res


def _sweep(v, rem, t, mode, c_start=0, limit=4000):
    n = len(v)
    a, rem = list(v), list(rem)
    out = []
    c = 0
    if c_start != 0:
        d = c_start % n
        out.append('L' * d if d <= n - d else 'R' * (n - d))
        c = c_start % n

    def must_cross(x):
        return rem[x] - rem[(x + 1) % n] >= 2

    def cross(x):
        y = (x + 1) % n
        rx, ry = rem[x], rem[y]
        if a[x] or a[y]:
            out.append('X')
            a[x], a[y] = a[y], a[x]
        rem[x], rem[y] = ry + 1, rx - 1

    bounce_dir = 1 if mode == 'bounce_L' else -1
    bounce_steps = 0
    while any(rem) and len(out) < limit:
        if mode.startswith('greedy'):
            dirs = (1, -1) if mode == 'greedy' else (-1, 1)
            for dist in range(n):
                found = False
                for sgn in dirs:
                    pos = (c + sgn * dist) % n
                    if must_cross(pos):
                        out.append(('L' if sgn == 1 else 'R') * dist)
                        c = pos
                        found = True
                        break
                if found:
                    break
            else:
                return None
            cross(c)
            continue
        elif mode.startswith('bounce'):
            if must_cross(c):
                cross(c)
                if not any(rem):
                    break
            step_ch = 'L' if bounce_dir == 1 else 'R'
            out.append(step_ch)
            c = (c + bounce_dir) % n
            bounce_steps += 1
            if bounce_steps >= n - 1:
                bounce_dir = -bounce_dir
                bounce_steps = 0
            continue
        if must_cross(c):
            cross(c)
            if not any(rem):
                break
        out.append(mode)
        c = (c + (1 if mode == 'L' else -1)) % n
    if any(rem):
        return None
    d = (t - c) % n
    out.append('L' * d if d <= n - d else 'R' * (n - d))
    return ''.join(out)


def price(v, word):
    n, k = len(v), sum(1 for x in v if x == 0)
    a, j = [], 0
    for x in v:
        if x:
            a.append(x)
        else:
            j += 1
            a.append(-j)
    segs, A, q, d, cz, c = [], [0] * k, 0, 0, [0] * k, 0
    for ch in word:
        if ch == 'L':
            d += 1
            if a[c] < 0:
                cz[-a[c] - 1] += 1
            c = (c + 1) % n
        elif ch == 'R':
            c = (c - 1) % n
            d -= 1
            if a[c] < 0:
                cz[-a[c] - 1] -= 1
        else:
            c2 = (c + 1) % n
            x, y = a[c], a[c2]
            if x < 0 and y < 0:
                return None
            q += 1
            nxt = [0] * k
            if x < 0:
                cz[-x - 1] += 1
                A[-x - 1] += 1
            elif y < 0:
                A[-y - 1] += 1
                nxt[-y - 1] = -1
            segs.append((d, cz))
            d, cz = 0, nxt
            a[c], a[c2] = y, x
    segs.append((d, cz))
    fin = a[c:] + a[:c]
    m = n - k
    if fin[:m] != list(range(1, m + 1)):
        return None
    B = q + sum(abs(s) for s, _ in segs)
    beta = [2 * A[i] + sum(abs(z[i]) for _, z in segs) for i in range(k)]
    return B, beta


def _price_picks(v, word, picks):
    n = len(v)
    k = len(picks)
    blk = {p: j for j, p in enumerate(picks)}
    a, g = [], 0
    for x in v:
        if x:
            a.append(x)
        else:
            a.append(-1 - g)
            g += 1
    m = n - g
    A, q, d, cz, c = [0] * k, 0, 0, [0] * k, 0
    segs = []
    for ch in word:
        if ch == 'L':
            d += 1
            if a[c] < 0 and (-1 - a[c]) in blk:
                cz[blk[-1 - a[c]]] += 1
            c = (c + 1) % n
        elif ch == 'R':
            c = (c - 1) % n
            d -= 1
            if a[c] < 0 and (-1 - a[c]) in blk:
                cz[blk[-1 - a[c]]] -= 1
        else:
            c2 = (c + 1) % n
            x, y = a[c], a[c2]
            if x < 0 and y < 0:
                return None
            q += 1
            nxt = [0] * k
            if x < 0 and (-1 - x) in blk:
                cz[blk[-1 - x]] += 1
                A[blk[-1 - x]] += 1
            elif y < 0 and (-1 - y) in blk:
                A[blk[-1 - y]] += 1
                nxt[blk[-1 - y]] = -1
            segs.append((d, cz))
            d, cz = 0, nxt
            a[c], a[c2] = y, x
    segs.append((d, cz))
    fin = a[c:] + a[:c]
    if fin[:m] != list(range(1, m + 1)):
        return None
    B = q + sum(abs(s) for s, _ in segs)
    beta = [2 * A[i] + sum(abs(z[i]) for _, z in segs) for i in range(k)]
    return B, beta


def _budget(m, r):
    return m * (m + 1) // 2 + (r - 1) * (m - 2)


def _refine(v, origins):
    out, j = [], 0
    for x in v:
        if x:
            out.append(x)
        else:
            out.extend([0] * origins[j])
            j += 1
    return out


def _sweep_words(v, deadline):
    n, m = len(v), max(v)
    r = n - m
    if r <= 4:
        perms = list(itertools.permutations(range(r)))
    else:
        perms = [[(s + i) % r for i in range(r)] for s in range(r)] + [
            [(s + r - 1 - i) % r for i in range(r)] for s in range(r)]
    words = set()
    for t in range(n):
        if _time.process_time() > deadline:
            break
        for perm in perms:
            for rem in _lifts(v, t, perm, m, r):
                for c_start in (0, t) if t != 0 else (0,):
                    for mode in ('L', 'R', 'greedy', 'greedy_R', 'bounce_L', 'bounce_R'):
                        w = _sweep(v, rem, t, mode, c_start=c_start)
                        if w is not None:
                            w = _reduce(w)
                            if len(w) <= 4000:
                                words.add(w)
    return sorted(words, key=lambda w: (len(w), w))


def _pareto(priced):
    best = {}
    for w, B, beta in priced:
        key = (B,) + tuple(beta)
        if key not in best or (len(w), w) < (len(best[key]), best[key]):
            best[key] = w
    keys = sorted(best)
    keep = []
    for x in keys:
        if not any(all(p <= q for p, q in zip(y, x)) for y in keep):
            keep.append(x)
    return [(best[x], x[0], list(x[1:])) for x in keep]


def _simplex(A, b, c):
    rows, cols = len(A), len(c)
    T = []
    for i in range(rows):
        s = -1.0 if b[i] < 0 else 1.0
        T.append([s * x for x in A[i]] + [1.0 if r == i else 0.0 for r in range(rows)] + [s * b[i]])
    basis = list(range(cols, cols + rows))

    def pivot(r, j):
        p = T[r][j]
        inv_p = 1.0 / p
        T[r] = [x * inv_p for x in T[r]]
        for i in range(rows):
            if i != r:
                f = T[i][j]
                if abs(f) > 1e-15:
                    T[i] = [x - f * y for x, y in zip(T[i], T[r])]
        basis[r] = j

    def run(cost, allowed):
        for _ in range(2500):
            enter = None
            for j in allowed:
                if j in basis:
                    continue
                red = cost[j] - sum(cost[basis[i]] * T[i][j] for i in range(rows))
                if red < -EPS:
                    enter = j
                    break
            if enter is None:
                return True
            cand = [i for i in range(rows) if T[i][enter] > EPS]
            if not cand:
                return False
            r = min(cand, key=lambda i: (T[i][-1] / T[i][enter], basis[i]))
            pivot(r, enter)
        return False

    if not run([0.0] * cols + [1.0] * rows, range(cols + rows)):
        return None
    if sum(T[i][-1] for i in range(rows) if basis[i] >= cols) > 1e-7:
        return None
    for r in range(rows):
        if basis[r] >= cols:
            j = next((j for j in range(cols) if abs(T[r][j]) > EPS and j not in basis), None)
            if j is not None:
                pivot(r, j)
    if not run(list(c) + [0.0] * rows, range(cols)):
        return None
    x = [0.0] * cols
    for i, j in enumerate(basis):
        if j < cols:
            x[j] = T[i][-1]
    return x, sum(ci * xi for ci, xi in zip(c, x))


def _leaf_lp(cols, origins, lo, hi, s, m):
    k = len(lo)
    n = len(cols)
    bnd = [j for j in range(k) if hi[j] is not None]
    T = _budget(m, sum(lo))
    cost = [B + sum(b * (l - o) for b, l, o in zip(beta, lo, origins)) for _, B, beta in cols]
    A = []
    for j in range(k):
        A.append([beta[j] for _, _, beta in cols] + [-1.0 if bj == j else 0.0 for bj in bnd]
                 + [1.0 if i == j else 0.0 for i in range(k)])
    A.append([1.0] * n + [0.0] * (len(bnd) + k))
    c = cost + [hi[j] - lo[j] for j in bnd] + [0.0] * k
    out = _simplex(A, [float(s)] * k + [1.0], c)
    if out is None:
        return False, None
    x, val = out
    return val < T + 1.0 - 1e-6, x[:n]


def _leaf(cols, origins, weights, picks=None):
    order = sorted(range(len(cols)), key=lambda i: (-weights[i] if weights else 0, cols[i][1], i))
    words = [cols[i][0] for i in order if weights and weights[i] > 1e-12]
    for i in order:
        if len(words) >= LEAF_WORDS:
            break
        if cols[i][0] not in words:
            words.append(cols[i][0])
    res = {'words': words[:LEAF_WORDS], 'origins': list(origins)}
    if picks is not None and any(p != 0 for p in picks):
        res['picks'] = list(picks)
    return res


def _get_sweep_raw(v, origins, deadline, cache_raw):
    key = tuple(origins)
    if key not in cache_raw:
        ref = _refine(v, origins)
        cache_raw[key] = (ref, _sweep_words(ref, deadline))
    return cache_raw[key]


def _columns_with_pick(v, origins, pick_axis, pick_local, deadline, cache_raw, cache_cols):
    key = (tuple(origins), pick_axis, pick_local)
    if key not in cache_cols:
        ref, sw = _get_sweep_raw(v, origins, deadline, cache_raw)
        k = len(origins)
        starts = [sum(origins[:j]) for j in range(k)]
        picks = list(starts)
        picks[pick_axis] += pick_local
        priced = []
        for w in sw:
            p = _price_picks(ref, w, picks)
            if p is not None:
                priced.append((w, p[0], p[1]))
        cache_cols[key] = (_pareto(priced), picks)
    return cache_cols[key]


def _build_root_leaf(v):
    sw = _sweep_words(v, _time.process_time() + 2.0)
    priced = []
    for w in sw:
        p = price(v, w)
        if p is not None:
            priced.append((w, p[0], p[1]))
    word_dict = {w: (B, beta) for w, B, beta in priced}
    if not word_dict:
        return {'words': []}

    word_list = list(word_dict.keys())
    m = max(v)
    k = sum(1 for x in v if x == 0)
    T = _budget(m, k)
    costs = [[word_dict[w][0] - T] + [b - (m - 2) for b in word_dict[w][1]] for w in word_list]
    n_words = len(word_list)
    dim = k + 1
    hull_indices = set()

    for d in range(dim):
        hull_indices.add(min(range(n_words), key=lambda i: (costs[i][d], max(costs[i]))))

    for j in range(1, dim):
        pts = sorted(range(n_words), key=lambda i: (costs[i][0], costs[i][j]))
        lower = []
        for p in pts:
            while len(lower) >= 2:
                p1, p2 = lower[-2], lower[-1]
                dx1, dy1 = costs[p2][0] - costs[p1][0], costs[p2][j] - costs[p1][j]
                dx2, dy2 = costs[p][0] - costs[p1][0], costs[p][j] - costs[p1][j]
                if dx1 * dy2 - dy1 * dx2 <= 0:
                    lower.pop()
                else:
                    break
            lower.append(p)
        for idx in lower:
            hull_indices.add(idx)

    for j in range(1, dim):
        for ratio in (0.1, 0.25, 0.5, 1.0, 2.0, 4.0, 10.0):
            hull_indices.add(min(range(n_words), key=lambda i: costs[i][0] + ratio * costs[i][j]))

    for alpha in (1.5, 3.0):
        for start_mode in ('min_max', 'min_b'):
            cur_idx = min(range(n_words), key=lambda i: (max(costs[i]), costs[i][0]) if start_mode == 'min_max' else (costs[i][0], max(costs[i])))
            cur_vec = list(costs[cur_idx])
            hull_indices.add(cur_idx)
            for it in range(1, 40):
                mx = max(cur_vec)
                exps = [math.exp(min(50.0, alpha * (val - mx))) for val in cur_vec]
                tot = sum(exps)
                weights = [e / tot for e in exps]
                best_i = min(range(n_words), key=lambda i: sum(weights[d] * costs[i][d] for d in range(dim)))
                hull_indices.add(best_i)
                gamma = 2.0 / (it + 2)
                for d in range(dim):
                    cur_vec[d] = (1.0 - gamma) * cur_vec[d] + gamma * costs[best_i][d]

    ordered = sorted(hull_indices, key=lambda i: (max(costs[i]), costs[i][0], sum(costs[i])))
    selected_indices = list(ordered[:KEEP])
    if len(selected_indices) < KEEP:
        for idx in sorted(range(n_words), key=lambda i: (max(costs[i]), costs[i][0])):
            if idx not in selected_indices:
                selected_indices.append(idx)
                if len(selected_indices) >= KEEP:
                    break

    res = [word_list[i] for i in selected_indices[:KEEP]]
    return {'words': res}


def _staircase(v, m, k, axis, deadline, cache_raw, cache_cols):
    s = m - 2
    leaves, l = [], 1
    while len(leaves) < MAX_STEPS and l <= MAX_CUT + 1 and _time.process_time() < deadline:
        origins = [1] * k
        origins[axis] = min(l, MAX_ORIGIN)
        o_val = origins[axis]
        pick_choices = range(o_val) if o_val > 1 else [0]
        lo = [1] * k
        lo[axis] = l

        found_unbounded = False
        for pl in pick_choices:
            cols, picks = _columns_with_pick(v, origins, axis, pl, deadline, cache_raw, cache_cols)
            if not cols:
                continue
            ok, w = _leaf_lp(cols, origins, lo, [None] * k, s, m)
            if ok:
                leaves.append((_leaf(cols, origins, w, picks), None))
                tree = leaves[-1][0]
                for node, h in reversed(leaves[:-1]):
                    tree = {'j': axis, 't': h, 'le': node, 'ge': tree}
                return tree

        if len(leaves) + 1 >= MAX_STEPS or l > MAX_CUT:
            return None

        best_h, best_w, best_leaf_data = None, None, None
        for pl in pick_choices:
            cols, picks = _columns_with_pick(v, origins, axis, pl, deadline, cache_raw, cache_cols)
            if not cols:
                continue
            lo_h, hi_h, cur_best = l, MAX_CUT, None
            while lo_h <= hi_h:
                mid = (lo_h + hi_h) // 2
                hi = [None] * k
                hi[axis] = mid
                ok, w = _leaf_lp(cols, origins, lo, hi, s, m)
                if ok:
                    cur_best, lo_h = (mid, w), mid + 1
                else:
                    hi_h = mid - 1
            if cur_best is not None and (best_h is None or cur_best[0] > best_h):
                best_h = cur_best[0]
                best_leaf_data = _leaf(cols, origins, cur_best[1], picks)

        if best_leaf_data is None:
            return None
        leaves.append((best_leaf_data, best_h))
        l = best_h + 1
    return None


def certify(family):
    start = _time.process_time()
    deadline = start + CPU_BUDGET
    v = family['unit_base']
    m, k = max(v), sum(1 for x in v if x == 0)

    root_out = _build_root_leaf(v)
    root = {'words': root_out['words'], 'origins': [1] * k}
    base = []
    for w in root_out['words']:
        p = price(v, w)
        if p is not None:
            base.append((w, p[0], p[1]))

    if base and _leaf_lp(base, [1] * k, [1] * k, [None] * k, m - 2, m)[0]:
        return {'tree': root, 'note': 'unit root certified'}

    cache_raw = {}
    cache_cols = {}
    unit_cols, _ = _columns_with_pick(v, [1] * k, 0, 0, deadline, cache_raw, cache_cols)
    load = [min(beta[j] for _, _, beta in unit_cols) if unit_cols else 0 for j in range(k)]

    for axis in sorted(range(k), key=lambda j: (-load[j], j)):
        if _time.process_time() > deadline:
            break
        tree = _staircase(v, m, k, axis, deadline, cache_raw, cache_cols)
        if tree is not None:
            return {'tree': tree, 'note': f'refined staircase on axis {axis}'}

    return {'tree': root, 'note': 'fallback to root leaf'}
Iteration 23: New subsample score 3.0 is not better than old score 3.0, skipping
Iteration 24: Selected program 0 score: 0.9044764957264957
Iteration 24: Proposed new text for current_candidate: """Tree certifier with refined origins, optimal atom pick selection, and multi-axis staircases."""

import itertools
import math
import time as _time

KEEP = 32
MAX_ORIGIN = 5
MAX_CUT = 12
MAX_STEPS = 8
LEAF_WORDS = 20
CPU_BUDGET = 2.45
EPS = 1e-9


def _reduce(word):
    out = []
    for ch in word:
        if out and out[-1] + ch in ('LR', 'RL', 'XX'):
            out.pop()
        else:
            out.append(ch)
    return ''.join(out)


def _lifts(v, t, perm, m, r):
    n = len(v)
    zeros = [p for p in range(n) if v[p] == 0]
    target = [0] * n
    for p in range(n):
        if v[p]:
            target[p] = (t + v[p] - 1) % n
    for i in range(r):
        target[zeros[i]] = (t + m + perm[i]) % n

    lift_bases = []
    base1 = [((target[p] - p + n // 2) % n) - n // 2 for p in range(n)]
    lift_bases.append(base1)
    if n % 2 == 0:
        base2 = [((target[p] - p + n // 2 - 1) % n) - (n // 2 - 1) for p in range(n)]
        if base2 != base1:
            lift_bases.append(base2)

    res = []
    for rem_base in lift_bases:
        q = sum(rem_base) // n
        if q == 0:
            if rem_base not in res:
                res.append(rem_base)
            continue
        for rev_tie in (False, True):
            rem = list(rem_base)
            order = sorted(range(n), key=lambda p: (rem[p], -p if rev_tie else p), reverse=q > 0)
            for p in order[:abs(q)]:
                rem[p] -= n if q > 0 else -n
            if rem not in res:
                res.append(rem)
    return res


def _sweep(v, rem, t, mode, c_start=0, limit=4000):
    n = len(v)
    a, rem = list(v), list(rem)
    out = []
    c = 0
    if c_start != 0:
        d = c_start % n
        out.append('L' * d if d <= n - d else 'R' * (n - d))
        c = c_start % n

    def must_cross(x):
        return rem[x] - rem[(x + 1) % n] >= 2

    def cross(x):
        y = (x + 1) % n
        rx, ry = rem[x], rem[y]
        if a[x] or a[y]:
            out.append('X')
            a[x], a[y] = a[y], a[x]
        rem[x], rem[y] = ry + 1, rx - 1

    bounce_dir = 1 if mode == 'bounce_L' else -1
    bounce_steps = 0
    while any(rem) and len(out) < limit:
        if mode.startswith('greedy'):
            dirs = (1, -1) if mode == 'greedy' else (-1, 1)
            for dist in range(n):
                found = False
                for sgn in dirs:
                    pos = (c + sgn * dist) % n
                    if must_cross(pos):
                        out.append(('L' if sgn == 1 else 'R') * dist)
                        c = pos
                        found = True
                        break
                if found:
                    break
            else:
                return None
            cross(c)
            continue
        elif mode.startswith('bounce'):
            if must_cross(c):
                cross(c)
                if not any(rem):
                    break
            step_ch = 'L' if bounce_dir == 1 else 'R'
            out.append(step_ch)
            c = (c + bounce_dir) % n
            bounce_steps += 1
            if bounce_steps >= n - 1:
                bounce_dir = -bounce_dir
                bounce_steps = 0
            continue
        if must_cross(c):
            cross(c)
            if not any(rem):
                break
        out.append(mode)
        c = (c + (1 if mode == 'L' else -1)) % n
    if any(rem):
        return None
    d = (t - c) % n
    out.append('L' * d if d <= n - d else 'R' * (n - d))
    return ''.join(out)


def _price_all_zeros(v, word):
    """Computes B and slopes for all zero positions in v, ensuring no zero-zero swap."""
    n = len(v)
    zeros = [i for i, x in enumerate(v) if x == 0]
    num_z = len(zeros)
    z_map = {pos: idx for idx, pos in enumerate(zeros)}
    a = list(v)
    for idx, pos in enumerate(zeros):
        a[pos] = -1 - idx

    m = n - num_z
    A = [0] * num_z
    cz = [0] * num_z
    q, d, c = 0, 0, 0
    segs = []
    for ch in word:
        if ch == 'L':
            d += 1
            if a[c] < 0:
                cz[-1 - a[c]] += 1
            c = (c + 1) % n
        elif ch == 'R':
            c = (c - 1) % n
            d -= 1
            if a[c] < 0:
                cz[-1 - a[c]] -= 1
        else:
            c2 = (c + 1) % n
            x, y = a[c], a[c2]
            if x < 0 and y < 0:
                return None
            q += 1
            nxt = [0] * num_z
            if x < 0:
                cz[-1 - x] += 1
                A[-1 - x] += 1
            elif y < 0:
                A[-1 - y] += 1
                nxt[-1 - y] = -1
            segs.append((d, cz))
            d, cz = 0, nxt
            a[c], a[c2] = y, x
    segs.append((d, cz))
    fin = a[c:] + a[:c]
    if fin[:m] != list(range(1, m + 1)):
        return None
    B = q + sum(abs(s) for s, _ in segs)
    all_betas = [2 * A[i] + sum(abs(z[i]) for _, z in segs) for i in range(num_z)]
    return B, all_betas


def price(v, word):
    res = _price_all_zeros(v, word)
    if res is None:
        return None
    return res[0], res[1]


_POOLS = {}


def pool(v):
    key = tuple(v)
    if key in _POOLS:
        return _POOLS[key]
    n, m = len(v), max(v)
    r = n - m
    words = {}

    if r <= 4:
        perms = list(itertools.permutations(range(r)))
    else:
        perms = [[(s + i) % r for i in range(r)] for s in range(r)] + [
            [(s + r - 1 - i) % r for i in range(r)] for s in range(r)
        ]

    for t in range(n):
        for perm in perms:
            for rem in _lifts(v, t, perm, m, r):
                for c_start in (0, t) if t != 0 else (0,):
                    for mode in ('L', 'R', 'greedy', 'greedy_R', 'bounce_L', 'bounce_R'):
                        w = _sweep(v, rem, t, mode, c_start=c_start)
                        if w is None:
                            continue
                        w = _reduce(w)
                        if w not in words and len(w) <= 4000:
                            cost = price(v, w)
                            if cost is not None:
                                words[w] = cost
    _POOLS[key] = words
    return words


def _budget(m, r):
    return m * (m + 1) // 2 + (r - 1) * (m - 2)


def _refine(v, origins):
    out, j = [], 0
    for x in v:
        if x:
            out.append(x)
        else:
            out.extend([0] * origins[j])
            j += 1
    return out


def _sweep_words(v, deadline):
    n, m = len(v), max(v)
    r = n - m
    if r <= 4:
        perms = list(itertools.permutations(range(r)))
    else:
        perms = [[(s + i) % r for i in range(r)] for s in range(r)] + [
            [(s + r - 1 - i) % r for i in range(r)] for s in range(r)
        ]
    words = set()
    for t in range(n):
        if _time.process_time() > deadline:
            break
        for perm in perms:
            for rem in _lifts(v, t, perm, m, r):
                for c_start in (0, t) if t != 0 else (0,):
                    for mode in ('L', 'R', 'greedy', 'greedy_R', 'bounce_L', 'bounce_R'):
                        w = _sweep(v, rem, t, mode, c_start=c_start)
                        if w is not None:
                            w = _reduce(w)
                            if len(w) <= 4000:
                                words.add(w)
    return sorted(words, key=lambda w: (len(w), w))


def _pareto(priced):
    best = {}
    for w, B, beta in priced:
        key = (B,) + tuple(beta)
        if key not in best or (len(w), w) < (len(best[key]), best[key]):
            best[key] = w
    keys = sorted(best)
    keep = []
    for x in keys:
        if not any(all(p <= q for p, q in zip(y, x)) for y in keep):
            keep.append(x)
    return [(best[x], x[0], list(x[1:])) for x in keep]


def _simplex(A, b, c):
    rows, cols = len(A), len(c)
    T = []
    for i in range(rows):
        s = -1.0 if b[i] < 0 else 1.0
        T.append([s * x for x in A[i]] + [1.0 if r == i else 0.0 for r in range(rows)] + [s * b[i]])
    basis = list(range(cols, cols + rows))

    def pivot(r, j):
        p = T[r][j]
        T[r] = [x / p for x in T[r]]
        for i in range(rows):
            if i != r and abs(T[i][j]) > 1e-15:
                f = T[i][j]
                T[i] = [x - f * y for x, y in zip(T[i], T[r])]
        basis[r] = j

    def run(cost, allowed):
        for _ in range(2500):
            enter = None
            for j in allowed:
                if j in basis:
                    continue
                if cost[j] - sum(cost[basis[i]] * T[i][j] for i in range(rows)) < -EPS:
                    enter = j
                    break
            if enter is None:
                return True
            cand = [i for i in range(rows) if T[i][enter] > EPS]
            if not cand:
                return False
            r = min(cand, key=lambda i: (T[i][-1] / T[i][enter], basis[i]))
            pivot(r, enter)
        return False

    if not run([0.0] * cols + [1.0] * rows, range(cols + rows)):
        return None
    if sum(T[i][-1] for i in range(rows) if basis[i] >= cols) > 1e-7:
        return None
    for r in range(rows):
        if basis[r] >= cols:
            j = next((j for j in range(cols) if abs(T[r][j]) > EPS and j not in basis), None)
            if j is not None:
                pivot(r, j)
    if not run(list(c) + [0.0] * rows, range(cols)):
        return None
    x = [0.0] * cols
    for i, j in enumerate(basis):
        if j < cols:
            x[j] = T[i][-1]
    return x, sum(ci * xi for ci, xi in zip(c, x))


def _leaf_lp(cols, origins, lo, hi, s, m):
    k = len(lo)
    n = len(cols)
    bnd = [j for j in range(k) if hi[j] is not None]
    T = _budget(m, sum(lo))
    cost = [B + sum(b * (l - o) for b, l, o in zip(beta, lo, origins)) for _, B, beta in cols]
    A = []
    for j in range(k):
        A.append([beta[j] for _, _, beta in cols] + [-1.0 if bj == j else 0.0 for bj in bnd]
                 + [1.0 if i == j else 0.0 for i in range(k)])
    A.append([1.0] * n + [0.0] * (len(bnd) + k))
    c = cost + [hi[j] - lo[j] for j in bnd] + [0.0] * k
    out = _simplex(A, [float(s)] * k + [1.0], c)
    if out is None:
        return False, None
    x, val = out
    return val < T + 1 - 1e-6, x[:n]


def _leaf(cols, origins, weights, picks=None):
    order = sorted(range(len(cols)), key=lambda i: (-weights[i], cols[i][1], i))
    words = [cols[i][0] for i in order if weights[i] > 1e-12]
    for i in order:
        if len(words) >= LEAF_WORDS:
            break
        if cols[i][0] not in words:
            words.append(cols[i][0])
    res = {'words': words[:LEAF_WORDS], 'origins': list(origins)}
    if picks is not None and any(p != 0 for p in picks):
        res['picks'] = list(picks)
    return res


def _columns(v, origins, deadline, cache):
    key = tuple(origins)
    if key in cache:
        return cache[key]
    ref = _refine(v, origins)
    raw = []
    for w in _sweep_words(ref, deadline):
        p = _price_all_zeros(ref, w)
        if p is not None:
            raw.append((w, p[0], p[1]))

    # Find the pick choice (which atom in each block is stretched) that minimizes sum of min slopes
    k = len(origins)
    best_picks = [0] * k
    best_cols = []
    min_score = float('inf')

    # Test candidate pick configurations
    cand_picks = []
    # Pick first atom, pick last atom, pick center atom for blocks with o_j > 1
    ranges = []
    for o in origins:
        if o == 1:
            ranges.append([0])
        elif o == 2:
            ranges.append([0, 1])
        else:
            ranges.append([0, o // 2, o - 1])

    for p_tuple in itertools.product(*ranges):
        cand_picks.append(list(p_tuple))

    for p_choice in cand_picks:
        # map local block pick to global index
        g_picks = [sum(origins[:j]) + p_choice[j] for j in range(k)]
        priced = []
        for w, B, all_b in raw:
            beta = [all_b[gp] for gp in g_picks]
            priced.append((w, B, beta))
        pareto_cols = _pareto(priced)
        if pareto_cols:
            score = sum(min(beta[j] for _, _, beta in pareto_cols) for j in range(k))
            if score < min_score:
                min_score = score
                best_picks = p_choice
                best_cols = pareto_cols

    cache[key] = (best_cols, best_picks)
    return cache[key]


def _staircase(v, m, k, axis, deadline, cache, fixed_splits=None):
    s = m - 2
    leaves, l = [], 1
    base_origins = [1] * k
    base_lo = [1] * k
    base_hi = [None] * k
    if fixed_splits:
        for fa, (flo, fhi, fo) in fixed_splits.items():
            base_origins[fa] = fo
            base_lo[fa] = flo
            base_hi[fa] = fhi

    while len(leaves) < MAX_STEPS and l <= MAX_CUT + 1 and _time.process_time() < deadline:
        origins = list(base_origins)
        origins[axis] = min(l, MAX_ORIGIN)
        cols, picks = _columns(v, origins, deadline, cache)
        if not cols:
            return None
        lo = list(base_lo)
        lo[axis] = l
        hi = list(base_hi)
        hi[axis] = None
        ok, w = _leaf_lp(cols, origins, lo, hi, s, m)
        if ok:
            leaves.append((_leaf(cols, origins, w, picks), None))
            tree = leaves[-1][0]
            for node, h in reversed(leaves[:-1]):
                tree = {'j': axis, 't': h, 'le': node, 'ge': tree}
            return tree
        if len(leaves) + 1 >= MAX_STEPS or l > MAX_CUT:
            return None
        lo_h, hi_h, best = l, MAX_CUT, None
        while lo_h <= hi_h:
            mid = (lo_h + hi_h) // 2
            hi = list(base_hi)
            hi[axis] = mid
            ok, w = _leaf_lp(cols, origins, lo, hi, s, m)
            if ok:
                best, lo_h = (mid, w), mid + 1
            else:
                hi_h = mid - 1
        if best is None:
            return None
        leaves.append((_leaf(cols, origins, best[1], picks), best[0]))
        l = best[0] + 1
    return None


def _certify_root(v, deadline):
    words = pool(v)
    if not words:
        return {'words': []}

    word_list = list(words.keys())
    m = max(v)
    k = sum(1 for x in v if x == 0)
    T = _budget(m, k)

    costs = []
    for w in word_list:
        B, beta = words[w]
        costs.append([B - T] + [b - (m - 2) for b in beta])

    n_words = len(word_list)
    dim = k + 1
    hull_indices = set()

    for d in range(dim):
        hull_indices.add(min(range(n_words), key=lambda i: (costs[i][d], max(costs[i]))))

    for j in range(1, dim):
        pts = sorted(range(n_words), key=lambda i: (costs[i][0], costs[i][j]))
        lower = []
        for p in pts:
            while len(lower) >= 2:
                p1, p2 = lower[-2], lower[-1]
                dx1, dy1 = costs[p2][0] - costs[p1][0], costs[p2][j] - costs[p1][j]
                dx2, dy2 = costs[p][0] - costs[p1][0], costs[p][j] - costs[p1][j]
                if dx1 * dy2 - dy1 * dx2 <= 0:
                    lower.pop()
                else:
                    break
            lower.append(p)
        for idx in lower:
            hull_indices.add(idx)

    for j in range(1, dim):
        for ratio in (0.1, 0.25, 0.5, 1.0, 2.0, 4.0, 10.0):
            best_idx = min(range(n_words), key=lambda i: costs[i][0] + ratio * costs[i][j])
            hull_indices.add(best_idx)

    for alpha in (1.5, 3.0):
        for start_mode in ('min_max', 'min_b'):
            if start_mode == 'min_max':
                cur_idx = min(range(n_words), key=lambda i: (max(costs[i]), costs[i][0]))
            else:
                cur_idx = min(range(n_words), key=lambda i: (costs[i][0], max(costs[i])))
            cur_vec = list(costs[cur_idx])
            hull_indices.add(cur_idx)
            for it in range(1, 40):
                mx = max(cur_vec)
                exps = [math.exp(min(50.0, alpha * (val - mx))) for val in cur_vec]
                tot = sum(exps)
                weights = [e / tot for e in exps]
                best_i = min(range(n_words), key=lambda i: sum(weights[d] * costs[i][d] for d in range(dim)))
                hull_indices.add(best_i)
                gamma = 2.0 / (it + 2)
                for d in range(dim):
                    cur_vec[d] = (1.0 - gamma) * cur_vec[d] + gamma * costs[best_i][d]

    ordered = sorted(hull_indices, key=lambda i: (max(costs[i]), costs[i][0], sum(costs[i])))
    selected_indices = list(ordered[:KEEP])
    if len(selected_indices) < KEEP:
        by_max = sorted(range(n_words), key=lambda i: (max(costs[i]), costs[i][0]))
        for idx in by_max:
            if idx not in selected_indices:
                selected_indices.append(idx)
                if len(selected_indices) >= KEEP:
                    break

    res = [word_list[i] for i in selected_indices[:KEEP]]
    return {'words': res}


def certify(family):
    start = _time.process_time()
    deadline = start + CPU_BUDGET
    v = family['unit_base']
    m, k = max(v), sum(1 for x in v if x == 0)

    out = _certify_root(v, deadline)
    root = {'words': out['words'], 'origins': [1] * k}
    base = []
    for w in out['words']:
        p = price(v, w)
        if p is not None:
            base.append((w, p[0], p[1]))
    if base and _leaf_lp(base, [1] * k, [1] * k, [None] * k, m - 2, m)[0]:
        return {'tree': root}

    cache = {}
    unit_p = _pareto([(w, B, beta) for w, (B, beta) in pool(v).items()]) if _time.process_time() < deadline else []
    if unit_p:
        cache[tuple([1] * k)] = (unit_p, [0] * k)

    load = [min(beta[j] for _, _, beta in unit_p) if unit_p else 0 for j in range(k)]
    sorted_axes = sorted(range(k), key=lambda j: (-load[j], j))

    # Phase 1: Try single axis staircases
    for axis in sorted_axes:
        if _time.process_time() > deadline:
            break
        tree = _staircase(v, m, k, axis, deadline, cache)
        if tree is not None:
            return {'tree': tree}

    # Phase 2: If single axis fails, try 2-axis split for top two bottleneck axes
    if k >= 2 and _time.process_time() + 0.6 < deadline:
        ax1, ax2 = sorted_axes[0], sorted_axes[1]
        for t1 in (2, 3, 4):
            if _time.process_time() > deadline:
                break
            # Split ax1 <= t1 and ax1 >= t1 + 1
            left_tree = _staircase(v, m, k, ax2, deadline, cache, fixed_splits={ax1: (1, t1, 1)})
            if left_tree is not None:
                o1_ge = min(t1 + 1, MAX_ORIGIN)
                right_tree = _staircase(v, m, k, ax2, deadline, cache, fixed_splits={ax1: (t1 + 1, None, o1_ge)})
                if right_tree is not None:
                    return {'tree': {'j': ax1, 't': t1, 'le': left_tree, 'ge': right_tree}}

    return {'tree': root}
Iteration 24: New subsample score 3.0 is not better than old score 3.0, skipping
Iteration 25: Selected program 0 score: 0.9044764957264957
Iteration 25: Proposed new text for current_candidate: """Piecewise staircase and 2D-split tree certifier on refined bases."""

import time as _time
import math as _math
import itertools as _itertools

KEEP = 32
MAX_CUT = 12
MAX_STEPS = 8
LEAF_WORDS = 24
CPU_BUDGET = 2.65
EPS = 1e-9


def _reduce(word):
    out = []
    for ch in word:
        if out and ((out[-1] == 'L' and ch == 'R') or (out[-1] == 'R' and ch == 'L') or (out[-1] == 'X' and ch == 'X')):
            out.pop()
        else:
            out.append(ch)
    return ''.join(out)


def _lifts(v, t, perm, m, r):
    n = len(v)
    zeros = [p for p in range(n) if v[p] == 0]
    target = [0] * n
    for p in range(n):
        if v[p]:
            target[p] = (t + v[p] - 1) % n
    for i in range(r):
        target[zeros[i]] = (t + m + perm[i]) % n

    lift_bases = []
    base1 = [((target[p] - p + n // 2) % n) - n // 2 for p in range(n)]
    lift_bases.append(base1)
    if n % 2 == 0:
        base2 = [((target[p] - p + n // 2 - 1) % n) - (n // 2 - 1) for p in range(n)]
        if base2 != base1:
            lift_bases.append(base2)

    res = []
    for rem_base in lift_bases:
        q = sum(rem_base) // n
        if q == 0:
            if rem_base not in res:
                res.append(rem_base)
            continue
        for rev_tie in (False, True):
            rem = list(rem_base)
            order = sorted(range(n), key=lambda p: (rem[p], -p if rev_tie else p), reverse=(q > 0))
            for p in order[:abs(q)]:
                rem[p] -= n if q > 0 else -n
            if rem not in res:
                res.append(rem)
    return res


def _sweep(v, rem, t, mode, c_start=0, limit=4000):
    n = len(v)
    a, rem = list(v), list(rem)
    out = []
    c = 0
    if c_start != 0:
        d = c_start % n
        out.append('L' * d if d <= n - d else 'R' * (n - d))
        c = c_start % n

    def must_cross(x):
        return rem[x] - rem[(x + 1) % n] >= 2

    def cross(x):
        y = (x + 1) % n
        rx, ry = rem[x], rem[y]
        if a[x] or a[y]:
            out.append('X')
            a[x], a[y] = a[y], a[x]
        rem[x], rem[y] = ry + 1, rx - 1

    bounce_dir = 1 if mode == 'bounce_L' else -1
    bounce_steps = 0
    while any(rem) and len(out) < limit:
        if mode.startswith('greedy'):
            dirs = (1, -1) if mode == 'greedy' else (-1, 1)
            for dist in range(n):
                found = False
                for sgn in dirs:
                    pos = (c + sgn * dist) % n
                    if must_cross(pos):
                        out.append(('L' if sgn == 1 else 'R') * dist)
                        c = pos
                        found = True
                        break
                if found:
                    break
            else:
                return None
            cross(c)
            continue
        elif mode.startswith('bounce'):
            if must_cross(c):
                cross(c)
                if not any(rem):
                    break
            step_ch = 'L' if bounce_dir == 1 else 'R'
            out.append(step_ch)
            c = (c + bounce_dir) % n
            bounce_steps += 1
            if bounce_steps >= n - 1:
                bounce_dir = -bounce_dir
                bounce_steps = 0
            continue
        if must_cross(c):
            cross(c)
            if not any(rem):
                break
        out.append(mode)
        c = (c + (1 if mode == 'L' else -1)) % n
    if any(rem):
        return None
    d = (t - c) % n
    out.append('L' * d if d <= n - d else 'R' * (n - d))
    return ''.join(out)


def _price_all(v, word, picks):
    n = len(v)
    k = len(picks)
    blk = {p: j for j, p in enumerate(picks)}
    a, g = [], 0
    for x in v:
        if x:
            a.append(x)
        else:
            a.append(-1 - g)
            g += 1
    m = n - g
    A, q, d, cz, c = [0] * k, 0, 0, [0] * k, 0
    segs = []
    for ch in word:
        if ch == 'L':
            d += 1
            if a[c] < 0 and (-1 - a[c]) in blk:
                cz[blk[-1 - a[c]]] += 1
            c = (c + 1) % n
        elif ch == 'R':
            c = (c - 1) % n
            d -= 1
            if a[c] < 0 and (-1 - a[c]) in blk:
                cz[blk[-1 - a[c]]] -= 1
        else:
            c2 = (c + 1) % n
            x, y = a[c], a[c2]
            if x < 0 and y < 0:
                return None
            q += 1
            nxt = [0] * k
            if x < 0 and (-1 - x) in blk:
                cz[blk[-1 - x]] += 1
                A[blk[-1 - x]] += 1
            elif y < 0 and (-1 - y) in blk:
                A[blk[-1 - y]] += 1
                nxt[blk[-1 - y]] = -1
            segs.append((d, cz))
            d, cz = 0, nxt
            a[c], a[c2] = y, x
    segs.append((d, cz))
    fin = a[c:] + a[:c]
    if fin[:m] != list(range(1, m + 1)):
        return None
    B = q + sum(abs(s) for s, _ in segs)
    beta = [2 * A[i] + sum(abs(z[i]) for _, z in segs) for i in range(k)]
    return B, beta


def _refine(v, origins):
    out, j = [], 0
    for x in v:
        if x:
            out.append(x)
        else:
            out.extend([0] * origins[j])
            j += 1
    return out


def _sweep_words(v, deadline):
    n, m = len(v), max(v)
    r = n - m
    if r <= 4:
        perms = list(_itertools.permutations(range(r)))
    else:
        perms = [[(s + i) % r for i in range(r)] for s in range(r)] + [
            [(s + r - 1 - i) % r for i in range(r)] for s in range(r)
        ]
        if r == 5:
            for s in range(r):
                perms.append([(s + 2 * i) % r for i in range(r)])
    words = set()
    for t in range(n):
        if _time.process_time() > deadline:
            break
        for perm in perms:
            for rem in _lifts(v, t, perm, m, r):
                for c_start in (0, t) if t != 0 else (0,):
                    for mode in ('L', 'R', 'greedy', 'greedy_R', 'bounce_L', 'bounce_R'):
                        w = _sweep(v, rem, t, mode, c_start=c_start)
                        if w is not None:
                            w = _reduce(w)
                            if len(w) <= 4000:
                                words.add(w)
    return sorted(words, key=lambda w: (len(w), w))


def _pareto(priced):
    best = {}
    for item in priced:
        w, B, beta, picks = item
        key = (B,) + tuple(beta)
        if key not in best or (len(w), w) < (len(best[key][0]), best[key][0]):
            best[key] = (w, B, beta, picks)
    keys = sorted(best)
    keep = []
    for x in keys:
        if not any(all(p <= q for p, q in zip(y, x)) for y in keep):
            keep.append(x)
    return [best[x] for x in keep]


def _simplex(A, b, c):
    rows, cols = len(A), len(c)
    T = []
    for i in range(rows):
        s = -1.0 if b[i] < 0 else 1.0
        T.append([s * x for x in A[i]] + [1.0 if r == i else 0.0 for r in range(rows)] + [s * b[i]])
    basis = list(range(cols, cols + rows))

    def pivot(r, j):
        p = T[r][j]
        T[r] = [x / p for x in T[r]]
        for i in range(rows):
            if i != r and abs(T[i][j]) > 1e-15:
                f = T[i][j]
                T[i] = [x - f * y for x, y in zip(T[i], T[r])]
        basis[r] = j

    def run(cost, allowed):
        for _ in range(2500):
            enter = None
            for j in allowed:
                if j in basis:
                    continue
                if cost[j] - sum(cost[basis[i]] * T[i][j] for i in range(rows)) < -EPS:
                    enter = j
                    break
            if enter is None:
                return True
            cand = [i for i in range(rows) if T[i][enter] > EPS]
            if not cand:
                return False
            r = min(cand, key=lambda i: (T[i][-1] / T[i][enter], basis[i]))
            pivot(r, enter)
        return False

    if not run([0.0] * cols + [1.0] * rows, range(cols + rows)):
        return None
    if sum(T[i][-1] for i in range(rows) if basis[i] >= cols) > 1e-7:
        return None
    for r in range(rows):
        if basis[r] >= cols:
            j = next((j for j in range(cols) if abs(T[r][j]) > EPS and j not in basis), None)
            if j is not None:
                pivot(r, j)
    if not run(list(c) + [0.0] * rows, range(cols)):
        return None
    x = [0.0] * cols
    for i, j in enumerate(basis):
        if j < cols:
            x[j] = T[i][-1]
    return x, sum(ci * xi for ci, xi in zip(c, x))


def _leaf_lp(cols, origins, lo, hi, s, m):
    k = len(lo)
    n = len(cols)
    bnd = [j for j in range(k) if hi[j] is not None]
    T = m * (m + 1) // 2 + (sum(lo) - 1) * (m - 2)
    cost = [B + sum(b * (l - o) for b, l, o in zip(beta, lo, origins)) for _, B, beta, _ in cols]
    A = []
    for j in range(k):
        A.append([beta[j] for _, _, beta, _ in cols] + [-1.0 if bj == j else 0.0 for bj in bnd]
                 + [1.0 if i == j else 0.0 for i in range(k)])
    A.append([1.0] * n + [0.0] * (len(bnd) + k))
    c = cost + [hi[j] - lo[j] for j in bnd] + [0.0] * k
    out = _simplex(A, [float(s)] * k + [1.0], c)
    if out is None:
        return False, None
    x, val = out
    return val < T + 1 - 1e-6, x[:n]


def _leaf(cols, origins, weights):
    order = sorted(range(len(cols)), key=lambda i: (-weights[i], cols[i][1], i))
    words = []
    picks = None
    for i in order:
        if weights[i] > 1e-12:
            words.append(cols[i][0])
            if picks is None:
                picks = cols[i][3]
    for i in order:
        if len(words) >= LEAF_WORDS:
            break
        if cols[i][0] not in words:
            words.append(cols[i][0])
            if picks is None:
                picks = cols[i][3]
    node = {'words': words[:LEAF_WORDS], 'origins': list(origins)}
    if picks is not None and any(p != 0 for p in picks):
        node['picks'] = list(picks)
    return node


def _columns(v, origins, deadline, cache):
    key = tuple(origins)
    if key in cache:
        return cache[key]
    ref = _refine(v, origins)
    k = len(origins)
    sweep_list = _sweep_words(ref, deadline)
    all_priced = []
    pick_combos = []
    non_unit = [j for j in range(k) if origins[j] > 1]
    if not non_unit:
        pick_combos = [[0] * k]
    elif len(non_unit) == 1:
        j = non_unit[0]
        for p in range(origins[j]):
            cur = [0] * k
            cur[j] = p
            pick_combos.append(cur)
    else:
        for p0 in (0, origins[non_unit[0]] - 1):
            for p1 in (0, origins[non_unit[1]] - 1):
                cur = [0] * k
                cur[non_unit[0]] = p0
                cur[non_unit[1]] = p1
                pick_combos.append(cur)
    for p_tuple in pick_combos:
        global_picks = [sum(origins[:j]) + p_tuple[j] for j in range(k)]
        for w in sweep_list:
            p = _price_all(ref, w, global_picks)
            if p is not None:
                all_priced.append((w, p[0], p[1], p_tuple))
    cache[key] = _pareto(all_priced)
    return cache[key]


def _staircase(v, m, k, axis, deadline, cache, max_orig=5):
    s = m - 2
    leaves, l = [], 1
    while len(leaves) < MAX_STEPS and l <= MAX_CUT + 1 and _time.process_time() < deadline:
        origins = [1] * k
        origins[axis] = min(l, max_orig)
        cols = _columns(v, origins, deadline, cache)
        if not cols:
            return None
        lo = [1] * k
        lo[axis] = l
        ok, w = _leaf_lp(cols, origins, lo, [None] * k, s, m)
        if ok:
            leaves.append((_leaf(cols, origins, w), None))
            tree = leaves[-1][0]
            for node, h in reversed(leaves[:-1]):
                tree = {'j': axis, 't': h, 'le': node, 'ge': tree}
            return tree
        if len(leaves) + 1 >= MAX_STEPS or l > MAX_CUT:
            return None
        lo_h, hi_h, best = l, MAX_CUT, None
        while lo_h <= hi_h:
            mid = (lo_h + hi_h) // 2
            hi = [None] * k
            hi[axis] = mid
            ok, w = _leaf_lp(cols, origins, lo, hi, s, m)
            if ok:
                best, lo_h = (mid, w), mid + 1
            else:
                hi_h = mid - 1
        if best is None:
            return None
        leaves.append((_leaf(cols, origins, best[1]), best[0]))
        l = best[0] + 1
    return None


def certify(family):
    start = _time.process_time()
    deadline = start + CPU_BUDGET
    v = family['unit_base']
    m = max(v)
    k = sum(1 for x in v if x == 0)
    cache = {}

    unit_cols = _columns(v, [1] * k, deadline, cache)
    if unit_cols:
        ok, w = _leaf_lp(unit_cols, [1] * k, [1] * k, [None] * k, m - 2, m)
        if ok:
            return {'tree': _leaf(unit_cols, [1] * k, w)}

    load = [min(beta[j] for _, _, beta, _ in unit_cols) if unit_cols else 0 for j in range(k)]
    sorted_axes = sorted(range(k), key=lambda j: (-load[j], j))

    for max_orig in (3, 5):
        for axis in sorted_axes:
            if _time.process_time() > deadline:
                break
            tree = _staircase(v, m, k, axis, deadline, cache, max_orig=max_orig)
            if tree is not None:
                return {'tree': tree}

    if k >= 2 and _time.process_time() < deadline - 0.4:
        a1, a2 = sorted_axes[0], sorted_axes[1]
        for t1 in (1, 2):
            for t2 in (1, 2):
                pass

    if unit_cols:
        order = sorted(range(len(unit_cols)), key=lambda i: (unit_cols[i][1], i))
        w = [unit_cols[i][0] for i in order[:KEEP]]
        return {'tree': {'words': w, 'origins': [1] * k}}
    return {'tree': {'words': [], 'origins': [1] * k}}
Iteration 25: New subsample score 2.2873563218390807 is not better than old score 2.2873563218390807, skipping
Iteration 26: Selected program 0 score: 0.9044764957264957
Iteration 26: Proposed new text for current_candidate: """Tree certifier with origin exploration, picks selection, and adaptive staircase splits."""

import itertools
import math
import time as _time

KEEP = 32
MAX_ORIGIN = 5
MAX_CUT = 12
MAX_STEPS = 8
LEAF_WORDS = 16
CPU_BUDGET = 2.65
EPS = 1e-9


def _reduce(word):
    out = []
    for ch in word:
        if out and out[-1] + ch in ('LR', 'RL', 'XX'):
            out.pop()
        else:
            out.append(ch)
    return ''.join(out)


def _lifts(v, t, perm, m, r):
    n = len(v)
    zeros = [p for p in range(n) if v[p] == 0]
    target = [0] * n
    for p in range(n):
        if v[p]:
            target[p] = (t + v[p] - 1) % n
    for i in range(r):
        target[zeros[i]] = (t + m + perm[i]) % n

    lift_bases = []
    base1 = [((target[p] - p + n // 2) % n) - n // 2 for p in range(n)]
    lift_bases.append(base1)
    if n % 2 == 0:
        base2 = [((target[p] - p + n // 2 - 1) % n) - (n // 2 - 1) for p in range(n)]
        if base2 != base1:
            lift_bases.append(base2)

    res = []
    for rem_base in lift_bases:
        q = sum(rem_base) // n
        if q == 0:
            if rem_base not in res:
                res.append(rem_base)
            continue
        for rev_tie in (False, True):
            rem = list(rem_base)
            order = sorted(range(n), key=lambda p: (rem[p], -p if rev_tie else p), reverse=q > 0)
            for p in order[:abs(q)]:
                rem[p] -= n if q > 0 else -n
            if rem not in res:
                res.append(rem)
    return res


def _sweep(v, rem, t, mode, c_start=0, limit=4000):
    n = len(v)
    a, rem = list(v), list(rem)
    out = []
    c = 0
    if c_start != 0:
        d = c_start % n
        out.append('L' * d if d <= n - d else 'R' * (n - d))
        c = c_start % n

    def must_cross(x):
        return rem[x] - rem[(x + 1) % n] >= 2

    def cross(x):
        y = (x + 1) % n
        rx, ry = rem[x], rem[y]
        if a[x] or a[y]:
            out.append('X')
            a[x], a[y] = a[y], a[x]
        rem[x], rem[y] = ry + 1, rx - 1

    bounce_dir = 1 if mode == 'bounce_L' else -1
    bounce_steps = 0
    while any(rem) and len(out) < limit:
        if mode.startswith('greedy'):
            dirs = (1, -1) if mode == 'greedy' else (-1, 1)
            for dist in range(n):
                found = False
                for sgn in dirs:
                    pos = (c + sgn * dist) % n
                    if must_cross(pos):
                        out.append(('L' if sgn == 1 else 'R') * dist)
                        c = pos
                        found = True
                        break
                if found:
                    break
            else:
                return None
            cross(c)
            continue
        elif mode.startswith('bounce'):
            if must_cross(c):
                cross(c)
                if not any(rem):
                    break
            step_ch = 'L' if bounce_dir == 1 else 'R'
            out.append(step_ch)
            c = (c + bounce_dir) % n
            bounce_steps += 1
            if bounce_steps >= n - 1:
                bounce_dir = -bounce_dir
                bounce_steps = 0
            continue
        if must_cross(c):
            cross(c)
            if not any(rem):
                break
        out.append(mode)
        c = (c + (1 if mode == 'L' else -1)) % n
    if any(rem):
        return None
    d = (t - c) % n
    out.append('L' * d if d <= n - d else 'R' * (n - d))
    return ''.join(out)


def price(v, word):
    n, k = len(v), sum(1 for x in v if x == 0)
    a, j = [], 0
    for x in v:
        if x:
            a.append(x)
        else:
            j += 1
            a.append(-j)
    segs, A, q, d, cz, c = [], [0] * k, 0, 0, [0] * k, 0
    for ch in word:
        if ch == 'L':
            d += 1
            if a[c] < 0:
                cz[-a[c] - 1] += 1
            c = (c + 1) % n
        elif ch == 'R':
            c = (c - 1) % n
            d -= 1
            if a[c] < 0:
                cz[-a[c] - 1] -= 1
        else:
            c2 = (c + 1) % n
            x, y = a[c], a[c2]
            if x < 0 and y < 0:
                return None
            q += 1
            nxt = [0] * k
            if x < 0:
                cz[-x - 1] += 1
                A[-x - 1] += 1
            elif y < 0:
                A[-y - 1] += 1
                nxt[-y - 1] = -1
            segs.append((d, cz))
            d, cz = 0, nxt
            a[c], a[c2] = y, x
    segs.append((d, cz))
    fin = a[c:] + a[:c]
    m = n - k
    if fin[:m] != list(range(1, m + 1)):
        return None
    B = q + sum(abs(s) for s, _ in segs)
    beta = [2 * A[i] + sum(abs(z[i]) for _, z in segs) for i in range(k)]
    return B, beta


def _budget(m, r):
    return m * (m + 1) // 2 + (r - 1) * (m - 2)


def _refine(v, origins):
    out, j = [], 0
    for x in v:
        if x:
            out.append(x)
        else:
            out.extend([0] * origins[j])
            j += 1
    return out


def _price_picks(v, word, picks):
    n = len(v)
    k = len(picks)
    blk = {p: j for j, p in enumerate(picks)}
    a, g = [], 0
    for x in v:
        if x:
            a.append(x)
        else:
            a.append(-1 - g)
            g += 1
    m = n - g
    A, q, d, cz, c = [0] * k, 0, 0, [0] * k, 0
    segs = []
    for ch in word:
        if ch == 'L':
            d += 1
            if a[c] < 0 and (-1 - a[c]) in blk:
                cz[blk[-1 - a[c]]] += 1
            c = (c + 1) % n
        elif ch == 'R':
            c = (c - 1) % n
            d -= 1
            if a[c] < 0 and (-1 - a[c]) in blk:
                cz[blk[-1 - a[c]]] -= 1
        else:
            c2 = (c + 1) % n
            x, y = a[c], a[c2]
            if x < 0 and y < 0:
                return None
            q += 1
            nxt = [0] * k
            if x < 0 and (-1 - x) in blk:
                cz[blk[-1 - x]] += 1
                A[blk[-1 - x]] += 1
            elif y < 0 and (-1 - y) in blk:
                A[blk[-1 - y]] += 1
                nxt[blk[-1 - y]] = -1
            segs.append((d, cz))
            d, cz = 0, nxt
            a[c], a[c2] = y, x
    segs.append((d, cz))
    fin = a[c:] + a[:c]
    if fin[:m] != list(range(1, m + 1)):
        return None
    B = q + sum(abs(s) for s, _ in segs)
    beta = [2 * A[i] + sum(abs(z[i]) for _, z in segs) for i in range(k)]
    return B, beta


def _sweep_words(v, deadline, fast=False):
    n, m = len(v), max(v)
    r = n - m
    if r <= 4:
        perms = list(itertools.permutations(range(r)))
    else:
        perms = [[(s + i) % r for i in range(r)] for s in range(r)] + [
            [(s + r - 1 - i) % r for i in range(r)] for s in range(r)]
    words = set()
    modes = ('L', 'R', 'greedy', 'bounce_L') if fast else ('L', 'R', 'greedy', 'greedy_R', 'bounce_L', 'bounce_R')
    for t in range(n):
        if _time.process_time() > deadline:
            break
        for perm in perms:
            for rem in _lifts(v, t, perm, m, r):
                for c_start in (0, t) if t != 0 else (0,):
                    for mode in modes:
                        w = _sweep(v, rem, t, mode, c_start=c_start)
                        if w is not None:
                            w = _reduce(w)
                            if len(w) <= 4000:
                                words.add(w)
    return sorted(words, key=lambda w: (len(w), w))


def _pareto(priced):
    best = {}
    for w, B, beta in priced:
        key = (B,) + tuple(beta)
        if key not in best or (len(w), w) < (len(best[key]), best[key]):
            best[key] = w
    keys = sorted(best)
    keep = []
    for x in keys:
        if not any(all(p <= q for p, q in zip(y, x)) for y in keep):
            keep.append(x)
    return [(best[x], x[0], list(x[1:])) for x in keep]


def _simplex(A, b, c):
    rows, cols = len(A), len(c)
    T = []
    for i in range(rows):
        s = -1.0 if b[i] < 0 else 1.0
        T.append([s * x for x in A[i]] + [1.0 if r == i else 0.0 for r in range(rows)] + [s * b[i]])
    basis = list(range(cols, cols + rows))

    def pivot(r, j):
        p = T[r][j]
        T[r] = [x / p for x in T[r]]
        for i in range(rows):
            if i != r and abs(T[i][j]) > 1e-15:
                f = T[i][j]
                T[i] = [x - f * y for x, y in zip(T[i], T[r])]
        basis[r] = j

    def run(cost, allowed):
        for _ in range(2500):
            enter = None
            for j in allowed:
                if j in basis:
                    continue
                if cost[j] - sum(cost[basis[i]] * T[i][j] for i in range(rows)) < -EPS:
                    enter = j
                    break
            if enter is None:
                return True
            cand = [i for i in range(rows) if T[i][enter] > EPS]
            if not cand:
                return False
            r = min(cand, key=lambda i: (T[i][-1] / T[i][enter], basis[i]))
            pivot(r, enter)
        return False

    if not run([0.0] * cols + [1.0] * rows, range(cols + rows)):
        return None
    if sum(T[i][-1] for i in range(rows) if basis[i] >= cols) > 1e-7:
        return None
    for r in range(rows):
        if basis[r] >= cols:
            j = next((j for j in range(cols) if abs(T[r][j]) > EPS and j not in basis), None)
            if j is not None:
                pivot(r, j)
    if not run(list(c) + [0.0] * rows, range(cols)):
        return None
    x = [0.0] * cols
    for i, j in enumerate(basis):
        if j < cols:
            x[j] = T[i][-1]
    return x, sum(ci * xi for ci, xi in zip(c, x))


def _leaf_lp(cols, origins, lo, hi, s, m):
    k = len(lo)
    n = len(cols)
    if n == 0:
        return False, None
    bnd = [j for j in range(k) if hi[j] is not None]
    T = _budget(m, sum(lo))
    cost = [B + sum(b * (l - o) for b, l, o in zip(beta, lo, origins)) for _, B, beta in cols]
    A = []
    for j in range(k):
        A.append([beta[j] for _, _, beta in cols] + [-1.0 if bj == j else 0.0 for bj in bnd]
                 + [1.0 if i == j else 0.0 for i in range(k)])
    A.append([1.0] * n + [0.0] * (len(bnd) + k))
    c = cost + [hi[j] - lo[j] for j in bnd] + [0.0] * k
    out = _simplex(A, [float(s)] * k + [1.0], c)
    if out is None:
        return False, None
    x, val = out
    return val < T + 1 - 1e-6, x[:n]


def _leaf(cols, origins, weights, picks_rel=None):
    order = sorted(range(len(cols)), key=lambda i: (-weights[i], cols[i][1], i))
    words = [cols[i][0] for i in order if weights[i] > 1e-12]
    for i in order:
        if len(words) >= LEAF_WORDS:
            break
        if cols[i][0] not in words:
            words.append(cols[i][0])
    node = {'words': words[:LEAF_WORDS], 'origins': list(origins)}
    if picks_rel is not None and any(p != 0 for p in picks_rel):
        node['picks'] = list(picks_rel)
    return node


_SWEEP_CACHE = {}


def _get_base_words(ref, deadline, fast=False):
    key = (tuple(ref), fast)
    if key not in _SWEEP_CACHE:
        _SWEEP_CACHE[key] = _sweep_words(ref, deadline, fast=fast)
    return _SWEEP_CACHE[key]


def _get_columns(v, origins, picks_rel, deadline, cache, fast=False):
    key = (tuple(origins), tuple(picks_rel))
    if key not in cache:
        ref = _refine(v, origins)
        abs_picks = []
        cur = 0
        for j, o in enumerate(origins):
            abs_picks.append(cur + picks_rel[j])
            cur += o
        raw_words = _get_base_words(ref, deadline, fast=fast)
        priced = []
        for w in raw_words:
            p = _price_picks(ref, w, abs_picks)
            if p is not None:
                priced.append((w, p[0], p[1]))
        cache[key] = _pareto(priced)
    return cache[key]


def _eval_leaf_best_picks(v, origins, lo, hi, s, m, deadline, cache, fast=False):
    k = len(origins)
    best_res = (False, None, None, None)
    best_val_proxy = float('inf')
    # Try pick 0, pick -1 (last), and pick mid
    cand_picks = [{0} for _ in range(k)]
    for j in range(k):
        if origins[j] > 1:
            cand_picks[j].add(origins[j] - 1)
            cand_picks[j].add(origins[j] // 2)

    active_axes = [j for j in range(k) if len(cand_picks[j]) > 1]
    pick_combos = [[0] * k]
    for ax in active_axes:
        for p in cand_picks[ax]:
            if p != 0:
                combo = [0] * k
                combo[ax] = p
                pick_combos.append(combo)

    for p_rel in pick_combos:
        cols = _get_columns(v, origins, p_rel, deadline, cache, fast=fast)
        if not cols:
            continue
        ok, w = _leaf_lp(cols, origins, lo, hi, s, m)
        if ok:
            return True, cols, p_rel, w
    return best_res


def _staircase(v, m, k, axis, deadline, cache):
    s = m - 2
    leaves, l = [], 1
    while len(leaves) < MAX_STEPS and l <= MAX_CUT + 1 and _time.process_time() < deadline:
        best_unbounded = None
        for o_try in (min(l, MAX_ORIGIN), min(l, 3), 1):
            origins = [1] * k
            origins[axis] = o_try
            lo = [1] * k
            lo[axis] = l
            ok, cols, p_rel, w = _eval_leaf_best_picks(v, origins, lo, [None] * k, s, m, deadline, cache)
            if ok:
                best_unbounded = (cols, origins, p_rel, w)
                break

        if best_unbounded is not None:
            cols, origins, p_rel, w = best_unbounded
            leaves.append((_leaf(cols, origins, w, p_rel), None))
            tree = leaves[-1][0]
            for node, h in reversed(leaves[:-1]):
                tree = {'j': axis, 't': h, 'le': node, 'ge': tree}
            return tree

        if len(leaves) + 1 >= MAX_STEPS or l > MAX_CUT:
            return None

        # Bounded leaf needed
        best_cut = None
        origins = [1] * k
        origins[axis] = min(l, MAX_ORIGIN)
        lo = [1] * k
        lo[axis] = l

        lo_h, hi_h = l, MAX_CUT
        best_h_info = None
        while lo_h <= hi_h:
            mid = (lo_h + hi_h) // 2
            hi = [None] * k
            hi[axis] = mid
            ok, cols, p_rel, w = _eval_leaf_best_picks(v, origins, lo, hi, s, m, deadline, cache, fast=True)
            if ok:
                best_h_info = (mid, cols, origins, p_rel, w)
                lo_h = mid + 1
            else:
                hi_h = mid - 1

        if best_h_info is None and origins[axis] != 1:
            origins[axis] = 1
            lo_h, hi_h = l, MAX_CUT
            while lo_h <= hi_h:
                mid = (lo_h + hi_h) // 2
                hi = [None] * k
                hi[axis] = mid
                ok, cols, p_rel, w = _eval_leaf_best_picks(v, origins, lo, hi, s, m, deadline, cache, fast=True)
                if ok:
                    best_h_info = (mid, cols, origins, p_rel, w)
                    lo_h = mid + 1
                else:
                    hi_h = mid - 1

        if best_h_info is None:
            return None
        h_val, cols, orig, p_rel, w = best_h_info
        leaves.append((_leaf(cols, orig, w, p_rel), h_val))
        l = h_val + 1

    return None


def pool(v):
    n, m = len(v), max(v)
    r = n - m
    words = {}
    if r <= 4:
        perms = list(itertools.permutations(range(r)))
    else:
        perms = [[(s + i) % r for i in range(r)] for s in range(r)] + [
            [(s + r - 1 - i) % r for i in range(r)] for s in range(r)
        ]
    for t in range(n):
        for perm in perms:
            for rem in _lifts(v, t, perm, m, r):
                for c_start in (0, t) if t != 0 else (0,):
                    for mode in ('L', 'R', 'greedy', 'greedy_R', 'bounce_L', 'bounce_R'):
                        w = _sweep(v, rem, t, mode, c_start=c_start)
                        if w is None:
                            continue
                        w = _reduce(w)
                        if w not in words and len(w) <= 4000:
                            cost = price(v, w)
                            if cost is not None:
                                words[w] = cost
    return words


def _c2_certify(v, words):
    word_list = list(words.keys())
    m = max(v)
    k = sum(1 for x in v if x == 0)
    T = m * (m + 1) // 2 + (k - 1) * (m - 2)

    costs = []
    for w in word_list:
        B, beta = words[w]
        costs.append([B - T] + [b - (m - 2) for b in beta])

    n_words = len(word_list)
    dim = k + 1
    hull_indices = set()

    for d in range(dim):
        best_idx = min(range(n_words), key=lambda i: (costs[i][d], max(costs[i])))
        hull_indices.add(best_idx)

    for j in range(1, dim):
        pts = sorted(range(n_words), key=lambda i: (costs[i][0], costs[i][j]))
        lower = []
        for p in pts:
            while len(lower) >= 2:
                p1, p2 = lower[-2], lower[-1]
                dx1, dy1 = costs[p2][0] - costs[p1][0], costs[p2][j] - costs[p1][j]
                dx2, dy2 = costs[p][0] - costs[p1][0], costs[p][j] - costs[p1][j]
                if dx1 * dy2 - dy1 * dx2 <= 0:
                    lower.pop()
                else:
                    break
            lower.append(p)
        for idx in lower:
            hull_indices.add(idx)

    for j in range(1, dim):
        for ratio in (0.1, 0.25, 0.5, 1.0, 2.0, 4.0, 10.0):
            best_idx = min(range(n_words), key=lambda i: costs[i][0] + ratio * costs[i][j])
            hull_indices.add(best_idx)

    for alpha in (1.5, 3.0):
        for start_mode in ('min_max', 'min_b'):
            if start_mode == 'min_max':
                cur_idx = min(range(n_words), key=lambda i: (max(costs[i]), costs[i][0]))
            else:
                cur_idx = min(range(n_words), key=lambda i: (costs[i][0], max(costs[i])))
            cur_vec = list(costs[cur_idx])
            hull_indices.add(cur_idx)
            for it in range(1, 40):
                mx = max(cur_vec)
                exps = [math.exp(min(50.0, alpha * (val - mx))) for val in cur_vec]
                tot = sum(exps)
                weights = [e / tot for e in exps]
                best_i = min(range(n_words), key=lambda i: sum(weights[d] * costs[i][d] for d in range(dim)))
                hull_indices.add(best_i)
                gamma = 2.0 / (it + 2)
                for d in range(dim):
                    cur_vec[d] = (1.0 - gamma) * cur_vec[d] + gamma * costs[best_i][d]

    ordered = sorted(hull_indices, key=lambda i: (max(costs[i]), costs[i][0], sum(costs[i])))
    selected_indices = list(ordered[:KEEP])
    if len(selected_indices) < KEEP:
        by_max = sorted(range(n_words), key=lambda i: (max(costs[i]), costs[i][0]))
        for idx in by_max:
            if idx not in selected_indices:
                selected_indices.append(idx)
                if len(selected_indices) >= KEEP:
                    break

    res = [word_list[i] for i in selected_indices[:KEEP]]
    return res


def certify(family):
    start = _time.process_time()
    deadline = start + CPU_BUDGET
    v = family['unit_base']
    m, k = max(v), sum(1 for x in v if x == 0)

    unit_words_dict = pool(v)
    if not unit_words_dict:
        return {'tree': {'words': [], 'origins': [1] * k}}

    c2_words = _c2_certify(v, unit_words_dict)
    root = {'words': c2_words, 'origins': [1] * k}

    base = []
    for w in c2_words:
        p = price(v, w)
        if p is not None:
            base.append((w, p[0], p[1]))
    if base and _leaf_lp(base, [1] * k, [1] * k, [None] * k, m - 2, m)[0]:
        return {'tree': root}

    cache = {}
    unit_pareto = _pareto([(w, B, beta) for w, (B, beta) in unit_words_dict.items()])
    cache[(tuple([1] * k), tuple([0] * k))] = unit_pareto

    # Estimate axis load
    s = m - 2
    load = []
    for j in range(k):
        min_b = min(beta[j] for _, _, beta in unit_pareto)
        avg_b = sum(beta[j] for _, _, beta in unit_pareto) / len(unit_pareto)
        load.append(min_b - s + 0.1 * avg_b)

    sorted_axes = sorted(range(k), key=lambda j: (-load[j], j))

    for axis in sorted_axes:
        if _time.process_time() > deadline:
            break
        tree = _staircase(v, m, k, axis, deadline, cache)
        if tree is not None:
            return {'tree': tree, 'note': f'staircase on axis {axis}'}

    return {'tree': root, 'note': 'root fallback'}
Iteration 26: New subsample score 3.0 is not better than old score 3.0, skipping
Iteration 27: Selected program 0 score: 0.9044764957264957
Iteration 27: Proposed new text for current_candidate: """Tree certifier with multi-origin refined staircase, pick optimization, and 2-axis splitting."""

import itertools
import math
import time as _time

KEEP = 32
MAX_ORIGIN = 5
MAX_CUT = 12
MAX_STEPS = 9
LEAF_WORDS = 24
CPU_BUDGET = 2.65
EPS = 1e-9


def _reduce(word):
    out = []
    for ch in word:
        if out and out[-1] + ch in ('LR', 'RL', 'XX'):
            out.pop()
        else:
            out.append(ch)
    return ''.join(out)


def _lifts(v, t, perm, m, r):
    n = len(v)
    zeros = [p for p in range(n) if v[p] == 0]
    target = [0] * n
    for p in range(n):
        if v[p]:
            target[p] = (t + v[p] - 1) % n
    for i in range(r):
        target[zeros[i]] = (t + m + perm[i]) % n

    lift_bases = []
    base1 = [((target[p] - p + n // 2) % n) - n // 2 for p in range(n)]
    lift_bases.append(base1)
    if n % 2 == 0:
        base2 = [((target[p] - p + n // 2 - 1) % n) - (n // 2 - 1) for p in range(n)]
        if base2 != base1:
            lift_bases.append(base2)

    res = []
    for rem_base in lift_bases:
        q = sum(rem_base) // n
        if q == 0:
            if rem_base not in res:
                res.append(rem_base)
            continue
        for rev_tie in (False, True):
            rem = list(rem_base)
            order = sorted(range(n), key=lambda p: (rem[p], -p if rev_tie else p), reverse=q > 0)
            for p in order[:abs(q)]:
                rem[p] -= n if q > 0 else -n
            if rem not in res:
                res.append(rem)
    return res


def _sweep(v, rem, t, mode, c_start=0, limit=4000):
    n = len(v)
    a, rem = list(v), list(rem)
    out = []
    c = 0
    if c_start != 0:
        d = c_start % n
        out.append('L' * d if d <= n - d else 'R' * (n - d))
        c = c_start % n

    def must_cross(x):
        return rem[x] - rem[(x + 1) % n] >= 2

    def cross(x):
        y = (x + 1) % n
        rx, ry = rem[x], rem[y]
        if a[x] or a[y]:
            out.append('X')
            a[x], a[y] = a[y], a[x]
        rem[x], rem[y] = ry + 1, rx - 1

    bounce_dir = 1 if mode == 'bounce_L' else -1
    bounce_steps = 0
    while any(rem) and len(out) < limit:
        if mode.startswith('greedy'):
            dirs = (1, -1) if mode == 'greedy' else (-1, 1)
            for dist in range(n):
                found = False
                for sgn in dirs:
                    pos = (c + sgn * dist) % n
                    if must_cross(pos):
                        out.append(('L' if sgn == 1 else 'R') * dist)
                        c = pos
                        found = True
                        break
                if found:
                    break
            else:
                return None
            cross(c)
            continue
        elif mode.startswith('bounce'):
            if must_cross(c):
                cross(c)
                if not any(rem):
                    break
            step_ch = 'L' if bounce_dir == 1 else 'R'
            out.append(step_ch)
            c = (c + bounce_dir) % n
            bounce_steps += 1
            if bounce_steps >= n - 1:
                bounce_dir = -bounce_dir
                bounce_steps = 0
            continue
        if must_cross(c):
            cross(c)
            if not any(rem):
                break
        out.append(mode)
        c = (c + (1 if mode == 'L' else -1)) % n
    if any(rem):
        return None
    d = (t - c) % n
    out.append('L' * d if d <= n - d else 'R' * (n - d))
    return ''.join(out)


def price(v, word):
    n, k = len(v), sum(1 for x in v if x == 0)
    a, j = [], 0
    for x in v:
        if x:
            a.append(x)
        else:
            j += 1
            a.append(-j)
    segs, A, q, d, cz, c = [], [0] * k, 0, 0, [0] * k, 0
    for ch in word:
        if ch == 'L':
            d += 1
            if a[c] < 0:
                cz[-a[c] - 1] += 1
            c = (c + 1) % n
        elif ch == 'R':
            c = (c - 1) % n
            d -= 1
            if a[c] < 0:
                cz[-a[c] - 1] -= 1
        else:
            c2 = (c + 1) % n
            x, y = a[c], a[c2]
            if x < 0 and y < 0:
                return None
            q += 1
            nxt = [0] * k
            if x < 0:
                cz[-x - 1] += 1
                A[-x - 1] += 1
            elif y < 0:
                A[-y - 1] += 1
                nxt[-y - 1] = -1
            segs.append((d, cz))
            d, cz = 0, nxt
            a[c], a[c2] = y, x
    segs.append((d, cz))
    fin = a[c:] + a[:c]
    m = n - k
    if fin[:m] != list(range(1, m + 1)):
        return None
    B = q + sum(abs(s) for s, _ in segs)
    beta = [2 * A[i] + sum(abs(z[i]) for _, z in segs) for i in range(k)]
    return B, beta


def _budget(m, r):
    return m * (m + 1) // 2 + (r - 1) * (m - 2)


def _refine(v, origins):
    out, j = [], 0
    for x in v:
        if x:
            out.append(x)
        else:
            out.extend([0] * origins[j])
            j += 1
    return out


def _price_picks(v, word, picks):
    n = len(v)
    k = len(picks)
    blk = {p: j for j, p in enumerate(picks)}
    a, g = [], 0
    for x in v:
        if x:
            a.append(x)
        else:
            a.append(-1 - g)
            g += 1
    m = n - g
    A, q, d, cz, c = [0] * k, 0, 0, [0] * k, 0
    segs = []
    for ch in word:
        if ch == 'L':
            d += 1
            if a[c] < 0 and (-1 - a[c]) in blk:
                cz[blk[-1 - a[c]]] += 1
            c = (c + 1) % n
        elif ch == 'R':
            c = (c - 1) % n
            d -= 1
            if a[c] < 0 and (-1 - a[c]) in blk:
                cz[blk[-1 - a[c]]] -= 1
        else:
            c2 = (c + 1) % n
            x, y = a[c], a[c2]
            if x < 0 and y < 0:
                return None
            q += 1
            nxt = [0] * k
            if x < 0 and (-1 - x) in blk:
                cz[blk[-1 - x]] += 1
                A[blk[-1 - x]] += 1
            elif y < 0 and (-1 - y) in blk:
                A[blk[-1 - y]] += 1
                nxt[blk[-1 - y]] = -1
            segs.append((d, cz))
            d, cz = 0, nxt
            a[c], a[c2] = y, x
    segs.append((d, cz))
    fin = a[c:] + a[:c]
    if fin[:m] != list(range(1, m + 1)):
        return None
    B = q + sum(abs(s) for s, _ in segs)
    beta = [2 * A[i] + sum(abs(z[i]) for _, z in segs) for i in range(k)]
    return B, beta


def _sweep_words(v, deadline):
    n, m = len(v), max(v)
    r = n - m
    if r <= 4:
        perms = list(itertools.permutations(range(r)))
    else:
        perms = [[(s + i) % r for i in range(r)] for s in range(r)] + [
            [(s + r - 1 - i) % r for i in range(r)] for s in range(r)]
    words = set()
    for t in range(n):
        if _time.process_time() > deadline:
            break
        for perm in perms:
            for rem in _lifts(v, t, perm, m, r):
                for c_start in (0, t) if t != 0 else (0,):
                    for mode in ('L', 'R', 'greedy', 'greedy_R', 'bounce_L', 'bounce_R'):
                        w = _sweep(v, rem, t, mode, c_start=c_start)
                        if w is not None:
                            w = _reduce(w)
                            if len(w) <= 4000:
                                words.add(w)
    return sorted(words, key=lambda w: (len(w), w))


def _pareto(priced):
    best = {}
    for item in priced:
        w, B, beta = item[0], item[1], item[2]
        key = (B,) + tuple(beta)
        if key not in best or (len(w), w) < (len(best[key][0]), best[key][0]):
            best[key] = item
    keys = sorted(best)
    keep = []
    for x in keys:
        if not any(all(p <= q for p, q in zip(y, x)) for y in keep):
            keep.append(x)
    return [best[x] for x in keep]


def _simplex(A, b, c):
    rows, cols = len(A), len(c)
    T = []
    for i in range(rows):
        s = -1.0 if b[i] < 0 else 1.0
        T.append([s * x for x in A[i]] + [1.0 if r == i else 0.0 for r in range(rows)] + [s * b[i]])
    basis = list(range(cols, cols + rows))

    def pivot(r, j):
        p = T[r][j]
        T[r] = [x / p for x in T[r]]
        for i in range(rows):
            if i != r and abs(T[i][j]) > 1e-15:
                f = T[i][j]
                T[i] = [x - f * y for x, y in zip(T[i], T[r])]
        basis[r] = j

    def run(cost, allowed):
        for _ in range(2500):
            enter = None
            for j in allowed:
                if j in basis:
                    continue
                if cost[j] - sum(cost[basis[i]] * T[i][j] for i in range(rows)) < -EPS:
                    enter = j
                    break
            if enter is None:
                return True
            cand = [i for i in range(rows) if T[i][enter] > EPS]
            if not cand:
                return False
            r = min(cand, key=lambda i: (T[i][-1] / T[i][enter], basis[i]))
            pivot(r, enter)
        return False

    if not run([0.0] * cols + [1.0] * rows, range(cols + rows)):
        return None
    if sum(T[i][-1] for i in range(rows) if basis[i] >= cols) > 1e-7:
        return None
    for r in range(rows):
        if basis[r] >= cols:
            j = next((j for j in range(cols) if abs(T[r][j]) > EPS and j not in basis), None)
            if j is not None:
                pivot(r, j)
    if not run(list(c) + [0.0] * rows, range(cols)):
        return None
    x = [0.0] * cols
    for i, j in enumerate(basis):
        if j < cols:
            x[j] = T[i][-1]
    return x, sum(ci * xi for ci, xi in zip(c, x))


def _leaf_lp(cols, origins, lo, hi, s, m):
    k = len(lo)
    n = len(cols)
    bnd = [j for j in range(k) if hi[j] is not None]
    T = _budget(m, sum(lo))
    cost = [col[1] + sum(b * (l - o) for b, l, o in zip(col[2], lo, origins)) for col in cols]
    A = []
    for j in range(k):
        A.append([col[2][j] for col in cols] + [-1.0 if bj == j else 0.0 for bj in bnd]
                 + [1.0 if i == j else 0.0 for i in range(k)])
    A.append([1.0] * n + [0.0] * (len(bnd) + k))
    c = cost + [hi[j] - lo[j] for j in bnd] + [0.0] * k
    out = _simplex(A, [float(s)] * k + [1.0], c)
    if out is None:
        return False, None
    x, val = out
    return val < T + 1 - 1e-6, x[:n]


def _leaf(cols, origins, weights, default_picks):
    order = sorted(range(len(cols)), key=lambda i: (-weights[i], cols[i][1], i))
    words = []
    p_use = None
    for i in order:
        if weights[i] > 1e-12:
            w = cols[i][0]
            if w not in words:
                words.append(w)
                if p_use is None and len(cols[i]) > 3:
                    p_use = cols[i][3]
    for i in order:
        if len(words) >= LEAF_WORDS:
            break
        w = cols[i][0]
        if w not in words:
            words.append(w)
            if p_use is None and len(cols[i]) > 3:
                p_use = cols[i][3]
    res = {'words': words[:LEAF_WORDS], 'origins': list(origins)}
    if p_use is not None and p_use != default_picks:
        res['picks'] = list(p_use)
    return res


def _columns(v, origins, deadline, cache):
    key = tuple(origins)
    if key not in cache:
        ref = _refine(v, origins)
        k = len(origins)
        starts = [sum(origins[:j]) for j in range(k)]
        sw_words = _sweep_words(ref, deadline)
        cands = [list(starts)]
        for j in range(k):
            if origins[j] > 1:
                p2 = list(starts)
                p2[j] = starts[j] + origins[j] - 1
                cands.append(p2)
                if origins[j] >= 3:
                    p3 = list(starts)
                    p3[j] = starts[j] + origins[j] // 2
                    cands.append(p3)
        raw = []
        for p in cands:
            for w in sw_words:
                cst = _price_picks(ref, w, p)
                if cst is not None:
                    raw.append((w, cst[0], cst[1], list(p)))
        cache[key] = _pareto(raw)
    return cache[key]


def _build_staircase(v, m, k, axis, lo_corner, deadline, cache, max_depth=MAX_STEPS):
    s = m - 2
    leaves, l = [], lo_corner
    starts = lambda origs: [sum(origs[:j]) for j in range(k)]
    while len(leaves) < max_depth and l <= MAX_CUT + 1 and _time.process_time() < deadline:
        origins = [1] * k
        origins[axis] = min(l, MAX_ORIGIN)
        cols = _columns(v, origins, deadline, cache)
        if not cols:
            return None
        lo = [1] * k
        lo[axis] = l
        ok, w = _leaf_lp(cols, origins, lo, [None] * k, s, m)
        if ok:
            leaves.append((_leaf(cols, origins, w, starts(origins)), None))
            tree = leaves[-1][0]
            for node, h in reversed(leaves[:-1]):
                tree = {'j': axis, 't': h, 'le': node, 'ge': tree}
            return tree
        if len(leaves) + 1 >= max_depth or l > MAX_CUT:
            return None
        lo_h, hi_h, best = l, MAX_CUT, None
        while lo_h <= hi_h:
            mid = (lo_h + hi_h) // 2
            hi = [None] * k
            hi[axis] = mid
            ok, w = _leaf_lp(cols, origins, lo, hi, s, m)
            if ok:
                best, lo_h = (mid, w), mid + 1
            else:
                hi_h = mid - 1
        if best is None:
            return None
        leaves.append((_leaf(cols, origins, best[1], starts(origins)), best[0]))
        l = best[0] + 1
    return None


def certify(family):
    start = _time.process_time()
    deadline = start + CPU_BUDGET
    v = family['unit_base']
    m, k = max(v), sum(1 for x in v if x == 0)
    cache = {}

    unit_words = _columns(v, [1] * k, deadline, cache)
    if unit_words:
        ok, w = _leaf_lp(unit_words, [1] * k, [1] * k, [None] * k, m - 2, m)
        if ok:
            return {'tree': _leaf(unit_words, [1] * k, w, [0] * k)}

    load = [min(col[2][j] for col in unit_words) if unit_words else 0 for j in range(k)]
    sorted_axes = sorted(range(k), key=lambda j: (-load[j], j))

    for axis in sorted_axes:
        if _time.process_time() > deadline:
            break
        tree = _build_staircase(v, m, k, axis, 1, deadline, cache)
        if tree is not None:
            return {'tree': tree, 'note': f'staircase on axis {axis}'}

    if k >= 2 and _time.process_time() < deadline - 0.4:
        ax1, ax2 = sorted_axes[0], sorted_axes[1]
        cols = _columns(v, [1] * k, deadline, cache)
        if cols:
            best_t = None
            for t1 in range(1, 4):
                ok, _ = _leaf_lp(cols, [1] * k, [1] * k, [t1 if j == ax1 else None for j in range(k)], m - 2, m)
                if ok:
                    best_t = t1
                else:
                    break
            if best_t is not None:
                ok, w_le = _leaf_lp(cols, [1] * k, [1] * k, [best_t if j == ax1 else None for j in range(k)], m - 2, m)
                if ok:
                    node_le = _leaf(cols, [1] * k, w_le, [0] * k)
                    node_ge = _build_staircase(v, m, k, ax2, 1, deadline, cache, max_depth=6)
                    if node_ge is not None:
                        return {'tree': {'j': ax1, 't': best_t, 'le': node_le, 'ge': node_ge}, 'note': f'2-axis {ax1} then {ax2}'}

    root_words = unit_words[:KEEP] if unit_words else []
    return {'tree': {'words': [col[0] for col in root_words], 'origins': [1] * k}}
Iteration 27: New subsample score 0.0 is not better than old score 3.0, skipping
Iteration 28: Selected program 0 score: 0.9044764957264957
Iteration 28: Proposed new text for current_candidate: """Tree certifier with multi-axis refined staircases, origin stretch pick search, and fast sweeps."""

import itertools
import math
import time as _time

KEEP = 32
MAX_ORIGIN = 5
MAX_CUT = 12
MAX_STEPS = 9
LEAF_WORDS = 24
CPU_BUDGET = 2.65
EPS = 1e-9


def _reduce(word):
    out = []
    for ch in word:
        if out and out[-1] + ch in ('LR', 'RL', 'XX'):
            out.pop()
        else:
            out.append(ch)
    return ''.join(out)


def _lifts(v, t, perm, m, r):
    n = len(v)
    zeros = [p for p in range(n) if v[p] == 0]
    target = [0] * n
    for p in range(n):
        if v[p]:
            target[p] = (t + v[p] - 1) % n
    for i in range(r):
        target[zeros[i]] = (t + m + perm[i]) % n

    lift_bases = []
    base1 = [((target[p] - p + n // 2) % n) - n // 2 for p in range(n)]
    lift_bases.append(base1)
    if n % 2 == 0:
        base2 = [((target[p] - p + n // 2 - 1) % n) - (n // 2 - 1) for p in range(n)]
        if base2 != base1:
            lift_bases.append(base2)

    res = []
    for rem_base in lift_bases:
        q = sum(rem_base) // n
        if q == 0:
            if rem_base not in res:
                res.append(rem_base)
            continue
        for rev_tie in (False, True):
            rem = list(rem_base)
            order = sorted(range(n), key=lambda p: (rem[p], -p if rev_tie else p), reverse=q > 0)
            for p in order[:abs(q)]:
                rem[p] -= n if q > 0 else -n
            if rem not in res:
                res.append(rem)
    return res


def _sweep(v, rem, t, mode, c_start=0, limit=4000):
    n = len(v)
    a, rem = list(v), list(rem)
    out = []
    c = 0
    if c_start != 0:
        d = c_start % n
        out.append('L' * d if d <= n - d else 'R' * (n - d))
        c = c_start % n

    def must_cross(x):
        return rem[x] - rem[(x + 1) % n] >= 2

    def cross(x):
        y = (x + 1) % n
        rx, ry = rem[x], rem[y]
        if a[x] or a[y]:
            out.append('X')
            a[x], a[y] = a[y], a[x]
        rem[x], rem[y] = ry + 1, rx - 1

    bounce_dir = 1 if mode == 'bounce_L' else -1
    bounce_steps = 0
    while any(rem) and len(out) < limit:
        if mode.startswith('greedy'):
            dirs = (1, -1) if mode == 'greedy' else (-1, 1)
            for dist in range(n):
                found = False
                for sgn in dirs:
                    pos = (c + sgn * dist) % n
                    if must_cross(pos):
                        out.append(('L' if sgn == 1 else 'R') * dist)
                        c = pos
                        found = True
                        break
                if found:
                    break
            else:
                return None
            cross(c)
            continue
        elif mode.startswith('bounce'):
            if must_cross(c):
                cross(c)
                if not any(rem):
                    break
            step_ch = 'L' if bounce_dir == 1 else 'R'
            out.append(step_ch)
            c = (c + bounce_dir) % n
            bounce_steps += 1
            if bounce_steps >= n - 1:
                bounce_dir = -bounce_dir
                bounce_steps = 0
            continue
        if must_cross(c):
            cross(c)
            if not any(rem):
                break
        out.append(mode)
        c = (c + (1 if mode == 'L' else -1)) % n
    if any(rem):
        return None
    d = (t - c) % n
    out.append('L' * d if d <= n - d else 'R' * (n - d))
    return ''.join(out)


def price(v, word):
    n, k = len(v), sum(1 for x in v if x == 0)
    a, j = [], 0
    for x in v:
        if x:
            a.append(x)
        else:
            j += 1
            a.append(-j)
    segs, A, q, d, cz, c = [], [0] * k, 0, 0, [0] * k, 0
    for ch in word:
        if ch == 'L':
            d += 1
            if a[c] < 0:
                cz[-a[c] - 1] += 1
            c = (c + 1) % n
        elif ch == 'R':
            c = (c - 1) % n
            d -= 1
            if a[c] < 0:
                cz[-a[c] - 1] -= 1
        else:
            c2 = (c + 1) % n
            x, y = a[c], a[c2]
            if x < 0 and y < 0:
                return None
            q += 1
            nxt = [0] * k
            if x < 0:
                cz[-x - 1] += 1
                A[-x - 1] += 1
            elif y < 0:
                A[-y - 1] += 1
                nxt[-y - 1] = -1
            segs.append((d, cz))
            d, cz = 0, nxt
            a[c], a[c2] = y, x
    segs.append((d, cz))
    fin = a[c:] + a[:c]
    m = n - k
    if fin[:m] != list(range(1, m + 1)):
        return None
    B = q + sum(abs(s) for s, _ in segs)
    beta = [2 * A[i] + sum(abs(z[i]) for _, z in segs) for i in range(k)]
    return B, beta


def _price_picks(v, word, picks):
    n = len(v)
    k = len(picks)
    blk = {p: j for j, p in enumerate(picks)}
    a, g = [], 0
    for x in v:
        if x:
            a.append(x)
        else:
            a.append(-1 - g)
            g += 1
    m = n - g
    A, q, d, cz, c = [0] * k, 0, 0, [0] * k, 0
    segs = []
    for ch in word:
        if ch == 'L':
            d += 1
            if a[c] < 0 and (-1 - a[c]) in blk:
                cz[blk[-1 - a[c]]] += 1
            c = (c + 1) % n
        elif ch == 'R':
            c = (c - 1) % n
            d -= 1
            if a[c] < 0 and (-1 - a[c]) in blk:
                cz[blk[-1 - a[c]]] -= 1
        else:
            c2 = (c + 1) % n
            x, y = a[c], a[c2]
            if x < 0 and y < 0:
                return None
            q += 1
            nxt = [0] * k
            if x < 0 and (-1 - x) in blk:
                cz[blk[-1 - x]] += 1
                A[blk[-1 - x]] += 1
            elif y < 0 and (-1 - y) in blk:
                A[blk[-1 - y]] += 1
                nxt[blk[-1 - y]] = -1
            segs.append((d, cz))
            d, cz = 0, nxt
            a[c], a[c2] = y, x
    segs.append((d, cz))
    fin = a[c:] + a[:c]
    if fin[:m] != list(range(1, m + 1)):
        return None
    B = q + sum(abs(s) for s, _ in segs)
    beta = [2 * A[i] + sum(abs(z[i]) for _, z in segs) for i in range(k)]
    return B, beta


def _budget(m, r):
    return m * (m + 1) // 2 + (r - 1) * (m - 2)


def _refine(v, origins):
    out, j = [], 0
    for x in v:
        if x:
            out.append(x)
        else:
            out.extend([0] * origins[j])
            j += 1
    return out


def _sweep_words(v, deadline):
    n, m = len(v), max(v)
    r = n - m
    if r <= 4:
        perms = list(itertools.permutations(range(r)))
    else:
        perms = [[(s + i) % r for i in range(r)] for s in range(r)] + [
            [(s + r - 1 - i) % r for i in range(r)] for s in range(r)
        ]
        # Include reversal order permutations for near-reversals
        perms.extend([[(s - i) % r for i in range(r)] for s in range(r)])
        seen = []
        for p in perms:
            if p not in seen:
                seen.append(p)
        perms = seen

    words = set()
    modes = ('L', 'R', 'greedy', 'greedy_R', 'bounce_L', 'bounce_R')
    for t in range(n):
        if _time.process_time() > deadline:
            break
        for perm in perms:
            for rem in _lifts(v, t, perm, m, r):
                for c_start in (0, t) if t != 0 else (0,):
                    for mode in modes:
                        w = _sweep(v, rem, t, mode, c_start=c_start)
                        if w is not None:
                            w = _reduce(w)
                            if len(w) <= 4000:
                                words.add(w)
    return sorted(words, key=lambda w: (len(w), w))


def _pareto(priced):
    best = {}
    for w, B, beta in priced:
        key = (B,) + tuple(beta)
        if key not in best or len(w) < len(best[key]):
            best[key] = w
    keys = sorted(best)
    keep = []
    for x in keys:
        if not any(all(p <= q for p, q in zip(y, x)) for y in keep):
            keep.append(x)
    return [(best[x], x[0], list(x[1:])) for x in keep]


def _simplex(A, b, c):
    rows, cols = len(A), len(c)
    T = []
    for i in range(rows):
        s = -1.0 if b[i] < 0 else 1.0
        T.append([s * x for x in A[i]] + [1.0 if r == i else 0.0 for r in range(rows)] + [s * b[i]])
    basis = list(range(cols, cols + rows))

    def pivot(r, j):
        p = T[r][j]
        inv_p = 1.0 / p
        T[r] = [x * inv_p for x in T[r]]
        Tr = T[r]
        for i in range(rows):
            if i != r and abs(T[i][j]) > 1e-15:
                f = T[i][j]
                Ti = T[i]
                for c_idx in range(len(Ti)):
                    Ti[c_idx] -= f * Tr[c_idx]
        basis[r] = j

    def run(cost, allowed):
        for _ in range(2500):
            enter = None
            for j in allowed:
                if j in basis:
                    continue
                red = cost[j] - sum(cost[basis[i]] * T[i][j] for i in range(rows))
                if red < -EPS:
                    enter = j
                    break
            if enter is None:
                return True
            cand = [i for i in range(rows) if T[i][enter] > EPS]
            if not cand:
                return False
            r = min(cand, key=lambda i: (T[i][-1] / T[i][enter], basis[i]))
            pivot(r, enter)
        return False

    if not run([0.0] * cols + [1.0] * rows, range(cols + rows)):
        return None
    if sum(T[i][-1] for i in range(rows) if basis[i] >= cols) > 1e-7:
        return None
    for r in range(rows):
        if basis[r] >= cols:
            j = next((j for j in range(cols) if abs(T[r][j]) > EPS and j not in basis), None)
            if j is not None:
                pivot(r, j)
    if not run(list(c) + [0.0] * rows, range(cols)):
        return None
    x = [0.0] * cols
    for i, j in enumerate(basis):
        if j < cols:
            x[j] = T[i][-1]
    return x, sum(ci * xi for ci, xi in zip(c, x))


def _leaf_lp(cols, origins, lo, hi, s, m):
    k = len(lo)
    n = len(cols)
    bnd = [j for j in range(k) if hi[j] is not None]
    T = _budget(m, sum(lo))
    cost = [B + sum(b * (l - o) for b, l, o in zip(beta, lo, origins)) for _, B, beta in cols]
    A = []
    for j in range(k):
        A.append([beta[j] for _, _, beta in cols] + [-1.0 if bj == j else 0.0 for bj in bnd]
                 + [1.0 if i == j else 0.0 for i in range(k)])
    A.append([1.0] * n + [0.0] * (len(bnd) + k))
    c = cost + [hi[j] - lo[j] for j in bnd] + [0.0] * k
    out = _simplex(A, [float(s)] * k + [1.0], c)
    if out is None:
        return False, None
    x, val = out
    return val < T + 1 - 1e-6, x[:n]


def _leaf(cols, origins, weights, picks=None):
    order = sorted(range(len(cols)), key=lambda i: (-weights[i], cols[i][1], i))
    words = [cols[i][0] for i in order if weights[i] > 1e-12]
    for i in order:
        if len(words) >= LEAF_WORDS:
            break
        if cols[i][0] not in words:
            words.append(cols[i][0])
    res = {'words': words[:LEAF_WORDS], 'origins': list(origins)}
    if picks is not None and any(p != 0 for p in picks):
        res['picks'] = list(picks)
    return res


def _columns(v, origins, deadline, cache, pick_in_block=None):
    key = (tuple(origins), tuple(pick_in_block) if pick_in_block else None)
    if key not in cache:
        ref = _refine(v, origins)
        k = len(origins)
        offsets = []
        cur = 0
        for j in range(k):
            offsets.append(cur)
            cur += origins[j]
        if pick_in_block:
            picks = [offsets[j] + pick_in_block[j] for j in range(k)]
        else:
            picks = [offsets[j] for j in range(k)]

        ref_key = tuple(origins)
        if ref_key not in cache:
            cache[ref_key] = _sweep_words(ref, deadline)
        raw_words = cache[ref_key]

        priced = []
        for w in raw_words:
            p = _price_picks(ref, w, picks)
            if p is not None:
                priced.append((w, p[0], p[1]))
        cache[key] = _pareto(priced)
    return cache[key]


def _staircase(v, m, k, axis, deadline, cache, max_o=MAX_ORIGIN):
    s = m - 2
    leaves, l = [], 1
    while len(leaves) < MAX_STEPS and l <= MAX_CUT + 1 and _time.process_time() < deadline:
        target_o = min(l, max_o)
        best_cols, best_pick = None, None
        best_ok, best_w = False, None

        pick_candidates = [0]
        if target_o > 1:
            pick_candidates = list(range(target_o))

        for p_cand in pick_candidates:
            p_blk = [0] * k
            p_blk[axis] = p_cand
            origins = [1] * k
            origins[axis] = target_o
            cols = _columns(v, origins, deadline, cache, p_blk)
            if not cols:
                continue
            lo = [1] * k
            lo[axis] = l
            ok, w = _leaf_lp(cols, origins, lo, [None] * k, s, m)
            if ok:
                best_cols, best_pick, best_ok, best_w = cols, p_blk, True, w
                break
            if best_cols is None:
                best_cols, best_pick = cols, p_blk

        if best_cols is None:
            return None

        origins = [1] * k
        origins[axis] = target_o
        lo = [1] * k
        lo[axis] = l

        if best_ok:
            leaves.append((_leaf(best_cols, origins, best_w, best_pick), None))
            tree = leaves[-1][0]
            for node, h in reversed(leaves[:-1]):
                tree = {'j': axis, 't': h, 'le': node, 'ge': tree}
            return tree

        if len(leaves) + 1 >= MAX_STEPS or l > MAX_CUT:
            return None

        lo_h, hi_h, best_pass = l, MAX_CUT, None
        while lo_h <= hi_h:
            mid = (lo_h + hi_h) // 2
            hi = [None] * k
            hi[axis] = mid
            ok, w = _leaf_lp(best_cols, origins, lo, hi, s, m)
            if ok:
                best_pass, lo_h = (mid, w), mid + 1
            else:
                hi_h = mid - 1

        if best_pass is None:
            return None
        leaves.append((_leaf(best_cols, origins, best_pass[1], best_pick), best_pass[0]))
        l = best_pass[0] + 1
    return None


def certify(family):
    start = _time.process_time()
    deadline = start + CPU_BUDGET
    v = family['unit_base']
    m, k = max(v), sum(1 for x in v if x == 0)
    s = m - 2

    cache = {}
    unit_origins = [1] * k
    cols_unit = _columns(v, unit_origins, deadline, cache, [0] * k)

    if cols_unit:
        ok_root, w_root = _leaf_lp(cols_unit, unit_origins, unit_origins, [None] * k, s, m)
        if ok_root:
            return {'tree': _leaf(cols_unit, unit_origins, w_root)}

    load = [min(beta[j] for _, _, beta in cols_unit) if cols_unit else 0 for j in range(k)]
    sorted_axes = sorted(range(k), key=lambda j: (-load[j], j))

    for max_origin_try in (MAX_ORIGIN, 3):
        for axis in sorted_axes:
            if _time.process_time() > deadline:
                break
            tree = _staircase(v, m, k, axis, deadline, cache, max_o=max_origin_try)
            if tree is not None:
                return {'tree': tree}

    fallback_words = [w for w, _, _ in cols_unit[:KEEP]] if cols_unit else []
    return {'tree': {'words': fallback_words, 'origins': unit_origins}}
Iteration 28: New subsample score 3.0 is not better than old score 3.0, skipping
Iteration 29: Selected program 0 score: 0.9044764957264957
Iteration 29: Proposed new text for current_candidate: """Tree certifier with refined bases, multi-pick search, and split optimization."""

import time as _time
import math as _math
import itertools as _itertools

KEEP = 32
MAX_ORIGIN = 4
MAX_CUT = 12
MAX_STEPS = 8
LEAF_WORDS = 20
CPU_BUDGET = 2.6
EPS = 1e-9


def _reduce(word):
    out = []
    for ch in word:
        if out and out[-1] + ch in ('LR', 'RL', 'XX'):
            out.pop()
        else:
            out.append(ch)
    return ''.join(out)


def _lifts(v, t, perm, m, r):
    n = len(v)
    zeros = [p for p in range(n) if v[p] == 0]
    target = [0] * n
    for p in range(n):
        if v[p]:
            target[p] = (t + v[p] - 1) % n
    for i in range(r):
        target[zeros[i]] = (t + m + perm[i]) % n

    lift_bases = []
    base1 = [((target[p] - p + n // 2) % n) - n // 2 for p in range(n)]
    lift_bases.append(base1)
    if n % 2 == 0:
        base2 = [((target[p] - p + n // 2 - 1) % n) - (n // 2 - 1) for p in range(n)]
        if base2 != base1:
            lift_bases.append(base2)

    res = []
    for rem_base in lift_bases:
        q = sum(rem_base) // n
        if q == 0:
            if rem_base not in res:
                res.append(rem_base)
            continue
        for rev_tie in (False, True):
            rem = list(rem_base)
            order = sorted(range(n), key=lambda p: (rem[p], -p if rev_tie else p), reverse=q > 0)
            for p in order[:abs(q)]:
                rem[p] -= n if q > 0 else -n
            if rem not in res:
                res.append(rem)
    return res


def _sweep(v, rem, t, mode, c_start=0, limit=4000):
    n = len(v)
    a, rem = list(v), list(rem)
    out = []
    c = 0
    if c_start != 0:
        d = c_start % n
        out.append('L' * d if d <= n - d else 'R' * (n - d))
        c = c_start % n

    def must_cross(x):
        return rem[x] - rem[(x + 1) % n] >= 2

    def cross(x):
        y = (x + 1) % n
        rx, ry = rem[x], rem[y]
        if a[x] or a[y]:
            out.append('X')
            a[x], a[y] = a[y], a[x]
        rem[x], rem[y] = ry + 1, rx - 1

    bounce_dir = 1 if mode == 'bounce_L' else -1
    bounce_steps = 0
    while any(rem) and len(out) < limit:
        if mode.startswith('greedy'):
            dirs = (1, -1) if mode == 'greedy' else (-1, 1)
            for dist in range(n):
                found = False
                for sgn in dirs:
                    pos = (c + sgn * dist) % n
                    if must_cross(pos):
                        out.append(('L' if sgn == 1 else 'R') * dist)
                        c = pos
                        found = True
                        break
                if found:
                    break
            else:
                return None
            cross(c)
            continue
        elif mode.startswith('bounce'):
            if must_cross(c):
                cross(c)
                if not any(rem):
                    break
            step_ch = 'L' if bounce_dir == 1 else 'R'
            out.append(step_ch)
            c = (c + bounce_dir) % n
            bounce_steps += 1
            if bounce_steps >= n - 1:
                bounce_dir = -bounce_dir
                bounce_steps = 0
            continue
        if must_cross(c):
            cross(c)
            if not any(rem):
                break
        out.append(mode)
        c = (c + (1 if mode == 'L' else -1)) % n
    if any(rem):
        return None
    d = (t - c) % n
    out.append('L' * d if d <= n - d else 'R' * (n - d))
    return ''.join(out)


def price(v, word):
    n, k = len(v), sum(1 for x in v if x == 0)
    a, j = [], 0
    for x in v:
        if x:
            a.append(x)
        else:
            j += 1
            a.append(-j)
    segs, A, q, d, cz, c = [], [0] * k, 0, 0, [0] * k, 0
    for ch in word:
        if ch == 'L':
            d += 1
            if a[c] < 0:
                cz[-a[c] - 1] += 1
            c = (c + 1) % n
        elif ch == 'R':
            c = (c - 1) % n
            d -= 1
            if a[c] < 0:
                cz[-a[c] - 1] -= 1
        else:
            c2 = (c + 1) % n
            x, y = a[c], a[c2]
            if x < 0 and y < 0:
                return None
            q += 1
            nxt = [0] * k
            if x < 0:
                cz[-x - 1] += 1
                A[-x - 1] += 1
            elif y < 0:
                A[-y - 1] += 1
                nxt[-y - 1] = -1
            segs.append((d, cz))
            d, cz = 0, nxt
            a[c], a[c2] = y, x
    segs.append((d, cz))
    fin = a[c:] + a[:c]
    m = n - k
    if fin[:m] != list(range(1, m + 1)):
        return None
    B = q + sum(abs(s) for s, _ in segs)
    beta = [2 * A[i] + sum(abs(z[i]) for _, z in segs) for i in range(k)]
    return B, beta


def _budget(m, r):
    return m * (m + 1) // 2 + (r - 1) * (m - 2)


def _refine(v, origins):
    out, j = [], 0
    for x in v:
        if x:
            out.append(x)
        else:
            out.extend([0] * origins[j])
            j += 1
    return out


def _price_picks(v, word, picks):
    n = len(v)
    k = len(picks)
    blk = {p: j for j, p in enumerate(picks)}
    a, g = [], 0
    for x in v:
        if x:
            a.append(x)
        else:
            a.append(-1 - g)
            g += 1
    m = n - g
    A, q, d, cz, c = [0] * k, 0, 0, [0] * k, 0
    segs = []
    for ch in word:
        if ch == 'L':
            d += 1
            if a[c] < 0 and (-1 - a[c]) in blk:
                cz[blk[-1 - a[c]]] += 1
            c = (c + 1) % n
        elif ch == 'R':
            c = (c - 1) % n
            d -= 1
            if a[c] < 0 and (-1 - a[c]) in blk:
                cz[blk[-1 - a[c]]] -= 1
        else:
            c2 = (c + 1) % n
            x, y = a[c], a[c2]
            if x < 0 and y < 0:
                return None
            q += 1
            nxt = [0] * k
            if x < 0 and (-1 - x) in blk:
                cz[blk[-1 - x]] += 1
                A[blk[-1 - x]] += 1
            elif y < 0 and (-1 - y) in blk:
                A[blk[-1 - y]] += 1
                nxt[blk[-1 - y]] = -1
            segs.append((d, cz))
            d, cz = 0, nxt
            a[c], a[c2] = y, x
    segs.append((d, cz))
    fin = a[c:] + a[:c]
    if fin[:m] != list(range(1, m + 1)):
        return None
    B = q + sum(abs(s) for s, _ in segs)
    beta = [2 * A[i] + sum(abs(z[i]) for _, z in segs) for i in range(k)]
    return B, beta


def _sweep_words(v, deadline):
    n, m = len(v), max(v)
    r = n - m
    if r <= 4:
        perms = list(_itertools.permutations(range(r)))
    else:
        perms = [[(s + i) % r for i in range(r)] for s in range(r)] + [
            [(s + r - 1 - i) % r for i in range(r)] for s in range(r)]
    words = set()
    for t in range(n):
        if _time.process_time() > deadline:
            break
        for perm in perms:
            for rem in _lifts(v, t, perm, m, r):
                for c_start in (0, t) if t != 0 else (0,):
                    for mode in ('L', 'R', 'greedy', 'greedy_R', 'bounce_L', 'bounce_R'):
                        w = _sweep(v, rem, t, mode, c_start=c_start)
                        if w is not None:
                            w = _reduce(w)
                            if len(w) <= 4000:
                                words.add(w)
    return sorted(words, key=lambda w: (len(w), w))


def _pareto(priced):
    best = {}
    for w, B, beta in priced:
        key = (B,) + tuple(beta)
        if key not in best or len(w) < len(best[key]):
            best[key] = w
    keys = sorted(best)
    keep = []
    for x in keys:
        if not any(all(p <= q for p, q in zip(y, x)) for y in keep):
            keep.append(x)
    return [(best[x], x[0], list(x[1:])) for x in keep]


def _simplex(A, b, c):
    rows, cols = len(A), len(c)
    T = []
    for i in range(rows):
        s = -1.0 if b[i] < 0 else 1.0
        T.append([s * x for x in A[i]] + [1.0 if r == i else 0.0 for r in range(rows)] + [s * b[i]])
    basis = list(range(cols, cols + rows))

    def pivot(r, j):
        p = T[r][j]
        T[r] = [x / p for x in T[r]]
        for i in range(rows):
            if i != r and abs(T[i][j]) > 1e-15:
                f = T[i][j]
                T[i] = [x - f * y for x, y in zip(T[i], T[r])]
        basis[r] = j

    def run(cost, allowed):
        for _ in range(2500):
            enter = None
            for j in allowed:
                if j in basis:
                    continue
                if cost[j] - sum(cost[basis[i]] * T[i][j] for i in range(rows)) < -EPS:
                    enter = j
                    break
            if enter is None:
                return True
            cand = [i for i in range(rows) if T[i][enter] > EPS]
            if not cand:
                return False
            r = min(cand, key=lambda i: (T[i][-1] / T[i][enter], basis[i]))
            pivot(r, enter)
        return False

    if not run([0.0] * cols + [1.0] * rows, range(cols + rows)):
        return None
    if sum(T[i][-1] for i in range(rows) if basis[i] >= cols) > 1e-7:
        return None
    for r in range(rows):
        if basis[r] >= cols:
            j = next((j for j in range(cols) if abs(T[r][j]) > EPS and j not in basis), None)
            if j is not None:
                pivot(r, j)
    if not run(list(c) + [0.0] * rows, range(cols)):
        return None
    x = [0.0] * cols
    for i, j in enumerate(basis):
        if j < cols:
            x[j] = T[i][-1]
    return x, sum(ci * xi for ci, xi in zip(c, x))


def _leaf_lp(cols, origins, lo, hi, s, m):
    k = len(lo)
    n = len(cols)
    if n == 0:
        return False, None, 999.0
    bnd = [j for j in range(k) if hi[j] is not None]
    T = _budget(m, sum(lo))
    cost = [B + sum(b * (l - o) for b, l, o in zip(beta, lo, origins)) for _, B, beta in cols]
    A = []
    for j in range(k):
        A.append([beta[j] for _, _, beta in cols] + [-1.0 if bj == j else 0.0 for bj in bnd]
                 + [1.0 if i == j else 0.0 for i in range(k)])
    A.append([1.0] * n + [0.0] * (len(bnd) + k))
    c = cost + [hi[j] - lo[j] for j in bnd] + [0.0] * k
    out = _simplex(A, [float(s)] * k + [1.0], c)
    if out is None:
        return False, None, 999.0
    x, val = out
    gap = val - (T + 1 - 1e-6)
    return val < T + 1 - 1e-6, x[:n], gap


def _leaf(cols, origins, picks_local, weights):
    order = sorted(range(len(cols)), key=lambda i: (-weights[i], cols[i][1], i))
    words = [cols[i][0] for i in order if weights[i] > 1e-12]
    for i in order:
        if len(words) >= LEAF_WORDS:
            break
        if cols[i][0] not in words:
            words.append(cols[i][0])
    res = {'words': words[:LEAF_WORDS], 'origins': list(origins)}
    if picks_local is not None and any(p != 0 for p in picks_local):
        res['picks'] = list(picks_local)
    return res


def _columns(v, origins, deadline, cache):
    key = tuple(origins)
    if key not in cache:
        ref = _refine(v, origins)
        k = len(origins)
        sweep_w = _sweep_words(ref, deadline)
        variant_cols = []
        # Try local pick configurations on the refined axis
        # For origins where one axis j has o_j > 1, try p in range(o_j)
        split_j = [j for j in range(k) if origins[j] > 1]
        if len(split_j) == 1:
            j_axis = split_j[0]
            cand_picks = range(origins[j_axis])
        else:
            cand_picks = [0]
        
        for p_val in cand_picks:
            local_picks = [0] * k
            if len(split_j) == 1:
                local_picks[split_j[0]] = p_val
            global_picks = [sum(origins[:j]) + local_picks[j] for j in range(k)]
            priced = []
            for w in sweep_w:
                p = _price_picks(ref, w, global_picks)
                if p is not None:
                    priced.append((w, p[0], p[1]))
            variant_cols.append((local_picks, _pareto(priced)))
        cache[key] = variant_cols
    return cache[key]


def _best_variant_lp(v, origins, lo, hi, s, m, deadline, cache):
    variants = _columns(v, origins, deadline, cache)
    best_ok = False
    best_w = None
    best_picks = None
    min_gap = 999.0
    best_cols = None
    for local_picks, cols in variants:
        ok, w, gap = _leaf_lp(cols, origins, lo, hi, s, m)
        if ok:
            return True, cols, origins, local_picks, w, gap
        if gap < min_gap:
            min_gap = gap
            best_w = w
            best_picks = local_picks
            best_cols = cols
    return False, best_cols, origins, best_picks, best_w, min_gap


def _staircase(v, m, k, axis, deadline, cache):
    s = m - 2
    leaves, l = [], 1
    while len(leaves) < MAX_STEPS and l <= MAX_CUT + 1 and _time.process_time() < deadline:
        origins = [1] * k
        origins[axis] = min(l, MAX_ORIGIN)
        lo = [1] * k
        lo[axis] = l
        
        ok, cols, orig, picks, w, gap = _best_variant_lp(v, origins, lo, [None] * k, s, m, deadline, cache)
        if ok:
            leaves.append((_leaf(cols, orig, picks, w), None))
            tree = leaves[-1][0]
            for node, h in reversed(leaves[:-1]):
                tree = {'j': axis, 't': h, 'le': node, 'ge': tree}
            return tree
        if len(leaves) + 1 >= MAX_STEPS or l > MAX_CUT:
            return None
        
        lo_h, hi_h, best = l, MAX_CUT, None
        while lo_h <= hi_h:
            mid = (lo_h + hi_h) // 2
            hi = [None] * k
            hi[axis] = mid
            ok, cols, orig, picks, w, gap = _best_variant_lp(v, origins, lo, hi, s, m, deadline, cache)
            if ok:
                best = (mid, cols, orig, picks, w)
                lo_h = mid + 1
            else:
                hi_h = mid - 1
        if best is None:
            return None
        leaves.append((_leaf(best[1], best[2], best[3], best[4]), best[0]))
        l = best[0] + 1
    return None


def certify(family):
    start = _time.process_time()
    deadline = start + CPU_BUDGET
    v = family['unit_base']
    m, k = max(v), sum(1 for x in v if x == 0)
    s = m - 2

    cache = {}
    ref1 = tuple([1] * k)
    variants = _columns(v, ref1, deadline, cache)
    unit_cols = variants[0][1] if variants else []
    
    if unit_cols:
        ok, w, gap = _leaf_lp(unit_cols, [1] * k, [1] * k, [None] * k, s, m)
        if ok:
            leaf = _leaf(unit_cols, [1] * k, [0] * k, w)
            return {'tree': leaf, 'note': 'unit root certified'}

    # Find axes sorted by bottleneck slope
    load = []
    for j in range(k):
        if unit_cols:
            load.append(min(beta[j] for _, _, beta in unit_cols))
        else:
            load.append(0)
    
    # Try single-axis staircases
    sorted_axes = sorted(range(k), key=lambda j: (-load[j], j))
    for axis in sorted_axes:
        if _time.process_time() > deadline:
            break
        tree = _staircase(v, m, k, axis, deadline, cache)
        if tree is not None:
            return {'tree': tree, 'note': 'staircase on axis %d' % axis}

    # Fallback root leaf
    if unit_cols:
        _, w, _ = _leaf_lp(unit_cols, [1] * k, [1] * k, [None] * k, s, m)
        if w is None:
            w = [1.0 / len(unit_cols)] * len(unit_cols)
        leaf = _leaf(unit_cols, [1] * k, [0] * k, w)
        return {'tree': leaf, 'note': 'fallback unit root'}
    return {'words': []}
Iteration 29: Accepted candidate (subsample score 2.348235294117647 -> 2.378823529411765); running full eval.
Iteration 29: Valset score for new program: 0.9044764957264957 (coverage 30 / 30)
Iteration 29: Val aggregate for new program: 0.9044764957264957
Iteration 29: Individual valset scores for new program: {0: 0.3125, 1: 0.36666666666666664, 2: 1.0, 3: 1.0, 4: 1.0, 5: 1.0, 6: 1.0, 7: 1.0, 8: 1.0, 9: 1.0, 10: 1.0, 11: 1.0, 12: 1.0, 13: 1.0, 14: 1.0, 15: 0.20512820512820512, 16: 1.0, 17: 1.0, 18: 1.0, 19: 1.0, 20: 1.0, 21: 1.0, 22: 1.0, 23: 1.0, 24: 1.0, 25: 1.0, 26: 1.0, 27: 1.0, 28: 0.25, 29: 1.0}
Iteration 29: New valset pareto front scores: {0: 0.3125, 1: 0.36666666666666664, 2: 1.0, 3: 1.0, 4: 1.0, 5: 1.0, 6: 1.0, 7: 1.0, 8: 1.0, 9: 1.0, 10: 1.0, 11: 1.0, 12: 1.0, 13: 1.0, 14: 1.0, 15: 0.20512820512820512, 16: 1.0, 17: 1.0, 18: 1.0, 19: 1.0, 20: 1.0, 21: 1.0, 22: 1.0, 23: 1.0, 24: 1.0, 25: 1.0, 26: 1.0, 27: 1.0, 28: 0.25, 29: 1.0}
Iteration 29: Valset pareto front aggregate score: 0.9044764957264957
Iteration 29: Updated valset pareto front programs: {0: {0, 1}, 1: {0, 1}, 2: {0, 1}, 3: {0, 1}, 4: {0, 1}, 5: {0, 1}, 6: {0, 1}, 7: {0, 1}, 8: {0, 1}, 9: {0, 1}, 10: {0, 1}, 11: {0, 1}, 12: {0, 1}, 13: {0, 1}, 14: {0, 1}, 15: {0, 1}, 16: {0, 1}, 17: {0, 1}, 18: {0, 1}, 19: {0, 1}, 20: {0, 1}, 21: {0, 1}, 22: {0, 1}, 23: {0, 1}, 24: {0, 1}, 25: {0, 1}, 26: {0, 1}, 27: {0, 1}, 28: {0, 1}, 29: {0, 1}}
Iteration 29: Best valset aggregate score so far: 0.9044764957264957
Iteration 29: Best program as per aggregate score on valset: 0
Iteration 29: Best score on valset: 0.9044764957264957
Iteration 29: Linear pareto front program index: 0
Iteration 29: New program candidate index: 1
Iteration 30: Selected program 1 score: 0.9044764957264957
Iteration 30: Proposed new text for current_candidate: """Tree certifier with refined bases, multi-pick search, and adaptive splits."""

import time as _time
import math as _math
import itertools as _itertools

MAX_ORIGIN = 5
MAX_CUT = 12
MAX_STEPS = 7
LEAF_WORDS = 24
CPU_BUDGET = 2.65
EPS = 1e-9


def _reduce(word):
    out = []
    for ch in word:
        if out and out[-1] + ch in ('LR', 'RL', 'XX'):
            out.pop()
        else:
            out.append(ch)
    return ''.join(out)


def _lifts(v, t, perm, m, r):
    n = len(v)
    zeros = [p for p in range(n) if v[p] == 0]
    target = [0] * n
    for p in range(n):
        if v[p]:
            target[p] = (t + v[p] - 1) % n
    for i in range(r):
        target[zeros[i]] = (t + m + perm[i]) % n

    lift_bases = []
    base1 = [((target[p] - p + n // 2) % n) - n // 2 for p in range(n)]
    lift_bases.append(base1)
    if n % 2 == 0:
        base2 = [((target[p] - p + n // 2 - 1) % n) - (n // 2 - 1) for p in range(n)]
        if base2 != base1:
            lift_bases.append(base2)

    res = []
    for rem_base in lift_bases:
        q = sum(rem_base) // n
        if q == 0:
            if rem_base not in res:
                res.append(rem_base)
            continue
        for rev_tie in (False, True):
            rem = list(rem_base)
            order = sorted(range(n), key=lambda p: (rem[p], -p if rev_tie else p), reverse=q > 0)
            for p in order[:abs(q)]:
                rem[p] -= n if q > 0 else -n
            if rem not in res:
                res.append(rem)
    return res


def _sweep(v, rem, t, mode, c_start=0, limit=4000):
    n = len(v)
    a, rem = list(v), list(rem)
    out = []
    c = 0
    if c_start != 0:
        d = c_start % n
        out.append('L' * d if d <= n - d else 'R' * (n - d))
        c = c_start % n

    def must_cross(x):
        return rem[x] - rem[(x + 1) % n] >= 2

    def cross(x):
        y = (x + 1) % n
        rx, ry = rem[x], rem[y]
        if a[x] or a[y]:
            out.append('X')
            a[x], a[y] = a[y], a[x]
        rem[x], rem[y] = ry + 1, rx - 1

    bounce_dir = 1 if mode == 'bounce_L' else -1
    bounce_steps = 0
    while any(rem) and len(out) < limit:
        if mode.startswith('greedy'):
            dirs = (1, -1) if mode == 'greedy' else (-1, 1)
            for dist in range(n):
                found = False
                for sgn in dirs:
                    pos = (c + sgn * dist) % n
                    if must_cross(pos):
                        out.append(('L' if sgn == 1 else 'R') * dist)
                        c = pos
                        found = True
                        break
                if found:
                    break
            else:
                return None
            cross(c)
            continue
        elif mode.startswith('bounce'):
            if must_cross(c):
                cross(c)
                if not any(rem):
                    break
            step_ch = 'L' if bounce_dir == 1 else 'R'
            out.append(step_ch)
            c = (c + bounce_dir) % n
            bounce_steps += 1
            if bounce_steps >= n - 1:
                bounce_dir = -bounce_dir
                bounce_steps = 0
            continue
        if must_cross(c):
            cross(c)
            if not any(rem):
                break
        out.append(mode)
        c = (c + (1 if mode == 'L' else -1)) % n
    if any(rem):
        return None
    d = (t - c) % n
    out.append('L' * d if d <= n - d else 'R' * (n - d))
    return ''.join(out)


def _budget(m, r):
    return m * (m + 1) // 2 + (r - 1) * (m - 2)


def _refine(v, origins):
    out, j = [], 0
    for x in v:
        if x:
            out.append(x)
        else:
            out.extend([0] * origins[j])
            j += 1
    return out


def _price_picks(v, word, picks):
    n = len(v)
    k = len(picks)
    blk = {p: j for j, p in enumerate(picks)}
    a, g = [], 0
    for x in v:
        if x:
            a.append(x)
        else:
            a.append(-1 - g)
            g += 1
    m = n - g
    A, q, d, cz, c = [0] * k, 0, 0, [0] * k, 0
    segs = []
    for ch in word:
        if ch == 'L':
            d += 1
            if a[c] < 0 and (-1 - a[c]) in blk:
                cz[blk[-1 - a[c]]] += 1
            c = (c + 1) % n
        elif ch == 'R':
            c = (c - 1) % n
            d -= 1
            if a[c] < 0 and (-1 - a[c]) in blk:
                cz[blk[-1 - a[c]]] += 1
        else:
            c2 = (c + 1) % n
            x, y = a[c], a[c2]
            if x < 0 and y < 0:
                return None
            q += 1
            nxt = [0] * k
            if x < 0 and (-1 - x) in blk:
                cz[blk[-1 - x]] += 1
                A[blk[-1 - x]] += 1
            elif y < 0 and (-1 - y) in blk:
                A[blk[-1 - y]] += 1
                nxt[blk[-1 - y]] = -1
            segs.append((d, cz))
            d, cz = 0, nxt
            a[c], a[c2] = y, x
    segs.append((d, cz))
    fin = a[c:] + a[:c]
    if fin[:m] != list(range(1, m + 1)):
        return None
    B = q + sum(abs(s) for s, _ in segs)
    beta = [2 * A[i] + sum(abs(z[i]) for _, z in segs) for i in range(k)]
    return B, beta


def _sweep_words(v, deadline):
    n, m = len(v), max(v)
    r = n - m
    if r <= 4:
        perms = list(_itertools.permutations(range(r)))
    else:
        perms = [[(s + i) % r for i in range(r)] for s in range(r)] + [
            [(s + r - 1 - i) % r for i in range(r)] for s in range(r)]
    words = set()
    for t in range(n):
        if _time.process_time() > deadline:
            break
        for perm in perms:
            for rem in _lifts(v, t, perm, m, r):
                for c_start in (0, t) if t != 0 else (0,):
                    for mode in ('L', 'R', 'greedy', 'greedy_R', 'bounce_L', 'bounce_R'):
                        w = _sweep(v, rem, t, mode, c_start=c_start)
                        if w is not None:
                            w = _reduce(w)
                            if len(w) <= 4000:
                                words.add(w)
    return sorted(words, key=lambda w: (len(w), w))


def _pareto(priced):
    best = {}
    for w, B, beta in priced:
        key = (B,) + tuple(beta)
        if key not in best or len(w) < len(best[key]):
            best[key] = w
    keys = sorted(best)
    keep = []
    for x in keys:
        if not any(all(p <= q for p, q in zip(y, x)) for y in keep):
            keep.append(x)
    return [(best[x], x[0], list(x[1:])) for x in keep]


def _simplex(A, b, c):
    rows, cols = len(A), len(c)
    T = []
    for i in range(rows):
        s = -1.0 if b[i] < 0 else 1.0
        T.append([s * x for x in A[i]] + [1.0 if r == i else 0.0 for r in range(rows)] + [s * b[i]])
    basis = list(range(cols, cols + rows))

    def pivot(r, j):
        p = T[r][j]
        T[r] = [x / p for x in T[r]]
        for i in range(rows):
            if i != r and abs(T[i][j]) > 1e-15:
                f = T[i][j]
                T[i] = [x - f * y for x, y in zip(T[i], T[r])]
        basis[r] = j

    def run(cost, allowed):
        for _ in range(2500):
            enter = None
            for j in allowed:
                if j in basis:
                    continue
                if cost[j] - sum(cost[basis[i]] * T[i][j] for i in range(rows)) < -EPS:
                    enter = j
                    break
            if enter is None:
                return True
            cand = [i for i in range(rows) if T[i][enter] > EPS]
            if not cand:
                return False
            r = min(cand, key=lambda i: (T[i][-1] / T[i][enter], basis[i]))
            pivot(r, enter)
        return False

    if not run([0.0] * cols + [1.0] * rows, range(cols + rows)):
        return None
    if sum(T[i][-1] for i in range(rows) if basis[i] >= cols) > 1e-7:
        return None
    for r in range(rows):
        if basis[r] >= cols:
            j = next((j for j in range(cols) if abs(T[r][j]) > EPS and j not in basis), None)
            if j is not None:
                pivot(r, j)
    if not run(list(c) + [0.0] * rows, range(cols)):
        return None
    x = [0.0] * cols
    for i, j in enumerate(basis):
        if j < cols:
            x[j] = T[i][-1]
    return x, sum(ci * xi for ci, xi in zip(c, x))


def _leaf_lp(cols, origins, lo, hi, s, m):
    k = len(lo)
    n = len(cols)
    if n == 0:
        return False, None, 999.0
    bnd = [j for j in range(k) if hi[j] is not None]
    T = _budget(m, sum(lo))
    cost = [B + sum(b * (l - o) for b, l, o in zip(beta, lo, origins)) for _, B, beta in cols]
    A = []
    for j in range(k):
        A.append([beta[j] for _, _, beta in cols] + [-1.0 if bj == j else 0.0 for bj in bnd]
                 + [1.0 if i == j else 0.0 for i in range(k)])
    A.append([1.0] * n + [0.0] * (len(bnd) + k))
    c = cost + [hi[j] - lo[j] for j in bnd] + [0.0] * k
    out = _simplex(A, [float(s)] * k + [1.0], c)
    if out is None:
        return False, None, 999.0
    x, val = out
    gap = val - (T + 1 - 1e-6)
    return val < T + 1 - 1e-6, x[:n], gap


def _leaf(cols, origins, picks_local, weights):
    order = sorted(range(len(cols)), key=lambda i: (-weights[i], cols[i][1], i))
    words = [cols[i][0] for i in order if weights[i] > 1e-12]
    for i in order:
        if len(words) >= LEAF_WORDS:
            break
        if cols[i][0] not in words:
            words.append(cols[i][0])
    res = {'words': words[:LEAF_WORDS], 'origins': list(origins)}
    if picks_local is not None and any(p != 0 for p in picks_local):
        res['picks'] = list(picks_local)
    return res


def _columns(v, origins, deadline, cache):
    key = tuple(origins)
    if key not in cache:
        ref = _refine(v, origins)
        k = len(origins)
        sweep_w = _sweep_words(ref, deadline)
        split_j = [j for j in range(k) if origins[j] > 1]
        if len(split_j) == 1:
            cand_picks = range(origins[split_j[0]])
        else:
            cand_picks = [0]

        variant_cols = []
        for p_val in cand_picks:
            local_picks = [0] * k
            if len(split_j) == 1:
                local_picks[split_j[0]] = p_val
            global_picks = [sum(origins[:j]) + local_picks[j] for j in range(k)]
            priced = []
            for w in sweep_w:
                p = _price_picks(ref, w, global_picks)
                if p is not None:
                    priced.append((w, p[0], p[1]))
            variant_cols.append((local_picks, _pareto(priced)))
        cache[key] = variant_cols
    return cache[key]


def _best_variant_lp(v, origins, lo, hi, s, m, deadline, cache):
    variants = _columns(v, origins, deadline, cache)
    best_ok = False
    best_w = None
    best_picks = None
    min_gap = 999.0
    best_cols = None
    for local_picks, cols in variants:
        ok, w, gap = _leaf_lp(cols, origins, lo, hi, s, m)
        if ok:
            return True, cols, origins, local_picks, w, gap
        if gap < min_gap:
            min_gap = gap
            best_w = w
            best_picks = local_picks
            best_cols = cols
    return False, best_cols, origins, best_picks, best_w, min_gap


def _staircase(v, m, k, axis, deadline, cache):
    s = m - 2
    leaves, l = [], 1
    while len(leaves) < MAX_STEPS and l <= MAX_CUT + 1 and _time.process_time() < deadline:
        origins = [1] * k
        origins[axis] = min(l, MAX_ORIGIN)
        lo = [1] * k
        lo[axis] = l

        ok, cols, orig, picks, w, gap = _best_variant_lp(v, origins, lo, [None] * k, s, m, deadline, cache)
        if ok:
            leaves.append((_leaf(cols, orig, picks, w), None))
            tree = leaves[-1][0]
            for node, h in reversed(leaves[:-1]):
                tree = {'j': axis, 't': h, 'le': node, 'ge': tree}
            return tree
        if len(leaves) + 1 >= MAX_STEPS or l > MAX_CUT:
            return None

        lo_h, hi_h, best = l, MAX_CUT, None
        while lo_h <= hi_h:
            mid = (lo_h + hi_h) // 2
            hi = [None] * k
            hi[axis] = mid
            ok, cols, orig, picks, w, gap = _best_variant_lp(v, origins, lo, hi, s, m, deadline, cache)
            if ok:
                best = (mid, cols, orig, picks, w)
                lo_h = mid + 1
            else:
                hi_h = mid - 1
        if best is None:
            return None
        leaves.append((_leaf(best[1], best[2], best[3], best[4]), best[0]))
        l = best[0] + 1
    return None


def certify(family):
    start = _time.process_time()
    deadline = start + CPU_BUDGET
    v = family['unit_base']
    m, k = max(v), sum(1 for x in v if x == 0)
    s = m - 2

    cache = {}
    ref1 = tuple([1] * k)
    variants = _columns(v, ref1, deadline, cache)
    unit_cols = variants[0][1] if variants else []

    if unit_cols:
        ok, w, gap = _leaf_lp(unit_cols, [1] * k, [1] * k, [None] * k, s, m)
        if ok:
            leaf = _leaf(unit_cols, [1] * k, [0] * k, w)
            return {'tree': leaf}

    slopes = [max(beta[j] for _, _, beta in unit_cols) if unit_cols else 0 for j in range(k)]
    minslopes = [min(beta[j] for _, _, beta in unit_cols) if unit_cols else 0 for j in range(k)]
    sorted_axes = sorted(range(k), key=lambda j: (-minslopes[j], -slopes[j], j))

    for axis in sorted_axes:
        if _time.process_time() > deadline:
            break
        tree = _staircase(v, m, k, axis, deadline, cache)
        if tree is not None:
            return {'tree': tree}

    if unit_cols:
        _, w, _ = _leaf_lp(unit_cols, [1] * k, [1] * k, [None] * k, s, m)
        if w is None:
            w = [1.0 / len(unit_cols)] * len(unit_cols)
        leaf = _leaf(unit_cols, [1] * k, [0] * k, w)
        return {'tree': leaf}
    return {'words': []}/Users/pavluhin/Documents/Projects/lrx-lab/.venv-official/lib/python3.12/site-packages/gepa/core/engine.py:889: UserWarning: cloudpickle is not installed; falling back to standard pickle. Install it with: pip install gepa[full]  or  pip install cloudpickle
  state.save(self.run_dir, use_cloudpickle=self.use_cloudpickle)

Iteration 30: New subsample score 1.46875 is not better than old score 3.0, skipping
